date,issue,residual_count,initial_soc_kwh,final_soc_kwh,planned_cost,emergency_cost,total_cost,calibration_used,theta,day_seconds
2025-02-01,True,24,2221.9802068350846,9868.614629470898,22462.408286092385,0.0,22462.408286092385,True,"[-414.27890453752457, -709.7119352147768, 0.0, -5090.717431412796, 0.0, -4877.759984542402, 0.0]",0.3793545000080485
2025-02-02,True,25,9868.614629470898,3154.2553262433876,61341.19412939003,0.0,61341.19412939003,True,"[-7702.46486072691, -6904.999949057705, 0.0, -4298.871329353621, 0.0, -7046.200805177733, 0.0]",0.3849404999928083
2025-02-03,True,26,3154.2553262433876,2460.469434708996,63757.56986904958,0.0,63757.56986904958,True,"[-8406.873438843195, -6845.172369299053, 0.0, -650.9406354872144, 0.0, -4260.621795241161, 0.0]",0.3480362999980571
2025-02-04,True,27,2460.469434708996,2404.0540956931213,64633.778993346554,0.0,64633.778993346554,True,"[-7305.571403453678, -3664.9303437403346, 0.0, -713.9805870833143, 0.0, -1392.3262427246286, 0.0]",0.31541599999764003
2025-02-05,True,28,2404.0540956931213,2844.166893227512,64089.390222793445,0.0,64089.390222793445,True,"[-4170.949953424117, -8543.08847063273, 0.0, -5529.764220557242, 0.0, -6041.417452232895, 0.0]",0.3164254000002984
2025-02-06,True,29,2844.166893227512,2369.4710653968277,64458.4286735466,96.53080316190497,64554.95947670851,True,"[-6795.6052650201655, -6578.753101728408, 0.0, -7698.865341068327, 0.0, -4597.288759042365, 0.0]",0.3060449000040535
2025-02-07,True,30,2369.4710653968277,1844.189021659895,18465.126706656676,0.0,18465.126706656676,True,"[-9361.73996005623, -5718.947616741183, 0.0, -4715.207205869596, 0.0, -821.2876604615474, 0.0]",0.29832999999052845
2025-02-08,True,31,1844.189021659895,9950.861428439151,19727.841439918895,0.0,19727.841439918895,True,"[-6753.717702348877, -2610.944678710542, 0.0, -3884.2954770095835, 0.0, -1586.2517024881988, 0.0]",0.3073739999963436
2025-02-09,True,32,9950.861428439151,1751.2429128836006,56485.05556907652,0.0,56485.05556907652,True,"[-2255.9002043914015, -5465.007850286859, 0.0, -9528.200849886576, 0.0, -3603.4913662002673, 0.0]",0.3098366000049282
2025-02-10,True,33,1751.2429128836006,2485.578483994711,60025.68398038733,0.0,60025.68398038733,True,"[-847.9440411392744, -5932.283951262269, 0.0, -1397.3680972711077, 0.0, -4089.7043013618304, 0.0]",0.28741879999870434
2025-02-11,True,34,2485.578483994711,1671.1700068253956,58185.62879595312,28.397929200000082,58214.02672515312,True,"[-1158.2526590672317, -6997.390453462208, 0.0, -2806.1868247059983, 0.0, -2393.1988324691624, 0.0]",0.3229562999913469
2025-02-12,True,35,1671.1700068253956,2270.3593786507927,58206.40747855782,0.0,58206.40747855782,True,"[-8177.6187654927635, -3122.387600552373, 0.0, -3501.875580301868, 0.0, -4831.735857427779, 0.0]",0.30977599999459926
2025-02-13,True,36,2270.3593786507927,1814.7108901851902,56732.5934142448,74.25823899166718,56806.85165323647,True,"[-571.253075067963, -4752.916431717749, 0.0, -2088.391264120658, 0.0, -5074.205734293113, 0.0]",0.352587899993523
2025-02-14,True,37,1814.7108901851902,1824.813804053073,15792.039220617517,0.0,15792.039220617517,True,"[-8183.041270576749, -8313.505112289771, 0.0, -956.4297930050515, 0.0, -5339.589583315674, 0.0]",0.43337899999460205
2025-02-15,True,38,1824.813804053073,2916.921012804232,16492.320275715738,0.0,16492.320275715738,True,"[-6740.208656876159, -1851.3960802021802, 0.0, -2439.9522005359936, 0.0, -5628.553852514225, 0.0]",0.4952993000042625
2025-02-16,True,39,2916.921012804232,3119.699123306881,55600.02595331059,0.0,55600.02595331059,True,"[-7150.746225380206, -3669.0861694771697, 0.0, -8611.93529260568, 0.0, -8993.234019100575, 0.0]",0.5645266999927117
2025-02-17,True,40,3119.699123306881,2340.9019780158765,54359.672046765125,0.0,54359.672046765125,True,"[-5090.310410124365, -5104.598237461129, 0.0, -7267.569230372335, 0.0, -682.8116256814873, 0.0]",0.6478186000022106
2025-02-18,True,41,2340.9019780158765,2736.141994894182,53813.05053947111,0.0,53813.05053947111,False,"[-9600.0, -9600.0, 0.0, -9600.0, 0.0, -9600.0, 0.0]",0.6205929999996442
2025-02-19,True,42,2736.141994894182,1482.651865634922,53228.79086828316,189.48271500000016,53418.27358328316,True,"[-6193.779862968973, -7311.165321637144, -0.775897031737625, -2424.6102074440805, -1.2654299622073668, -831.2306758797256, 0.2661066180291587]",0.6326732999878004
2025-02-20,True,42,1482.651865634922,1798.2242678571454,53923.890440297015,0.0,53923.890440297015,True,"[-7156.551055207598, -1043.3517965777173, -1.0913947258771723, -4849.026917109073, -1.9510171396513731, -3090.185510621334, -0.9627705784125209]",0.6671792999986792
2025-02-21,True,42,1798.2242678571454,2406.1670891534413,15680.727675627206,0.0,15680.727675627206,True,"[-4764.8117109823725, -895.6484398653594, 0.59744880854426, -5110.253180049556, 0.13451815433153191, -3026.628466409666, 0.5020158047698944]",0.6123359999910463
2025-02-22,True,42,2406.1670891534413,6356.4977140476185,16905.8887187556,0.0,16905.8887187556,True,"[-3236.7785934257563, -5677.443954956521, -0.34866073826722954, -6459.079211935001, 1.6814053809317921, -3282.625102232333, -0.23400149365709777]",0.6151479999971343
2025-02-23,True,42,6356.4977140476185,1729.4233826190484,50240.29229423033,0.0,50240.29229423033,True,"[-3375.8885578130935, -6476.547414284268, 1.5655916754750772, -5215.983023736935, 0.6479579682486514, -1097.2495558035994, -1.7455582115376695]",0.6506956999946851
2025-02-24,True,42,1729.4233826190484,2586.029156455031,52207.77504721374,215.34203001309464,52423.11707722684,True,"[-1795.806538933933, -8531.162663135574, 1.442121505388788, -2863.4423346400768, -1.9007217126265736, -9179.7266006756, 1.0860120515220686]",0.6736625000048662
2025-02-25,True,42,2586.029156455031,2399.019155132277,50724.10177197073,0.0,50724.10177197073,True,"[-5750.14823058218, -5033.020380570079, 0.11507622269282747, -5913.12733666673, -1.8038548524358298, -529.8210452611108, 1.6612383228967769]",0.6804608999955235
2025-02-26,True,42,2399.019155132277,2284.927775978834,51066.42877480122,0.0,51066.42877480122,True,"[-2150.988858923556, -650.1975139169076, 1.9843132377328656, -3018.2390548035255, -1.306085513922538, -9103.711005380752, 1.3753668308852247]",0.7314807000075234
2025-02-27,True,42,2284.927775978834,1848.390727169312,48844.75012711574,0.0,48844.75012711574,True,"[-5241.68157770365, -2158.8579066249804, 0.619589447884211, -1767.6014087470771, 0.7014256173701536, -8603.78346833144, -0.0578433488578729]",0.656883800009382
2025-02-28,True,42,1848.390727169312,1797.2384830158735,14699.081886632666,0.0,14699.081886632666,True,"[-2533.3994038624105, -6260.271434595903, 0.35015713466225584, -3964.0316022166253, 0.9330528541601306, -6858.295105943243, -1.0549326468959037]",0.657191199992667
2025-03-01,True,42,1797.2384830158735,9905.212059920637,17622.3315622258,0.0,17622.3315622258,True,"[-198.66479075814283, -9119.856614610468, -0.33875420227632924, -6912.550610523654, -0.77493043754936, -3908.6095529897784, -1.8302847276324268]",0.6977717000117991
2025-03-02,True,42,9905.212059920637,1507.613935740741,45882.3966185866,13115.250517705728,58997.64713629233,True,"[-3533.5011330677416, -4130.046426232474, 1.740198309197075, -2639.3043457446893, 1.9290884843308493, -1428.1575045774257, -0.5106321454702367]",0.6436365999979898
2025-03-03,True,42,1507.613935740741,2978.1122898148146,51148.22554769375,6241.213618077529,57389.43916577128,True,"[-2881.8058936281504, -4952.099216020115, -1.3218334131962781, -2697.77173149454, 1.229434481837834, -8030.60230133621, -0.2532765806845563]",0.6943867999943905
2025-03-04,True,42,2978.1122898148146,1851.602564682539,50777.15878370641,0.0,50777.15878370641,True,"[-6296.999700901646, -2722.2532718652556, -1.1869832884182607, -402.85892881115757, 0.4600354398335078, -767.3293478045864, 0.9819254569885811]",0.7532768999953987
2025-03-05,True,42,1851.602564682539,2517.593058492062,51124.163109176734,0.0,51124.163109176734,True,"[-382.69625999436767, -8505.510371354967, -0.7620936182692521, -507.75761690943887, -0.8701525712485179, -8485.596391492723, 0.4268532725128713]",0.8336462000006577
2025-03-06,True,42,2517.593058492062,1838.1966903174623,50677.636460825495,0.0,50677.636460825495,True,"[-8100.55215180787, -9537.27030697231, -1.6714344493479913, -398.135000158808, -0.9459393797622286, -7302.8139495418845, -1.105810564504222]",0.7041905000078259
2025-03-07,True,42,1838.1966903174623,1958.708815026454,14371.517431850029,0.0,14371.517431850029,True,"[-293.0875363689438, -84.2857254045505, 0.7103849734170127, -6401.863671483896, 0.967511891546736, -4111.243781426657, 1.6807152890535875]",0.6948339999944437
2025-03-08,True,42,1958.708815026454,4278.529409365084,14384.394727085055,0.0,14384.394727085055,True,"[-2835.160110056645, -4862.186991617176, 1.4664001505698891, -2945.0439541712253, -0.17884220298340558, -6221.128195798405, 1.0304568699771126]",0.711484700004803
2025-03-09,True,42,4278.529409365084,1886.6551989690201,46522.995126594236,0.0,46522.995126594236,True,"[-7789.058176766589, -1975.8992021628294, 0.7731661554314986, -707.5572147475618, -0.4281677024062145, -3497.2883431464516, 0.4494668800710677]",0.7350430999940727
2025-03-10,True,42,1886.6551989690201,1833.4111164285728,48288.13137460107,0.0,48288.13137460107,True,"[-3680.950183420716, -5241.685826452921, -0.056939646874422545, -397.9514632357276, -0.07935545539201061, -8347.445987608866, 0.6123924604187723]",0.7536452999920584
2025-03-11,True,42,1833.4111164285728,2093.6236573544998,47138.70497031976,0.0,47138.70497031976,True,"[-3753.041719294151, -8781.097603624547, -1.1219218931257644, -355.1430716265216, -1.8857674089679701, -6469.010632774988, 1.1724482095359305]",0.6827450999990106
2025-03-12,True,42,2093.6236573544998,2360.0158709879997,46105.23423990143,0.0,46105.23423990143,True,"[-2019.0512028290243, -6900.1377297751615, -1.3895649877893406, -366.27213786058945, 0.9850267439608751, -6157.79734998601, 0.23930032726465011]",0.6551921000063885
2025-03-13,True,42,2360.0158709879997,1630.3169412962961,45672.57492279397,5552.350487012311,51224.92540980628,True,"[-5035.405579736754, -921.7548395252493, -0.21250246513346105, -392.55841382764913, 1.8406611157329698, -9366.129984690648, 0.5079315855782665]",0.6799347999913152
2025-03-14,True,42,1630.3169412962961,2507.063173783069,13042.098699750853,0.0,13042.098699750853,True,"[-7460.152444045608, -5252.329425592527, 1.2649743280890609, -3840.6928208209856, -0.3090389501970532, -1532.1079271757167, -0.3992983263190073]",0.6724490999913542
2025-03-15,True,42,2507.063173783069,9572.629954761904,15836.253638853093,24.110202479747546,15860.36384133284,True,"[-5094.081707459569, -6417.52001194433, -0.16083383103720417, -6143.430912561093, -0.48170019759803795, -475.509840490232, -1.009720217276218]",0.6631875000020955
2025-03-16,True,42,9572.629954761904,3561.0154605555563,42669.956516994935,0.0,42669.956516994935,True,"[-3986.441880512815, -425.35284628532395, -0.7243861756836307, -612.6934164381715, -0.2787254339023797, -1751.157310335159, 1.3204701396019463]",0.668760000000475
2025-03-17,True,42,3561.0154605555563,2952.4270495238115,44014.24583865955,0.0,44014.24583865955,True,"[-6693.156536518696, -1416.9627768431037, -0.6205538698324413, -445.79360082920374, -0.7000968435559096, -2631.4972973566496, 1.8229424464112145]",0.6571723999950336
2025-03-18,True,42,2952.4270495238115,1822.3884415608486,42951.10074777447,0.0,42951.10074777447,True,"[-7967.999191358375, -2755.1563613230883, -0.772427372154374, -404.67795603858224, -0.277126008754109, -8962.410052115269, -1.574069198253413]",0.7573125000053551
2025-03-19,True,42,1822.3884415608486,3048.026654682536,43714.67354651671,0.0,43714.67354651671,True,"[-4261.801521261735, -8129.4825991430325, 1.978831110124169, -532.2966224539357, -0.821918084384591, -3329.301759721184, -1.1340292517091908]",0.6795889000059105
2025-03-20,True,42,3048.026654682536,2139.350034894182,43767.76795990812,0.0,43767.76795990812,True,"[-275.5354125224951, -2559.8815102392145, -1.9071703136975466, -519.1035375423351, 0.03289471167850122, -1058.26206627199, 1.1312634630111416]",0.7572171999927377
2025-03-21,True,42,2139.350034894182,2187.027189074071,12828.194647103635,0.0,12828.194647103635,True,"[-3709.750580108855, -3933.9086737014027, 1.8564502975594417, -2632.3635244956686, 1.5380831853052945, -4313.628368705064, 0.5058832964632063]",0.693254199999501
2025-03-22,True,42,2187.027189074071,10800.0,16157.42112113143,0.0,16157.42112113143,True,"[-2453.0081747471327, -5419.824707665138, -1.2128870381228392, -9444.123314810457, 1.0623820958932244, -200.23440054299505, 0.2670302390085211]",0.6687436000065645
2025-03-23,True,42,10800.0,1735.24634827098,37145.864930199095,0.0,37145.864930199095,True,"[-6139.964010141799, -4247.878665516001, 0.4916779041037169, -521.0499292683959, -1.4183086783453045, -5579.430662325173, -0.30278957638735227]",0.6699073999916436
2025-03-24,True,42,1735.24634827098,2606.027550211642,41485.07261068805,0.0,41485.07261068805,True,"[-6170.374908394515, -5560.762536665141, 0.2094006751966515, -356.13124103155513, -0.6197598157790085, -874.4986576546065, 0.04098225576392078]",0.6604212999955053
2025-03-25,True,42,2606.027550211642,1628.8563003703723,40614.63061013629,0.0,40614.63061013629,True,"[-6188.8922458536135, -2415.967997720878, 0.19273713905626444, -553.4911113966764, 0.2903081276890185, -2879.452850001273, -0.8803800944079909]",0.6851924999937182
2025-03-26,True,42,1628.8563003703723,2436.482073333336,40960.03175431481,0.0,40960.03175431481,True,"[-3841.7061057236847, -3274.7082394188315, -0.3318683439849224, -635.2553067370242, -0.7693884462429721, -4811.236925566377, 1.69877227381056]",0.6764847999875201
2025-03-27,True,42,2436.482073333336,1850.9749200456008,39975.007472411555,0.0,39975.007472411555,True,"[-2834.4907099001844, -6975.708916884988, 1.9215272806735948, -548.408972789678, -1.0524676607771521, -6766.858799159929, 1.5707426124029453]",0.8224348000076134
2025-03-28,True,42,1850.9749200456008,2135.352803703703,12476.173369892036,0.0,12476.173369892036,True,"[-511.07087988030634, -1497.5768009993972, -1.8933750266573295, -1136.1091562999793, -1.2709877079238063, -4238.138255923823, -0.8882392355967761]",0.6859602000040468
2025-03-29,True,42,2135.352803703703,6155.8331229629675,13563.247139615196,0.0,13563.247139615196,True,"[-6038.386410350656, -4447.326420911422, -0.5049979156480822, -6795.223067496844, -0.1767785344882793, -1968.1530591879007, -0.3510793113107282]",0.5001899999915622
2025-03-30,True,42,6155.8331229629675,2055.4472724867737,36721.85400526441,0.0,36721.85400526441,True,"[-6975.514590021693, -6378.7146986497, -0.05528434763316836, -403.77696680284885, 1.255175476380952, -1052.0543853156785, 0.44736517348693106]",0.5836838999966858
2025-03-31,True,42,2055.4472724867737,2489.870290036396,38818.190098301864,366.9150255904365,39185.1051238923,True,"[-5782.309250994314, -7463.825629506836, 0.2466483523660412, -372.19522588247924, -0.316457877545655, -2811.110541054999, -1.4623440585560792]",0.5173304000054486
2025-04-01,True,42,2489.870290036396,1793.4124597883513,39740.95853123217,1594.932172155953,41335.890703388126,True,"[-9271.778770083776, -5188.945036083855, 1.5984449069923081, -427.13624872275597, -0.9480282519318801, -5329.3361333991015, 0.38012103961803634]",0.5326961999962805
2025-04-02,True,42,1793.4124597883513,1826.6790561031396,39622.568585618996,7529.509284078573,47152.07786969757,True,"[-3770.3846921147297, -1823.6383447794221, 0.11565844450145635, -493.3486761087849, -0.6229081976590538, -2608.190900056032, -1.5719480761578986]",0.543630200001644
2025-04-03,True,42,1826.6790561031396,1907.3434351594658,40410.77654464339,0.0,40410.77654464339,True,"[-8895.10104666592, -6448.960709745704, 0.8799101167169381, -501.9160953576968, 0.20152886572007134, -8828.652793771354, 0.9894711537553631]",0.5352533999976004
2025-04-04,True,42,1907.3434351594658,1973.4361122222194,11754.088562318659,0.0,11754.088562318659,True,"[-5187.4934997382115, -4464.989937122322, 0.9700316643811617, -731.2989370745142, 1.4824593376005835, -7770.275675817482, 0.18902435542696683]",0.5322197000059532
2025-04-05,True,42,1973.4361122222194,10649.79814383598,15159.010438311641,0.0,15159.010438311641,True,"[-5824.219205710499, -6792.8527399687155, -0.5074154830664526, -2314.4101741707013, 0.4207576163464948, -3064.19415542013, 1.027720568029273]",0.48844080000708345
2025-04-06,True,42,10649.79814383598,2064.017430396827,35566.89223248525,0.0,35566.89223248525,False,"[-9600.0, -9600.0, 0.0, -9600.0, 0.0, -9600.0, 0.0]",0.4823121999943396
2025-04-07,True,42,2064.017430396827,2425.3836394303094,38895.134938718824,0.0,38895.134938718824,True,"[-2758.839959940706, -5997.63133854109, -1.9828819656254248, -513.4677050632793, -1.8546436030701536, -2627.154223832504, 1.466797429328785]",0.5579905000049621
2025-04-08,True,42,2425.3836394303094,2248.3113348412735,38802.08076662535,0.0,38802.08076662535,True,"[-8471.514030604481, -4969.161577140908, 1.1345256094557654, -496.2578856179341, -1.8919938058725374, -8374.777965670848, -0.4601957546348754]",0.48765009999624453
2025-04-09,True,42,2248.3113348412735,2345.102820555558,38573.295116680434,0.0,38573.295116680434,True,"[-8625.98325695929, -4348.4623468155805, 1.753766134290752, -670.968997489836, -0.42549656062278274, -9599.333335409689, 1.8231499459926903]",0.48905950000334997
2025-04-10,True,42,2345.102820555558,1889.8881006351833,38650.33896231685,0.0,38650.33896231685,True,"[-4194.186523580927, -8752.194774765641, 0.7963324169619685, -9141.154101968035, -0.08699456858547205, -5214.5626183342365, -1.1254254850038006]",0.47690029999648686
2025-04-11,True,42,1889.8881006351833,1862.4236340476134,11480.381230831243,0.0,11480.381230831243,True,"[-4412.321158142458, -103.22140880575787, 1.532000032487867, -2097.0198596368987, -0.7767322533201302, -8768.734878224128, -0.3503640967408381]",0.41776159999426454
2025-04-12,True,42,1862.4236340476134,9490.576671746034,14202.016178732601,0.0,14202.016178732601,True,"[-3897.9764697855253, -2543.66231160293, 0.24240189743537055, -2604.671443182578, 0.015726616868534382, -5286.548661067934, 1.6165364255861014]",0.48761999999987893
2025-04-13,True,42,9490.576671746034,1858.8648481216915,34365.32578304643,0.0,34365.32578304643,True,"[-602.5233116515647, -2570.5012538050614, -0.13022800264120615, -2024.5885661518016, -1.734849308943533, -7604.955967592678, 0.523924064641764]",0.5008489000028931
2025-04-14,True,42,1858.8648481216915,1790.2017924603167,37313.723212644385,0.0,37313.723212644385,True,"[-3723.0120010836126, -6070.667409932256, -1.5701647884275678, -633.4183198401689, -1.7527028110164768, -4900.020514070201, 0.7638065941532135]",0.49962519999826327
2025-04-15,True,42,1790.2017924603167,3599.2358257142873,37831.822983440696,0.0,37831.822983440696,True,"[-5863.047663695852, -6143.417365062655, 1.504100399037033, -3368.4602499192706, 1.112029428142372, -1359.2938329757676, -1.6912528118936083]",0.5341052000003401
2025-04-16,True,42,3599.2358257142873,2066.784240952381,36875.55287522022,0.0,36875.55287522022,True,"[-8633.717596837954, -7797.729692703638, -1.7356619477653656, -8701.07579095935, 1.253486681716522, -2871.2362470221224, 0.6966330392274567]",0.5079725999967195
2025-04-17,True,42,2066.784240952381,2120.3545759523813,36950.39694701687,0.0,36950.39694701687,True,"[-206.13211310962674, -1647.1641332967104, -1.8466755328698414, -5594.979656843858, -0.4417912541891309, -6073.405145982559, -0.4803224891385629]",0.5382389000005787
2025-04-18,True,42,2120.3545759523813,2422.9515080952415,11371.027278751248,0.0,11371.027278751248,True,"[-5687.430524062216, -3028.441007363074, -1.4506409402332379, -8573.91754668481, -0.4135996112875442, -2044.1956149920625, -1.2296919657855687]",0.4670751000085147
2025-04-19,True,42,2422.9515080952415,6587.632152883596,12607.86714373511,0.0,12607.86714373511,True,"[-2669.5147696178383, -1874.6641114762128, -1.5163208126968566, -3485.6849863228535, 0.6287629688857512, -3533.090284121791, -1.5818985946987203]",0.5112389999994775
2025-04-20,True,42,6587.632152883596,2126.6580468253956,33946.07210236865,0.0,33946.07210236865,True,"[-3445.949743536437, -3022.92625501917, 1.1544412229872933, -1975.8185113643365, 1.2030515442498602, -4589.860857095816, 1.0980495578333933]",0.48569090000819415
2025-04-21,True,42,2126.6580468253956,1808.6006649999995,36191.301873571065,0.0,36191.301873571065,True,"[-6991.268699273799, -7210.099602790519, -1.0908326532744215, -2084.901304159371, 0.5317378847682352, -8048.972405979694, -0.4165614427750315]",0.5278487999894423
2025-04-22,True,42,1808.6006649999995,3413.2495854232775,36664.27148355204,0.0,36664.27148355204,True,"[-3597.692343505138, -469.5762403453429, 0.41118667561909295, -8925.405566945676, -0.845685012540025, -517.2976629235691, 1.4375878957729489]",0.5233449999941513
2025-04-23,True,42,3413.2495854232775,2186.48552542328,35806.18614208182,0.0,35806.18614208182,True,"[-3170.3633536680295, -9536.600661419416, -0.08093390708712489, -1211.8145478055208, -1.6400061653052092, -6053.911473478862, -1.1030950509203645]",0.42765899999358226
2025-04-24,True,42,2186.48552542328,1914.6318273809552,35404.631957440935,0.0,35404.631957440935,True,"[-952.4200490139372, -4248.142030601866, 0.28911418457221183, -594.2669830332505, -0.39321870556352145, -5086.645221854325, -0.4037489331424158]",0.5943128000071738
2025-04-25,True,42,1914.6318273809552,1664.5814596560851,10398.60768452508,0.0,10398.60768452508,True,"[-797.2946075166433, -388.6430665047534, 0.3356743629952388, -7679.848355896271, -0.5103910225812884, -703.8883592201049, 1.2239396959337476]",0.7013314000068931
2025-04-26,True,42,1664.5814596560851,9622.455440612668,13675.073932868794,0.0,13675.073932868794,True,"[-6660.68366163086, -5884.3151856825825, 1.4653933212090378, -2583.103616864846, -0.14960736104083727, -3367.4567169849906, 0.289557039571652]",0.7298982000065735
2025-04-27,True,42,9622.455440612668,1560.0683159259256,29522.29491201978,3139.748422707187,32662.043334726968,True,"[-6718.007332741703, -976.5529641198384, -1.2865375606663416, -714.1284975533974, -0.7371487793810201, -660.6667052778054, 0.5687146614223941]",0.5554362999973819
2025-04-28,True,42,1560.0683159259256,1742.7041185185187,34837.49122960269,16763.4172287923,51600.90845839499,True,"[-6732.821514543209, -911.7486430308762, 0.7861190717812603, -2352.7042693346593, -1.0540675823601808, -2078.8747758912214, 1.6507103121336106]",0.482658499997342
2025-04-29,True,42,1742.7041185185187,1941.0575751851854,34510.3006129822,974.5686786359829,35484.86929161818,True,"[-2969.9260147249665, -5169.086567516611, -0.9079221435716203, -534.8603932772157, -0.15542092893643678, -1661.0202653506165, 0.6787495940707586]",0.5259518999955617
2025-04-30,True,42,1941.0575751851854,2437.6408198187437,34547.25583455416,0.0,34547.25583455416,True,"[-4583.677085007629, -3645.4536955438202, -0.5169117796556548, -470.5239670260955, -0.4621839428231853, -779.3977593776315, -0.8621896654247281]",0.5737220999872079
2025-05-01,True,42,2437.6408198187437,1213.1835,34739.23952577083,10540.330413985926,45279.56993975675,True,"[-6090.159901429134, -1975.735963683248, -1.1983474345636247, -2092.670873156686, 0.6747994790696974, -830.2921372647724, -0.6799419794068817]",0.5311102999985451
2025-05-02,True,42,1213.1835,1200.0,11501.301469806202,6924.245680155616,18425.547149961818,False,"[0.0, 0.0, 0.0, 0.0, 0.0, 0.0, 0.0]",0.5355574000132037
2025-05-03,True,42,1200.0,1895.716926851852,11905.73610676385,4709.791240220674,16615.527346984523,False,"[0.0, 0.0, 0.0, 0.0, 0.0, 0.0, 0.0]",0.5644084999948973
2025-05-04,True,42,1895.716926851852,1276.37601,37539.39877305539,4924.911803410612,42464.31057646601,True,"[-7029.589849335962, -8123.481062419438, -0.9669564839920768, -980.272455139033, -0.10306072689097268, -3682.0128998556315, -0.6503135616150071]",0.5707705000095302
2025-05-05,True,42,1276.37601,1230.6944999999998,38228.625650522794,7963.578008454042,46192.20365897684,False,"[0.0, 0.0, 0.0, 0.0, 0.0, 0.0, 0.0]",0.4977855000033742
2025-05-06,True,42,1230.6944999999998,1251.4279825925926,38298.03536308295,3134.5663149274656,41432.60167801041,True,"[-2002.6126214835663, -5365.389882099556, -1.4545403663583953, -559.5080156852447, 1.5606474915873174, -731.9526056361013, -0.5884968962673116]",0.507983300005435
2025-05-07,True,42,1251.4279825925926,2080.2027612962956,39391.63442137181,4062.352286056362,43453.98670742817,True,"[-5690.4201958857275, -9058.372355712605, 0.0029648695086135213, -561.9689162726293, 1.5080634530429098, -927.3032544182456, 0.8506868986085605]",0.5148281000001589
2025-05-08,True,42,2080.2027612962956,3673.8723696560874,42149.86788388046,172.97545819638006,42322.84334207684,True,"[-7324.6858748224595, -2738.8318409590156, 0.935817395206711, -1493.8178337951456, -0.4933605320961514, -4498.126723727513, 0.11682488981771533]",0.5935798000136856
2025-05-09,True,42,3673.8723696560874,3751.152824814813,13987.302794692072,0.0,13987.302794692072,True,"[-2988.307269952141, -1006.582245086025, 1.5363564631096498, -201.47142788320912, 0.9704431775905671, -4166.664360602684, 0.30394921316666057]",0.544705399996019
2025-05-10,True,42,3751.152824814813,9762.458382037035,16437.32769231208,0.0,16437.32769231208,True,"[-8213.338644556201, -5136.93932420898, 0.680095771226541, -146.826151291895, 1.315428825130096, -6781.559027369794, -1.663766133609856]",0.5687720999994781
2025-05-11,True,42,9762.458382037035,2992.7246262169315,38191.141728836286,179.42644999999962,38370.568178836285,True,"[-3858.5642151347834, -1979.1829551447997, -1.0423724708744806, -1654.4837968032584, 0.3259808463498852, -4928.698913924564, -0.800129029889185]",0.584838499999023
2025-05-12,True,42,2992.7246262169315,3274.2930432275125,41644.369417621885,0.0,41644.369417621885,True,"[-7230.561835241764, -5510.2839267673135, 0.12074444646786775, -1556.6426120114404, 0.05673377514726008, -5670.182768269554, 0.5876839732872106]",0.511762300011469
2025-05-13,True,42,3274.2930432275125,3408.452374391536,40965.67709132269,0.0,40965.67709132269,True,"[-3882.9318161566716, -8586.193877742575, 1.1921476883393254, -1466.8352843760172, -1.0951712892302279, -4962.033826272662, 1.9413837060229824]",0.4867956999951275
2025-05-14,True,42,3408.452374391536,3007.025776111111,40510.00395595289,0.0,40510.00395595289,True,"[-8515.309601419394, -5651.009164387656, -1.4930228410236204, -1017.1012376156582, 0.19820484603866584, -807.4950965895905, -1.2022222238082163]",0.7023829000099795
2025-05-15,True,42,3007.025776111111,3460.6884457607607,40417.413486593476,0.0,40417.413486593476,True,"[-3107.8034865587183, -3520.961126369027, 1.3147257409802018, -488.30572732832354, -1.0329807651956089, -5702.010157556646, -0.4429870621891716]",0.4931451000011293
2025-05-16,True,42,3460.6884457607607,2433.886342328048,12687.386279794391,0.0,12687.386279794391,False,"[-9600.0, -9600.0, 0.0, -9600.0, 0.0, -9600.0, 0.0]",0.5127018999919528
2025-05-17,True,42,2433.886342328048,3233.7245326190523,13412.50520286798,231.52809179642873,13644.033294664408,True,"[-9474.490466152714, -3050.5370339669125, 0.980006747529031, -3.3434536222287647, 0.7471782122944801, -5382.614440851736, 0.14961607958796908]",0.47417240000504535
2025-05-18,True,42,3233.7245326190523,2958.607968528864,38783.7690031737,0.0,38783.7690031737,True,"[-7458.2079946400745, -1408.5134959770305, -0.2116080538307914, -1145.2143918038373, -0.5515241312842951, -843.8806363256855, 1.4694292478951145]",0.5119881999999052
2025-05-19,True,42,2958.607968528864,2334.729161818401,38333.33362011377,523.2015737666659,38856.53519388044,True,"[-5818.141137002427, -1229.1303925038387, 1.0917341646087304, -1182.9505576761794, -1.608770527534324, -8506.266368241808, 0.7718565279298764]",0.49908519999007694
2025-05-20,True,42,2334.729161818401,2203.660926111115,38553.31398460838,0.0,38553.31398460838,True,"[-551.7557637529194, -6148.77346980791, 1.4119554318979541, -435.1738629655806, 1.9884943390947285, -5228.546051581527, 1.888014077131844]",0.5118330999976024
2025-05-21,True,42,2203.660926111115,2457.4684778306882,38842.597627349256,0.0,38842.597627349256,True,"[-918.2020254978322, -6196.250493666437, 0.32105374171357814, -1561.7741242362176, 0.15889286487630017, -729.5512351132629, 1.0093250764170625]",0.48653210001066327
2025-05-22,True,42,2457.4684778306882,2687.918162962965,37868.58733910454,16.413304999999596,37885.00064410454,True,"[-1493.356322633558, -9047.493297461795, 1.0023785444799276, -427.30143889204334, 0.5693136102414247, -2745.2666275180422, 1.3817743311444661]",0.524087600002531
2025-05-23,True,42,2687.918162962965,3043.6976595335923,12171.963020718016,0.0,12171.963020718016,True,"[-4043.9719351460726, -601.7924979404323, 0.3794969369895984, -113.67921803302323, 0.5111235996673136, -9105.363607738278, 0.38141878582432076]",0.5052762999985134
2025-05-24,True,42,3043.6976595335923,10195.988258359786,15603.870812456309,0.0,15603.870812456309,True,"[-3454.1552586276584, -5452.088914896211, -0.949579233381924, -337.0510278134674, 1.1279306865629755, -1072.3401892951244, -0.8370360197699975]",0.5103493000060553
2025-05-25,True,42,10195.988258359786,2388.9071201159254,34223.47342591216,84.90765869999919,34308.38108461216,True,"[-8051.8670455339, -6798.623214096483, -0.44670697061012254, -584.2672735330918, -0.04971371473774511, -499.1928305159497, -0.6054242015821985]",0.5592227000015555
2025-05-26,True,42,2388.9071201159254,2652.217738597884,37344.996688790336,0.0,37344.996688790336,True,"[-1998.5133281660083, -6835.101190406852, 1.2674330086364636, -437.5984948140655, -1.1289195265131247, -1158.4972659367293, -0.7784209153915718]",0.5396423000056529
2025-05-27,True,42,2652.217738597884,2492.7233181481506,37734.973610429195,0.0,37734.973610429195,False,"[-9600.0, -9600.0, 0.0, -9600.0, 0.0, -9600.0, 0.0]",0.5730289000057383
2025-05-28,True,42,2492.7233181481506,2809.271784444447,37657.00906657154,0.0,37657.00906657154,True,"[-6384.327987914135, -4087.545904415586, -0.05623148019037849, -949.9898187861507, -1.5799600779898513, -784.1025828757224, -0.19173098602272765]",0.6025220000010449
2025-05-29,True,42,2809.271784444447,2215.6856444444516,37295.799138513015,119.26099001666701,37415.06012852968,True,"[-3987.7219481218804, -4000.4235894372764, 1.2451422084945039, -429.8994131879269, 1.5507883924180632, -6419.297298046121, 0.407827391987416]",0.6093732000008458
2025-05-30,True,42,2215.6856444444516,2390.0539243650796,12521.89120386595,0.0,12521.89120386595,False,"[-9600.0, -9600.0, 0.0, -9600.0, 0.0, -9600.0, 0.0]",0.6227926999999909
2025-05-31,True,42,2390.0539243650796,9053.41484172526,14414.921024886393,0.0,14414.921024886393,False,"[-9600.0, -9600.0, 0.0, -9600.0, 0.0, -9600.0, 0.0]",0.615139999994426
2025-06-01,True,42,9053.41484172526,1200.0,39599.227179124224,63150.70626911608,102749.9334482403,False,"[-9600.0, -9600.0, 0.0, -9600.0, 0.0, -9600.0, 0.0]",0.5041638999973657
2025-06-02,True,42,1200.0,1910.6418703703703,44762.06910859567,35490.69028019535,80252.75938879102,False,"[0.0, 0.0, 0.0, 0.0, 0.0, 0.0, 0.0]",0.49426730000413954
2025-06-03,True,42,1910.6418703703703,1200.0,46003.75757334323,17786.570234774692,63790.32780811792,True,"[-3517.932241340112, -8742.928718654153, 1.5683717555800456, -633.1668082999386, 0.14110661749561793, -4522.201226156232, -0.4682718412212532]",0.5784227999974973
2025-06-04,True,42,1200.0,1718.712154817848,49931.277841592244,4250.032144745309,54181.309986337554,True,"[-2251.0832869811306, -9290.810709428706, 1.2797671777699633, -847.5249676913307, 1.3740497275903047, -2971.522698790066, -1.2372959331435056]",0.6316853000025731
2025-06-05,True,42,1718.712154817848,1200.0,52769.78067080269,2974.9748643535063,55744.7555351562,True,"[-9029.080804395167, -1758.7285825994336, -1.7223227236519874, -392.02382364261865, -1.2065421798880966, -4121.474261145407, 1.6335257159931786]",0.6764786999992793
2025-06-06,True,42,1200.0,1339.9942787037041,17869.191793515554,9944.60109700863,27813.792890524186,False,"[-9600.0, -9600.0, 0.0, -9600.0, 0.0, -9600.0, 0.0]",0.5001497000048403
2025-06-07,True,42,1339.9942787037041,7277.330932037037,21264.309447788743,1510.9593301309512,22775.268777919693,True,"[-30.34383017246398, -2467.5173291575325, 0.37312613633403435, 186.3501326805462, 1.5900209803402081, -3503.281371924147, -0.1948789637817776]",0.5005586000042967
2025-06-08,True,42,7277.330932037037,4344.890522340801,61407.75687174929,0.0,61407.75687174929,False,"[-9600.0, -9600.0, 0.0, -9600.0, 0.0, -9600.0, 0.0]",0.48837079999793787
2025-06-09,True,42,4344.890522340801,4412.019653174605,63208.55470832013,0.0,63208.55470832013,True,"[-2430.931873429289, -3301.626728129613, 1.4883394028294026, -547.8116182838946, 1.0881091520422443, -9470.425975795102, -1.3719483122101117]",0.5198871000029612
2025-06-10,True,42,4412.019653174605,4003.118592072461,62755.42456485021,0.0,62755.42456485021,True,"[-8146.554245383031, -4680.426982759176, -0.5631209672604307, -240.59005050631228, -1.1663340820347454, -4748.073636109829, -1.3778722363870575]",0.49181429999589454
2025-06-11,True,42,4003.118592072461,4026.8561531305404,63402.82245454859,0.0,63402.82245454859,True,"[-2834.6081283233448, -5016.428010736239, -0.4895800854547785, -672.229602497493, -0.2823342816294532, -7998.980045043416, -0.282678938906503]",0.5135021999885794
2025-06-12,True,42,4026.8561531305404,4667.829812222221,63850.186034988044,0.0,63850.186034988044,True,"[-8951.759965209554, -3850.717988997275, 0.17136892392089687, -756.4749379788914, 1.5639749910670666, -4479.285896144082, -1.8539664102714841]",0.60534040001221
2025-06-13,True,42,4667.829812222221,4382.405160952381,22194.493449574198,0.0,22194.493449574198,True,"[-2949.0905290368614, -3178.1886187069576, -0.48513340991482945, -212.5819049836707, 1.0517484621018682, -3339.524358829563, -0.22989754330413437]",0.5867223000095692
2025-06-14,True,42,4382.405160952381,4789.994723544968,23106.44196702508,0.0,23106.44196702508,True,"[-2090.3162388508763, -944.8575267255724, 1.2077842099444784, 2405.485093066688, -0.01610922394939629, -245.2752162720131, 1.4076142570799317]",0.5545075999980327
2025-06-15,True,42,4789.994723544968,3955.224021613756,60861.74106181901,0.0,60861.74106181901,True,"[-8385.75653545971, -6027.047466494882, 1.430679681653713, -308.5337970826373, 0.030291579595159934, -5087.422482060159, -0.8921247105570931]",0.628308500003186
2025-06-16,True,42,3955.224021613756,3755.422059259259,62382.33359016148,0.0,62382.33359016148,True,"[-5818.591775629898, -7949.127583526217, -1.0556165788357557, -191.41123424349544, 0.6250802569373173, -3935.4307044616767, -0.8026811240554015]",0.5375796999869635
2025-06-17,True,42,3755.422059259259,3381.9716087830698,61301.23475817777,3525.9538627184984,64827.18862089627,True,"[-2726.857107687545, -4363.564704988996, 0.4064478350074707, -80.23745106199023, -0.5758769273729936, -2354.6510076733457, 1.9594448731225014]",0.5729428999911761
2025-06-18,True,42,3381.9716087830698,4099.815573068783,62694.78874307158,0.0,62694.78874307158,False,"[-9600.0, -9600.0, 0.0, -9600.0, 0.0, -9600.0, 0.0]",0.5316301999991992
2025-06-19,True,42,4099.815573068783,2967.1664900793653,59040.539871023146,148.40995006190545,59188.94982108505,True,"[-353.32669944875124, -5991.356776151686, -0.49209071375189506, -483.86922170387373, 1.214369273532041, -6397.761823443341, 1.6182036432450104]",0.5171373999910429
2025-06-20,True,42,2967.1664900793653,3168.160266957671,20060.77289170786,0.0,20060.77289170786,True,"[-299.8344906469015, -2717.5187679658566, -0.8703442676799387, -221.86846586113978, 1.0155787455600511, -3257.538424538814, 0.7855120546618757]",0.4858951999922283
2025-06-21,True,42,3168.160266957671,4410.479485661377,19622.37186776424,0.0,19622.37186776424,True,"[-249.81794247284876, -2323.5392807234775, -1.215876342891595, -40.137928201360396, 1.4850350515491595, -1253.5527877258025, -0.46993491910034035]",0.4873005999979796
2025-06-22,True,42,4410.479485661377,2698.0681577248665,55811.85831466512,562.6797145961722,56374.5380292613,True,"[-135.20243585997775, -3979.5764794661095, -0.23587964121526928, -683.4375704480696, 0.17193803901177596, -562.8528956125635, 0.990458381591794]",0.5085339000070235
2025-06-23,True,42,2698.0681577248665,2511.8598231186165,55768.89384343165,0.0,55768.89384343165,False,"[0.0, 0.0, 0.0, 0.0, 0.0, 0.0, 0.0]",0.529194800008554
2025-06-24,True,42,2511.8598231186165,2149.183295291171,56477.921738948775,6119.634215149194,62597.55595409797,True,"[-336.03285899022876, -4259.536101708486, -1.566678990583232, -1483.2521518502024, 1.6884143927063189, -6946.887517182087, -0.7746690125343032]",0.5280785999930231
2025-06-25,True,42,2149.183295291171,2525.059792275133,55727.39461234181,35.30373467499957,55762.69834701681,False,"[-9600.0, -9600.0, 0.0, -9600.0, 0.0, -9600.0, 0.0]",0.549893899995368
2025-06-26,True,42,2525.059792275133,2380.7126870370366,55308.71699708424,388.43369615476945,55697.150693239004,False,"[0.0, 0.0, 0.0, 0.0, 0.0, 0.0, 0.0]",0.5349130999966292
2025-06-27,True,42,2380.7126870370366,2913.4046246296316,17526.17584277223,0.0,17526.17584277223,True,"[-5867.683810525313, -2146.9779626166173, -1.1003416579720255, -151.70398269530415, 0.3627290076515459, -1010.3434134743914, -0.037600038816958614]",0.5328690000023926
2025-06-28,True,42,2913.4046246296316,3251.4907050904617,17558.43874225421,259.8435717452378,17818.282313999447,True,"[-581.6399256202785, -1370.5694974592386, -0.44900513122775987, 259.7174779491411, 0.7975502570069142, -191.32275492957086, 0.16826051830860944]",0.5294833999942057
2025-06-29,True,42,3251.4907050904617,2564.9761850227014,54758.44235200794,33.70710020000101,54792.149452207945,True,"[-8813.933392012246, -9570.893445974178, -1.3913425096266274, -1128.170771629867, -0.3877713258063322, -5960.88082573551, -0.12976772438422612]",0.5458998000103747
2025-06-30,True,42,2564.9761850227014,2314.8619526190496,54937.81228807631,482.22359988095207,55420.03588795727,False,"[-9600.0, -9600.0, 0.0, -9600.0, 0.0, -9600.0, 0.0]",0.5184777999966173
2025-07-01,True,42,2314.8619526190496,1200.0,60524.7300573152,20573.239291211252,81097.96934852646,True,"[-186.08644668492644, -2661.4191094345592, -0.16263304070847018, -1323.9947839687006, 1.5578469825480927, -991.80420617147, 0.5946885292422848]",0.5040742000128375
2025-07-02,True,42,1200.0,1200.0,59417.545297174256,16478.42433594779,75895.96963312205,False,"[-9600.0, -9600.0, 0.0, -9600.0, 0.0, -9600.0, 0.0]",0.5101756999938516
2025-07-03,True,42,1200.0,1254.182055,60918.7607316682,19591.3724916749,80510.1332233431,True,"[-4574.68577171171, -9207.02346583484, 0.25957536707092066, -1192.6658288714298, 0.6392581452447064, -1460.7628858927842, 1.43781355113101]",0.5948816000018269
2025-07-04,True,42,1254.182055,1200.0,22492.93923442268,10217.06097790094,32710.00021232362,True,"[-629.2455432295573, -1921.448888514258, -0.4487456492179127, 3359.94709162155, -1.8717082873168684, -61.43975063211009, -0.0984638544143368]",0.656544199999189
2025-07-05,True,42,1200.0,2071.01232130157,23588.684244867494,5758.2704297163245,29346.95467458382,True,"[-8786.047697593835, -8094.215072526584, -1.9765144978003626, -210.73870542090737, -0.6993697819662303, -1291.2685792497227, -0.44425888940046665]",0.7896460999909323
2025-07-06,True,42,2071.01232130157,1200.0,60080.09077677796,22976.096323263802,83056.18710004176,True,"[-1830.7219083443133, -2694.065056767377, 1.0621386971931623, -771.6073676163215, 1.5932996349990471, -5175.6354852706745, -0.6595152992065605]",0.5827714000042761
2025-07-07,True,42,1200.0,2506.7649799470896,61014.95325363624,4366.576989991967,65381.53024362821,False,"[0.0, 0.0, 0.0, 0.0, 0.0, 0.0, 0.0]",0.5707882000133395
2025-07-08,True,42,2506.7649799470896,4622.619326455026,71112.48867044234,0.0,71112.48867044234,True,"[-8226.00400810563, -3741.4604508330467, 0.1280995701566332, -799.9640130239858, 1.7513199264100727, -5118.004599140638, 1.7954756935549927]",0.5596105000004172
2025-07-09,True,42,4622.619326455026,4767.079251273797,69188.0925997427,0.0,69188.0925997427,True,"[-828.5933965805611, -8216.435373210232, 0.9711244119029052, -760.5394901820748, 0.7137985892315553, -9014.029447719704, -0.585664168023948]",0.5651555000076769
2025-07-10,True,42,4767.079251273797,4588.639888042329,70177.03257239622,0.0,70177.03257239622,True,"[-6912.426308907026, -1522.1993239259718, -0.8921760222067998, -884.3653943138498, -1.8568919009700444, -582.5542156694908, 0.28462755265102935]",0.5515587000118103
2025-07-11,True,42,4588.639888042329,4674.6048127248705,30187.687799650455,0.0,30187.687799650455,True,"[-128.1359904062743, -4303.989022322658, 1.0068441979002785, -321.28697106307914, 0.37187230939397153, -8067.546965648666, 0.44917049901842754]",0.5125084000028437
2025-07-12,True,42,4674.6048127248705,5672.82448962963,30315.44372045601,0.0,30315.44372045601,True,"[-8651.423591689825, -3826.453826522714, -0.4488346759700239, -155.97540925277792, -0.8106927198634797, -6221.351370716927, 0.8192556276595626]",0.5576971999980742
2025-07-13,True,42,5672.82448962963,4441.645441984126,65946.0517312114,0.0,65946.0517312114,True,"[-7917.67184165165, -6677.415404923695, -0.9516287423142007, -487.1844661254226, 0.4557199905368332, -241.533848915617, -1.4701081551950939]",0.49281619999965187
2025-07-14,True,42,4441.645441984126,4369.912830793651,66467.69800332298,0.0,66467.69800332298,True,"[-8562.618810690716, -3955.382102959558, 0.6672961755627709, -760.3064746653562, 1.5463595742820533, -368.76894764316785, -0.01563641468929622]",0.48908379999920726
2025-07-15,True,42,4369.912830793651,4765.201582460318,66658.73732287044,0.0,66658.73732287044,True,"[-4612.559328335343, -6997.990953021193, -0.22729063023871676, -328.4379112257998, 1.9532191714270626, -3265.015872246474, 0.19660169599233068]",0.48450059999595396
2025-07-16,True,42,4765.201582460318,4163.680928809526,66002.54664125221,0.0,66002.54664125221,True,"[-4135.174632720483, -7633.377452154254, 0.059368731365245786, -1602.4322913156582, 0.43224056894313323, -320.5934649342353, 1.096136390309228]",0.5154906000097981
2025-07-17,True,42,4163.680928809526,4009.854110185186,65417.6278746665,0.0,65417.6278746665,True,"[-5595.073501657149, -5982.776328135262, 1.3240658228550135, -213.06100372374425, 0.6091889202086485, -2397.6754131650205, 1.0464187570200592]",0.5048776999901747
2025-07-18,True,42,4009.854110185186,4003.966212989417,27359.9563135084,0.0,27359.9563135084,False,"[-9600.0, -9600.0, 0.0, -9600.0, 0.0, -9600.0, 0.0]",0.4976965999958338
2025-07-19,True,42,4003.966212989417,4358.69422309524,27524.652454120704,0.0,27524.652454120704,False,"[-9600.0, -9600.0, 0.0, -9600.0, 0.0, -9600.0, 0.0]",0.5106546000024537
2025-07-20,True,42,4358.69422309524,3426.3931699999976,62009.909913297975,0.0,62009.909913297975,True,"[-6786.426547077571, -6605.1561212774905, -0.8849424566003528, -1053.8156207380143, -0.4845962234117511, -185.37509727747334, 0.26165488327409214]",0.510047100004158
2025-07-21,True,42,3426.3931699999976,3258.599545370372,64896.79619015762,0.0,64896.79619015762,True,"[-1485.8283630693936, -9252.668187864792, 0.3573112680579227, -491.0779407898179, -1.3776762485091794, -188.71721379839883, 1.7051423557608452]",0.5533720999956131
2025-07-22,True,42,3258.599545370372,2435.77291664021,63211.3277617906,49.372639999999365,63260.7004017906,True,"[-6319.895145107315, -6482.633420701925, 1.2141002266097853, -891.039007213444, 0.4153779773280819, -363.98458403537506, 0.22432470207254873]",0.5427927999990061
2025-07-23,True,42,2435.77291664021,2727.4747993650785,63748.26402055716,122.48657611428564,63870.750596671445,False,"[-9600.0, -9600.0, 0.0, -9600.0, 0.0, -9600.0, 0.0]",0.5626988000003621
2025-07-24,True,42,2727.4747993650785,3162.4976648941806,63959.92447071472,0.0,63959.92447071472,True,"[-3852.394765553385, -9318.363010649244, 0.7066497768333972, -1023.9712389295117, 1.9664558233573723, -590.3683454003087, -0.5204395214819422]",0.5742442999908235
2025-07-25,True,42,3162.4976648941806,2794.0678339947094,25274.63206886421,0.0,25274.63206886421,False,"[-9600.0, -9600.0, 0.0, -9600.0, 0.0, -9600.0, 0.0]",0.5671025999909034
2025-07-26,True,42,2794.0678339947094,3741.021925185187,26535.77160538877,0.0,26535.77160538877,True,"[-3652.6782214195573, -3405.3142285819968, -1.7290317104672055, 2772.3088478421005, -0.3843325012658525, -128.0725965633227, 0.04316811074026461]",0.5347909000120126
2025-07-27,True,42,3741.021925185187,2762.8174057142855,61017.83009687714,0.0,61017.83009687714,True,"[-1712.5876907601441, -4251.468358415842, 0.3378993966615971, -306.4379410212574, -0.024667088153214944, -834.4502017555736, 1.553521417603326]",0.5070134000125108
2025-07-28,True,42,2762.8174057142855,2278.6980329629623,62283.465792696355,0.0,62283.465792696355,True,"[-3057.5006238108854, -4033.702435529629, -1.392828636034726, -1128.0680537181354, 0.8118056165131997, -754.108540374627, 1.75970279355852]",0.49358270000084303
2025-07-29,True,42,2278.6980329629623,2570.239984211952,64188.219742427165,86.96305197668451,64275.18279440385,True,"[-2501.089256901264, -3167.451456431199, -1.9788775881108545, -425.0686469111479, 0.923203581384147, -54.02008092132249, -0.4993459216514631]",0.5345667000074172
2025-07-30,True,42,2570.239984211952,2785.375847934777,65031.327573666655,0.0,65031.327573666655,True,"[-6565.5156639450015, -4356.408822861408, 1.633662297583769, -1188.5460762748742, 1.2310231935144098, -1141.9594491767339, 1.9097742926657162]",0.5761735999985831
2025-07-31,True,42,2785.375847934777,2164.6342719841246,62820.039297184856,33.628518050000835,62853.667815234854,True,"[-1784.9804729197942, -7129.876693268927, -1.2207915644314737, -665.0337800714403, 1.4662102355061615, -6417.51006722988, 0.11732293938218064]",0.5796847000019625
2025-08-01,True,42,2164.6342719841246,2590.8497021428584,25176.436603541923,0.0,25176.436603541923,False,"[-9600.0, -9600.0, 0.0, -9600.0, 0.0, -9600.0, 0.0]",0.5742146999982651
2025-08-02,True,42,2590.8497021428584,3558.1887722486786,25166.231505859938,0.0,25166.231505859938,False,"[-9600.0, -9600.0, 0.0, -9600.0, 0.0, -9600.0, 0.0]",0.5460445000062464
2025-08-03,True,42,3558.1887722486786,1677.048944735451,58162.48912914275,1264.0781935107102,59426.567322653456,True,"[-1659.4401251914721, -5853.644605590381, 0.4840288394433796, -1086.4760788925316, -0.36829870495633465, -873.9391719853451, -1.913959342633517]",0.5899905999976909
2025-08-04,True,42,1677.048944735451,2427.0818108465564,59123.938514324065,0.0,59123.938514324065,True,"[-1905.635824538929, -8744.296169998455, -0.8165058679626129, -427.70645068649316, 1.435201123478131, -603.0449729405849, -0.8906984987591686]",0.5708626999985427
2025-08-05,True,42,2427.0818108465564,2301.877944338623,57459.329989381295,0.0,57459.329989381295,True,"[-926.0417052422397, -4267.531411328858, -0.5771773409681167, -441.68333027420664, 1.9280822911986455, -863.2436273299234, 0.42736168190322443]",0.5639348999975482
2025-08-06,True,42,2301.877944338623,1880.576233425453,57306.72202990729,829.4004237448077,58136.1224536521,True,"[-1000.3245834274846, -1165.8297862842367, -0.6661369906968926, -837.4247572481526, 1.3494965693839913, -476.98151935530325, 0.8965759460134377]",0.6144749999948544
2025-08-07,True,42,1880.576233425453,2256.151360291004,56237.07285183659,54.328909983334846,56291.40176181992,True,"[-7957.635742419019, -2817.8595129675823, 0.3278110673972843, -898.0821156005653, -1.311839377431999, -504.4945948042173, 0.055265012252283974]",0.5546958000049926
2025-08-08,True,42,2256.151360291004,2329.465087433866,23652.915998168126,106.45176600714316,23759.36776417527,True,"[-6931.4595484486235, -262.5385096631852, -0.5313844723227132, 6305.052889926542, -1.7046869395503519, -142.86858306912114, -0.9461316625519216]",0.5528825999936089
2025-08-09,True,42,2329.465087433866,2926.496413994711,23770.937224079054,0.0,23770.937224079054,False,"[-9600.0, -9600.0, 0.0, -9600.0, 0.0, -9600.0, 0.0]",0.5919576999876881
2025-08-10,True,42,2926.496413994711,2683.6324374543474,55312.87006796757,69.85160000000089,55382.72166796757,False,"[-9600.0, -9600.0, 0.0, -9600.0, 0.0, -9600.0, 0.0]",0.623910700000124
2025-08-11,True,42,2683.6324374543474,2167.042154497356,54303.291728886514,916.3081256690451,55219.599854555556,True,"[-217.20200254083613, -1668.5509562680788, 1.7934191525565963, -360.86172742498553, 0.9404697921790066, -1003.8933317461599, 0.002089725821617705]",0.49128750000090804
2025-08-12,True,42,2167.042154497356,2175.8448,54495.377229763995,4556.014896868997,59051.39212663299,False,"[-9600.0, -9600.0, 0.0, -9600.0, 0.0, -9600.0, 0.0]",0.5005713999998989
2025-08-13,True,42,2175.8448,2507.449696428571,54813.02793802181,86.20243543214349,54899.23037345395,False,"[-9600.0, -9600.0, 0.0, -9600.0, 0.0, -9600.0, 0.0]",0.502831799996784
2025-08-14,True,42,2507.449696428571,2330.772438809524,54536.19310300115,1097.1766862309514,55633.3697892321,True,"[-3581.068357051203, -8682.488954545477, -0.30549590352908673, -269.0607668857019, 0.6747144916429875, -1279.5112347133784, -0.022157321707827027]",0.5104567999951541
2025-08-15,True,42,2330.772438809524,2189.1676166402117,23122.936301196856,0.0,23122.936301196856,False,"[-9600.0, -9600.0, 0.0, -9600.0, 0.0, -9600.0, 0.0]",0.5320577000093181
2025-08-16,True,42,2189.1676166402117,3120.721106640214,24068.17608247566,0.0,24068.17608247566,True,"[-323.331912147205, -9055.392230710648, -1.49818898434234, -123.07331061080653, 0.46918953356264304, -2203.210259060007, -1.3064853289505631]",0.5205043000023579
2025-08-17,True,42,3120.721106640214,2313.8439149735464,53232.104127766725,460.5351277749983,53692.639255541726,True,"[-1093.395720196542, -5105.051609853728, 0.05903776227352742, -869.2756711852066, 0.5646703495181251, -4089.014230277675, -0.13419113761491852]",0.5338021999923512
2025-08-18,True,42,2313.8439149735464,2460.8177518783073,54384.65521559752,677.4070669035723,55062.062282501094,True,"[-7193.676529744054, -1593.9198012978768, 1.3720601197007558, -9494.243499376145, -1.0835520568205275, -284.0968932303475, -0.19324103219672906]",0.4969213000003947
2025-08-19,True,42,2460.8177518783073,2126.558103915343,54661.12698147947,397.9847865690451,55059.11176804852,True,"[-3305.1702790516883, -7786.999137659838, 0.10544344430792751, -1011.4337131819482, 0.1808586256631104, -3751.544574161018, 0.739153262967041]",0.5478534000139916
2025-08-20,True,42,2126.558103915343,1586.5103946296294,54882.16516387819,4928.828408006345,59810.99357188454,True,"[-2630.2994903713857, -2637.8709181250074, 1.6402489451958493, -3451.004428045382, -0.2543830010817727, -616.6559613210363, 1.9169965760207868]",0.5900142000027699
2025-08-21,True,42,1586.5103946296294,2218.7749846825386,55522.82908498612,0.0,55522.82908498612,False,"[-9600.0, -9600.0, 0.0, -9600.0, 0.0, -9600.0, 0.0]",0.6000956999923801
2025-08-22,True,42,2218.7749846825386,1713.690673544972,23524.97763599852,0.0,23524.97763599852,True,"[-3456.7368405078164, -5279.756105151322, -0.7763474767248237, -9320.696039102628, 1.6213473010403656, -2836.0093982473322, -0.8149539283687641]",0.6741266000026371
2025-08-23,True,42,1713.690673544972,2822.111246957671,23993.535077018565,0.0,23993.535077018565,True,"[-2116.4677203310953, -1413.1047894330309, -1.3758058987920592, -517.7326922303656, 1.1281351809198914, -5862.804888029632, 0.8461877890960263]",0.5054741000058129
2025-08-24,True,42,2822.111246957671,3269.4043119266944,55525.80844130875,146.56482770833253,55672.37326901708,True,"[-3064.134953429215, -8494.096722129654, 1.8169665581944905, -5134.992938208558, 0.3711063318236061, -4988.384748120355, 0.9876060370212376]",0.5167323000059696
2025-08-25,True,42,3269.4043119266944,2030.4408026190483,55222.549679777374,135.06957363809417,55357.61925341547,True,"[-6988.446523006114, -646.4117141175013, -0.5635295109189769, -5260.769704056503, 1.9307301931055911, -1429.0153000005428, 1.3501959309859366]",0.487751799999387
2025-08-26,True,42,2030.4408026190483,2621.651899417987,56186.96189525303,114.1253694000005,56301.087264653026,True,"[-501.8327053606836, -4960.656931092584, 0.4245939416667035, -3630.8174612648068, 1.3243560955278673, -8049.51676146141, -0.9545063470190229]",0.49805840000044554
2025-08-27,True,42,2621.651899417987,2284.731311111111,56127.6167702126,0.0,56127.6167702126,True,"[-2712.751725542318, -1181.3786492315867, 0.4237473573525996, -3472.7414109233882, -0.04139884604856947, -3915.127469710484, -0.8420122305608808]",0.49715219999779947
2025-08-28,True,42,2284.731311111111,2307.4593796031745,56528.287498718986,653.6466471249985,57181.93414584398,True,"[-9504.442333848176, -1097.6466735378203, 1.3403149505685716, -5458.935370566875, -0.7116486026546729, -4179.922035088883, -1.200403446832483]",0.4976511999993818
2025-08-29,True,42,2307.4593796031745,2410.7418858465626,24246.98326635315,0.0,24246.98326635315,True,"[-1052.1518148840776, -5871.709392359259, 0.9875944598091206, -7409.590091643477, 0.15211494380826496, -3183.391027414193, -0.5852349982977652]",0.4940227000042796
2025-08-30,True,42,2410.7418858465626,2730.4726945502675,24599.206705696823,0.0,24599.206705696823,True,"[-8995.197800912842, -6136.631046567186, -0.6891863653617774, -5171.823382285514, -1.4562209095935073, -7702.064447380071, -1.1709235210458262]",0.6367618000076618
2025-08-31,True,42,2730.4726945502675,2386.532960211641,55912.36285478878,428.83516573333156,56341.19802052211,True,"[-8098.754652128944, -9381.516404827948, -1.6263608111841308, -4660.508310720783, -1.6917536193613762, -3436.166499407098, -1.6636049626160976]",0.628546699997969
2025-09-01,True,42,2386.532960211641,5813.809448169762,50734.77686739914,0.0,50734.77686739914,True,"[-5085.814923938509, -2940.187012351108, 1.3867293053257272, -3352.434025903132, -1.2565812878991887, -5021.521726705562, 0.5028092598186586]",0.6738978999928804
2025-09-02,True,42,5813.809448169762,5645.953885158729,47992.45870427083,0.0,47992.45870427083,True,"[-3772.531012735998, -968.5955193671248, -1.6443907274902256, -4259.085657214395, 1.1010963368805382, -832.8118362823637, 1.1778915499324145]",0.6101669000054244
2025-09-03,True,42,5645.953885158729,5570.727966031747,49298.46724766822,0.0,49298.46724766822,True,"[-2510.731833688403, -3334.610808414705, 0.4319192667708398, -1491.4566248886651, -0.5888180183074914, -308.8881109807836, -1.4414432892467421]",0.6164090999955079
2025-09-04,True,42,5570.727966031747,5476.635274973543,48667.02167676069,0.0,48667.02167676069,True,"[-1454.8729026967735, -3574.7795338658207, 0.5329190612351602, -1253.202068326354, -1.3377306482925988, -2928.4723298544404, 0.39158310345497105]",0.6347824000113178
2025-09-05,True,42,5476.635274973543,5689.824908703702,19125.684597299973,0.0,19125.684597299973,True,"[-179.0009599631066, -1925.436267561809, 0.9674888881076451, -3482.2917363349616, 0.33983036816988355, -8712.217528143867, -1.087137212355565]",0.6306299999996554
2025-09-06,True,42,5689.824908703702,10347.418759259259,21493.885632020487,0.0,21493.885632020487,True,"[-186.79284757935937, -6773.211259973785, -0.5761200239896982, -7280.993357533345, 0.27250706875354114, -7195.221569004856, -1.8315158074872975]",0.6810155999992276
2025-09-07,True,42,10347.418759259259,5420.235801851853,44780.82409895743,0.0,44780.82409895743,True,"[-541.426265946901, -6006.361383232179, -1.1973027983034759, -901.4340484971499, -0.3667304329939942, -8127.8187711174705, 1.5599128373891764]",0.7712056000018492
2025-09-08,True,42,5420.235801851853,1350.5971361111106,38335.35549464227,6795.823290865439,45131.178785507705,True,"[-3309.5185817394963, -1037.5744790121157, -1.639121743758194, -609.5746396729115, 0.6291103130574474, -7504.544073055442, -1.3000957551188357]",0.6645682999951532
2025-09-09,True,42,1350.5971361111106,4010.915106635009,42510.52498683554,2045.1504301404816,44555.67541697602,False,"[0.0, 0.0, 0.0, 0.0, 0.0, 0.0, 0.0]",0.3899853000039002
2025-09-10,True,42,4010.915106635009,1635.079610185185,41263.5610914051,8742.053736739917,50005.614828145015,True,"[-2857.3332124608173, -4548.277686821929, 1.268889804424088, -599.0640546336003, 0.08190562460268591, -8068.125773242941, -0.24762926995070567]",0.5700246000051266
2025-09-11,True,42,1635.079610185185,1998.478023858623,42360.32956711118,65.84088076190413,42426.17044787308,False,"[-9600.0, -9600.0, 0.0, -9600.0, 0.0, -9600.0, 0.0]",0.6650214000110282
2025-09-12,True,42,1998.478023858623,2132.395933544975,15159.720887860369,16.050221029557793,15175.771108889927,True,"[-1103.0388379775495, -7114.764641282189, -0.5456575854823997, -1339.5560604478721, 0.5166705576686272, -500.1414033726945, 1.8464997161264471]",0.7050237999937963
2025-09-13,True,42,2132.395933544975,10716.99230600529,18389.13463925069,0.0,18389.13463925069,True,"[-1678.9075855655901, -3954.1486466534, -1.1244868362537024, -8294.216177040878, -0.9394898972415646, -8884.849208208965, -0.26672075007567253]",0.6213758999947459
2025-09-14,True,42,10716.99230600529,2949.9848010846545,39342.080456361175,0.0,39342.080456361175,True,"[-4032.8042240509726, -6968.9486040051825, -1.0959475117648037, -925.4944708270152, -0.6875196563010357, -3739.7051252026145, 0.8508174357705371]",0.5761772999976529
2025-09-15,True,42,2949.9848010846545,2733.568190555556,43542.69193902367,7.509852566666234,43550.20179159034,True,"[-8171.296958041455, -6176.482300283275, -0.6613843518475471, -1101.2023599809486, -1.6321118233535126, -3636.429255353526, 0.5075766179247632]",0.5207403000094928
2025-09-16,True,42,2733.568190555556,2442.3059034521657,43503.991563944306,32.39882176666639,43536.39038571097,True,"[-7470.648245618905, -4406.935045720423, 1.5951092816326282, -1387.186168403305, -1.200594593327367, -1793.920695330388, -0.4165513146702158]",0.44345350000367034
2025-09-17,True,42,2442.3059034521657,1920.2658930423286,43576.42136889475,0.0,43576.42136889475,True,"[-3357.776659735398, -5036.910698335345, -1.6950462046378125, -1437.1900275694823, -1.620419139951004, -1759.7471610214016, -1.8368710095937582]",0.48441340000135824
2025-09-18,True,42,1920.2658930423286,1779.1791707671937,43310.75164310944,0.0,43310.75164310944,True,"[-6721.099880693092, -2491.123225685612, 0.20799672958388893, -292.63563741795906, -0.8745919904147972, -2743.8626393650575, 1.4941297591683802]",0.460441000002902
2025-09-19,True,42,1779.1791707671937,2443.318297089946,15965.40195388443,0.0,15965.40195388443,True,"[-3401.9768813463634, -2752.953420324846, 0.11183066316385659, -9176.25621916179, -0.4788511905070034, -6174.983499199715, -1.1223831335243788]",0.4630331000080332
2025-09-20,True,42,2443.318297089946,10800.0,18616.04610081491,0.0,18616.04610081491,True,"[-7995.917332804686, -4325.728678607017, -0.6183821002490584, -6278.0660098583985, -1.4327391023602165, -3914.413201713675, 1.5610801104259857]",0.4311766000028001
2025-09-21,True,42,10800.0,2296.8187338359785,41914.07589486021,0.0,41914.07589486021,True,"[-4190.1055272799795, -6318.891775149357, -0.056543850024068476, -1565.0293573732977, 0.49120921197959033, -3206.023363843724, -0.36598610751361793]",0.5319031000108225
2025-09-22,True,42,2296.8187338359785,1793.13059791005,45813.78429341671,71.12782666666574,45884.912120083376,True,"[-3426.8077756834373, -7309.108972935135, 0.6608979790533231, -1411.1356782433934, -1.513079482780102, -3434.203111190908, -1.2755869874799277]",0.6914458000101149
2025-09-23,True,42,1793.13059791005,2265.999870026456,46617.98447715463,0.0,46617.98447715463,True,"[-3962.7870407618716, -7368.686236603738, 0.031360868233375694, -1540.7727999914598, 0.5986556136908816, -4128.4670356010065, 1.7024668175970858]",0.8218154999922263
2025-09-24,True,42,2265.999870026456,2428.3127433597906,45887.87918925577,0.0,45887.87918925577,True,"[-4376.462237179551, -5107.314508237046, -1.164008733030466, -8794.741516367376, 1.700285867489101, -602.5648989089699, -0.8702403503754943]",0.9481022999971174
2025-09-25,True,42,2428.3127433597906,2177.000942951957,45990.36720758965,103.41288749999924,46093.78009508965,True,"[-6683.930599259872, -3076.3418654756224, 0.4129915649424092, -1512.267897993152, -1.130918602212371, -2394.363040210225, -1.1636262326966067]",0.8044210000080056
2025-09-26,True,42,2177.000942951957,2879.6950759523843,15897.764726443344,0.0,15897.764726443344,True,"[-2081.941283694394, -1520.3458001207853, 1.5350365755971334, -1021.6007464246995, -1.672145166490418, -3448.0953480447533, 0.880512074148661]",0.776998100001947
2025-09-27,True,42,2879.6950759523843,9102.952335793654,18750.154574843713,0.0,18750.154574843713,True,"[-5590.424729497584, -7776.100488429316, 0.42886025023612406, -6575.195176560845, 0.3414305615260371, -7024.241584046032, 1.287125156375863]",0.6859267999971053
2025-09-28,True,42,9102.952335793654,3152.0052875661386,44540.81986789806,0.0,44540.81986789806,True,"[-7325.73613081463, -2133.9284349719596, 0.48477220276208, -1524.6161878881992, -0.19632606805092845, -9255.370110978125, -1.26913033659755]",0.8105745000066236
2025-09-29,True,42,3152.0052875661386,2189.628327116403,47556.86305542648,77.92081236666695,47634.78386779315,True,"[-6693.083626507294, -4161.719341690282, 1.7193344562428807, -1476.5416065850125, -1.407318775526148, -2089.445273222486, 0.02571269035411916]",0.7689965000026859
2025-09-30,True,42,2189.628327116403,2564.5451488888884,48515.602752472856,178.5241528166672,48694.12690528952,True,"[-8575.685739541424, -7508.928567222555, 0.8117813353032659, -1425.9526656234175, -1.2823233008910155, -3157.6931979698747, -0.5382904679416307]",0.7790685999934794
2025-10-01,True,42,2564.5451488888884,4476.324188386242,45650.88674460353,0.0,45650.88674460353,True,"[-6077.837433677523, -3021.795688948775, 1.3437124088926846, -1247.7868277593927, -1.6130122269752505, -7418.144251761175, 1.9829959362469198]",0.6041273000009824
2025-10-02,True,42,4476.324188386242,4628.228058643687,43851.68565219792,0.0,43851.68565219792,True,"[-3367.401732492227, -7270.086938263065, 0.6194032499034399, -1318.3828497135778, -0.10412536036868669, -1974.0336301243105, 0.41825421765535165]",0.6459576999914134
2025-10-03,True,42,4628.228058643687,4313.498006481484,13976.819326977638,0.0,13976.819326977638,True,"[-4238.804456859483, -5586.290530303375, -1.3816414019689645, -6780.638015052481, -0.0576988079884555, -6478.625015206112, -0.09283472626589306]",0.5742250000039348
2025-10-04,True,42,4313.498006481484,10800.0,17674.618944702404,0.0,17674.618944702404,True,"[-1420.8437477789112, -415.04902199789234, 0.1398048939415335, -5621.546755645413, -0.4001960669212279, -3120.0282138140087, -0.4670132962276994]",0.5985605000023497
2025-10-05,True,42,10800.0,4056.4727887037043,39479.78662937692,0.0,39479.78662937692,True,"[-1533.0004900314061, -9440.767164282659, 0.1345543831838576, -1255.6298732214834, 0.9703721169041342, -5843.522974219271, -1.125505295505595]",0.5820696000009775
2025-10-06,True,42,4056.4727887037043,3994.0524981947724,43484.49164872318,0.0,43484.49164872318,True,"[-8018.773322753579, -3346.2725779928764, -1.668573146215786, -570.7374062308834, -1.791027188146363, -8378.697059612678, -0.37915282005238415]",0.6620169999951031
2025-10-07,True,42,3994.0524981947724,4036.3640212698406,42476.16844690181,0.0,42476.16844690181,True,"[-912.0662896738129, -4943.45110072172, 0.6091093933144385, -496.53005658948643, -0.8115506579041374, -1204.9752759707821, 0.4633123181882879]",0.7306454999925336
2025-10-08,True,42,4036.3640212698406,2166.168954139535,38759.331215675666,178.76731978486333,38938.09853546053,True,"[-6097.4025336374825, -7556.824239808047, -1.118625829121052, -369.40442986054836, -1.8117639094521025, -5547.723983371326, -0.08247083891974927]",0.6908280999923591
2025-10-09,True,42,2166.168954139535,1470.4168327777775,39733.27016024925,431.858076568107,40165.128236817356,True,"[-6853.349788890547, -6686.953840723681, -0.6573008209298643, -404.1923413434031, 1.619162607444662, -6442.257263027004, -1.8491238405299488]",0.6410476000019116
2025-10-10,True,42,1470.4168327777775,1256.7237319312203,12928.570848213822,0.0,12928.570848213822,True,"[-5130.587322553614, -1483.8143134922766, -0.4838838998047921, -380.7824089212417, 0.7047144352873982, -6198.719694900404, 0.0705998734752078]",1.1782889000023715
2025-10-11,True,42,1256.7237319312203,6837.875852195763,15576.007734638886,0.0,15576.007734638886,True,"[-1660.3828605496171, -6922.014217237816, 0.4810421564236238, -7081.361790895424, 1.4542885495175, -6486.723790359451, 0.058140386990906734]",1.1835431999934372
2025-10-12,True,42,6837.875852195763,1398.186785952382,38347.484295105736,54.569501561905376,38402.05379666764,True,"[-4735.768364054067, -8685.934500644558, 0.3596320900177261, -384.30432600284837, 1.2111250179179223, -8085.45489032711, 0.6502368668486267]",0.7569700999883935
2025-10-13,True,42,1398.186785952382,2529.3494771387172,42506.18633751848,0.0,42506.18633751848,True,"[-8611.965832415694, -8993.74515305568, -1.5655917462101527, -421.0537206736809, -0.1149441144738721, -5579.174724475041, 0.7366927010271174]",0.7781245999940438
2025-10-14,True,42,2529.3494771387172,2890.353142592592,41714.67901158787,545.1920135366158,42259.871025124485,True,"[-764.2228036423272, -3512.5412816637618, -1.5921726335201773, -661.4391202042625, 0.8402670530845451, -7146.575847710344, 0.7841846575046381]",0.7893344000040088
2025-10-15,True,42,2890.353142592592,2509.257133121695,41736.256313836086,1330.0545678448887,43066.310881680976,True,"[-3802.796765998148, -5894.274390223266, 0.027251049353322898, -430.34091476922856, -0.9243207819830068, -3459.4558230668367, 1.2727529644760835]",0.779075999991619
2025-10-16,True,42,2509.257133121695,1558.184130926936,42900.25559302423,4655.006757283489,47555.26235030772,True,"[-3328.1770485888605, -7080.943564723926, -0.683673078363102, -1041.7736838420183, -1.6680797907158553, -4297.3434894055645, 0.46719477191802916]",0.7431288000079803
2025-10-17,True,42,1558.184130926936,2082.6203650793677,14256.815652465584,0.0,14256.815652465584,True,"[-880.020877100926, -6100.2074452132365, 0.33652895601982324, -1103.197580696432, -0.8365768512749878, -1884.1489191787775, -1.9551841124643965]",0.6835405000019819
2025-10-18,True,42,2082.6203650793677,6573.162840079364,15481.6302173761,0.0,15481.6302173761,True,"[-5831.026308467015, -6143.122057038281, -1.6766697275620965, -1587.8086560957865, 0.5526106818714331, -8227.052776189195, -1.6467519229184802]",0.6720175999944331
2025-10-19,True,42,6573.162840079364,2495.4221685185184,43399.48998966702,704.0745244384003,44103.56451410542,True,"[-7556.237877728496, -5416.695459259282, 0.24031360601136464, -1187.338374946291, -0.5342151213439836, -6041.371628967236, -1.6876214883299039]",0.604803099995479
2025-10-20,True,42,2495.4221685185184,1697.3649287037065,45400.98801508751,2273.8595548319277,47674.84756991944,True,"[-840.7219873438187, -3619.0271446009847, -0.6579523123774196, -1227.2767754295448, -1.883695804331728, -7830.456788187926, 0.14666866866487682]",0.6289450999902328
2025-10-21,True,42,1697.3649287037065,1994.035229259259,47694.38919567895,0.0,47694.38919567895,True,"[-715.731991969437, -6170.545920876088, -0.7803356915763933, -2047.2583728153936, -0.294064690059449, -323.19597907723363, -1.691078237025027]",0.5968532999977469
2025-10-22,True,42,1994.035229259259,1656.2302287431712,47518.175483287356,3154.7205882441663,50672.89607153152,True,"[-2394.3645332363167, -1338.877464067306, -0.16109202545019086, -1178.599455328176, -1.464806480726932, -3917.975715364622, 1.1733414626794723]",0.6140584000095259
2025-10-23,True,42,1656.2302287431712,2002.461247804232,47921.84373670794,0.0,47921.84373670794,True,"[-4707.480028144363, -8043.385616710188, -1.0598514965196824, -726.5835301286806, -0.4196995483805219, -4668.651721967345, 0.04366900835555887]",0.5980831000051694
2025-10-24,True,42,2002.461247804232,1820.3146080423282,14322.803714270023,0.0,14322.803714270023,True,"[-7847.953098712312, -4534.715030274947, -0.6570199534280616, -5986.334716223952, 0.3783583976681424, -8040.739266938549, 0.40155731306317]",0.5999006999918493
2025-10-25,True,42,1820.3146080423282,7487.137504259259,16507.88461504841,0.0,16507.88461504841,True,"[-6111.120610343024, -5931.136763783687, 0.044817399893402055, -6411.276832726369, 0.6878722657791188, -7659.266105274358, 0.11053586022033857]",0.65841430000728
2025-10-26,True,42,7487.137504259259,2922.9901736955285,46414.596829898015,0.0,46414.596829898015,True,"[-3221.931567242249, -3610.581930624609, -0.5544659924677626, -461.60015766051004, -1.7709579547060863, -2699.211737530377, -1.2281067055226038]",0.565530600011698
2025-10-27,True,42,2922.9901736955285,3467.5041538095165,48272.19069005332,0.0,48272.19069005332,True,"[-4658.248067249363, -4983.086317698913, 0.4769558426343816, -707.569406574714, -0.8880219209409907, -8078.165524271176, -0.5139138872901372]",0.544998499986832
2025-10-28,True,42,3467.5041538095165,1980.9214206349213,47931.62924850081,0.0,47931.62924850081,True,"[-1989.6976567279517, -2409.455741642573, 1.6271712400025082, -1018.846257078684, -1.247293730100166, -2581.6581105256037, -1.3654176258780368]",0.501000500007649
2025-10-29,True,42,1980.9214206349213,3162.993823465606,49591.02566291744,0.0,49591.02566291744,True,"[-5122.209629450857, -6339.405275742127, -1.7823924165425278, -888.2556669163442, -0.5615879280980556, -5058.361393187898, 0.9474905971163143]",0.49047769999015145
2025-10-30,True,42,3162.993823465606,1702.3705410317468,48980.996791693935,0.0,48980.996791693935,True,"[-5199.765820029682, -1321.0030391388154, -0.6422338968604435, -870.6351678500265, -1.354395354942338, -9373.11688444741, -1.486124792425774]",0.5101594000007026
2025-10-31,True,42,1702.3705410317468,2557.0040206878307,15320.284519651876,0.0,15320.284519651876,True,"[-1400.6581398027504, -2408.1070411764636, -1.7081216584257497, -603.6907934374981, 1.3839096839743026, -4104.765902771658, 1.511976544726874]",0.5403530000039609
2025-11-01,True,42,2557.0040206878307,10275.476225873019,17133.20161747053,0.0,17133.20161747053,True,"[-2761.2829515818275, -1965.8397902652396, 0.3202628518085473, -582.8931594006356, 0.20258061181740228, -5615.139021818811, -0.8925307492052144]",0.5583200000110082
2025-11-02,True,42,10275.476225873019,1553.3347540740745,46697.19027534843,278.31520009285066,46975.505475441285,True,"[-8792.199766339461, -9000.843244144486, 0.9047639436650865, -1019.5550805163688, 0.4003036796083368, -9549.730793884764, -0.4730653755842398]",0.6156290999933844
2025-11-03,True,42,1553.3347540740745,3460.771138280423,52893.35962610043,0.0,52893.35962610043,True,"[-3172.914562875551, -2159.667098849714, 0.7586420955739999, -933.3781257151849, 1.9716823485953987, -2896.019357962664, -0.23803618229871826]",0.5665467999933753
2025-11-04,True,42,3460.771138280423,1487.8627318783028,50552.736422571914,0.0,50552.736422571914,True,"[-1849.1309626816146, -4743.889634897174, 0.7325726841530447, -786.3074828781429, -0.7632276474610373, -1157.2524896750651, 0.5540856272609833]",0.5537368000077549
2025-11-05,True,42,1487.8627318783028,2762.307224971215,53090.85599598388,17.266491991665823,53108.12248797555,True,"[-1571.0505385207202, -1820.6311416680535, -1.4351943687048565, -754.8864449179764, -0.9937341836510303, -718.6658031381352, -0.7476268614033545]",0.546166699990863
2025-11-06,True,42,2762.307224971215,1681.762491269841,51655.972622209294,5582.814570571031,57238.78719278033,True,"[-5235.929402420215, -1948.2905823886383, -0.7911886946061386, -767.5740330950923, -1.6273862579462612, -4865.410029951408, -0.3717626136624097]",0.5100252999982331
2025-11-07,True,42,1681.762491269841,1893.0740144709046,15238.24634905036,0.0,15238.24634905036,True,"[-9413.679794450269, -5507.413059833103, 0.5204294005501269, -599.6702731974857, -0.8718955651102831, -8908.36578198715, 0.793855839926608]",0.5157601999962935
2025-11-08,True,42,1893.0740144709046,10648.060412328043,18551.73081346572,0.0,18551.73081346572,True,"[-1155.188843546664, -5102.362446442156, -0.7234629949886686, -8178.521530697065, -0.20918216426969738, -7514.865936574564, -0.440741807500181]",0.517981900004088
2025-11-09,True,42,10648.060412328043,1784.7880092612713,49601.73813387765,0.0,49601.73813387765,True,"[-6164.579367766773, -3338.405184318323, -1.6411935220414509, -1092.0770476073694, -1.26190009193438, -1456.1299259432942, -1.9743950267087416]",0.5862379000027431
2025-11-10,True,42,1784.7880092612713,1606.985335423288,54796.85391955987,0.0,54796.85391955987,True,"[-8364.324671295835, -8184.00383555153, -1.9960623225645282, -694.0007095471099, -1.167539001866077, -3572.130315256772, 1.534538854843626]",0.6724911999917822
2025-11-11,True,42,1606.985335423288,1974.744227830688,54216.6155044904,0.0,54216.6155044904,True,"[-3602.6179610631166, -8466.632692917334, -0.32003003666898966, -839.1558015679511, -1.7928333074972165, -4584.245962293865, -0.009417580095328004]",0.7096587999985786
2025-11-12,True,42,1974.744227830688,1908.3964968253988,54775.73022219133,57.06534666666657,54832.795568858,True,"[-2079.328840833308, -8321.114526742407, -1.0414273856786211, -615.5784195365932, -1.2547699887124106, -4668.536164364205, -1.6661889429442707]",0.8320131999935256
2025-11-13,True,42,1908.3964968253988,2063.0161723809515,55894.59116151641,0.0,55894.59116151641,True,"[-149.630001150841, -1523.0059937985586, 0.7059411695487308, -613.8702310450306, -0.47993775399455263, -4089.710554310431, 1.138544734446401]",0.7454197999904864
2025-11-14,True,42,2063.0161723809515,2612.131384497355,15848.879019710814,0.0,15848.879019710814,True,"[-2703.046333983624, -5824.208353509515, 0.8864062612998627, -7590.056072710539, -0.4895281198567958, -7378.726347338898, -1.2344706501758569]",0.6893778999947244
2025-11-15,True,42,2612.131384497355,8338.290527513227,18014.77776968396,0.0,18014.77776968396,True,"[-1596.6722076859028, -570.8256505365445, -0.7458160331461814, -4221.1912331438825, -0.16079739659202552, -2714.5654798146134, -1.1317827478119007]",0.7042447999992874
2025-11-16,True,42,8338.290527513227,2492.976545820104,54156.960035605036,0.0,54156.960035605036,True,"[-5053.903255224124, -4516.401152274648, -1.0889254541105258, -898.163617789821, -0.9827759608327353, -2577.8320387295134, 1.6942307532993315]",0.5689152999984799
2025-11-17,True,42,2492.976545820104,2376.4488296825407,57037.564798406325,0.0,57037.564798406325,True,"[-3587.8581868723104, -4787.0564043036975, -1.7612690179619728, -883.4426537006418, 0.9551780062082851, -8819.587292192595, 0.38375333457903915]",0.5634892999951262
2025-11-18,True,42,2376.4488296825407,2770.8598359570947,57401.42486689145,0.0,57401.42486689145,True,"[-6142.145740203149, -1362.7766654673842, -1.0801403115250936, -681.9073762833536, 0.32280839059732, -1584.1985737880777, 1.0393636392971017]",0.5232061999995494
2025-11-19,True,42,2770.8598359570947,2460.3504513756634,57725.72765362855,0.0,57725.72765362855,True,"[-7916.605283710367, -7039.299257170951, 0.5755010065894925, -709.2078444321452, -1.9151640361052675, -9171.652756193876, -1.1347844684510586]",0.5013613000046462
2025-11-20,True,42,2460.3504513756634,1866.3235356084676,57236.07188805619,0.0,57236.07188805619,True,"[-4927.2298871129915, -7297.8681236775365, 1.0488344738502033, -765.0562515928484, -1.1227900108017201, -535.5548706867132, 0.38824115368614986]",0.4860874000005424
2025-11-21,True,42,1866.3235356084676,2118.1340523015883,16448.50023044966,0.0,16448.50023044966,True,"[-9456.161526066491, -9242.688317694377, -0.8547867987302966, -675.6143881943934, 1.63023770819966, -5104.659592980527, 0.5010041229629643]",0.49112849999801256
2025-11-22,True,42,2118.1340523015883,6355.3928888888895,18137.088419056345,0.0,18137.088419056345,True,"[-145.09054098590894, -1944.0445520102753, 0.1282212625509569, -483.3846362554176, -1.8257961908625928, -345.8978904869511, 0.4137774105628975]",0.4891209000052186
2025-11-23,True,42,6355.3928888888895,1967.5023187416994,56913.162124117254,0.0,56913.162124117254,True,"[-4121.761797915474, -3045.0369678373113, -0.5576454955981127, -719.392906037616, -1.0524037768102623, -8210.874934613323, 0.8480817032694561]",0.4922260000021197
2025-11-24,True,42,1967.5023187416994,1466.62359084656,58106.58155680685,0.0,58106.58155680685,True,"[-6949.146374353113, -6676.273842925105, -0.4911586378916475, -720.5561858891062, 1.8469593582586281, -4099.489256939838, 1.6989054041929914]",0.5118949000025168
2025-11-25,True,42,1466.62359084656,1818.6668178835976,58871.44363586463,0.0,58871.44363586463,True,"[-5908.491174002683, -3351.194801903964, -0.33911925577221425, -683.7412337849444, -1.9552017067944556, -5032.0684199148345, 1.1833971620512336]",0.5055602999927942
2025-11-26,True,42,1818.6668178835976,2260.8240217460307,59470.76081548263,0.0,59470.76081548263,True,"[-5581.265850780553, -2246.795315857849, 1.81363601742434, -849.4806194555284, 1.8069134856238502, -8405.34919964815, -0.9404274435930415]",0.5191885999956867
2025-11-27,True,42,2260.8240217460307,2084.25040113757,59644.78777580711,0.0,59644.78777580711,True,"[-7507.446357974735, -5009.5029463584015, 1.3242572346780142, -737.4155256740643, -0.39639497984382577, -7707.149007855086, 1.125444221310604]",0.5107147999951849
2025-11-28,True,42,2084.25040113757,1898.4293116241975,16278.17203643181,0.0,16278.17203643181,True,"[-465.13260548697525, -6148.292345955477, 0.5842451610091257, -461.517275043785, 1.8974085199881374, -2364.4560834694494, -1.2973646437535313]",0.5031006999925012
2025-11-29,True,42,1898.4293116241975,9387.90548759953,19679.833417208953,0.0,19679.833417208953,True,"[-6735.081230874684, -8502.073674789111, -0.6067052213284874, -615.0377538822287, 0.07438009053945605, -7615.009013213729, -0.03807021934787169]",0.5126469999959227
2025-11-30,True,42,9387.90548759953,3373.6727431481495,57696.858789456164,0.0,57696.858789456164,False,"[-9600.0, -9600.0, 0.0, -9600.0, 0.0, -9600.0, 0.0]",0.5021481000003405
2025-12-01,True,42,3373.6727431481495,1501.578192316256,64864.6609901735,21781.34503174005,86646.00602191355,True,"[-3332.156112169447, -463.08718043435846, 1.074590494540581, -3708.839968962936, 0.8060858659540284, -1875.7231629588948, 1.9429999150551542]",0.4913226999924518
2025-12-02,True,42,1501.578192316256,1547.8336434127004,67268.43180558314,24519.131145359534,91787.56295094267,False,"[0.0, 0.0, 0.0, 0.0, 0.0, 0.0, 0.0]",0.6786159000039333
2025-12-03,True,42,1547.8336434127004,1336.375350400561,69026.3242400428,3237.0650634778726,72263.38930352067,True,"[119.4550908119389, -601.7613349071553, -0.34865358924315526, -5940.38586888761, 0.9756081984471887, -2278.9799454436243, 0.03429604006894538]",0.6825148000061745
2025-12-04,True,42,1336.375350400561,1400.015932619045,69403.96439611728,7028.594167696539,76432.55856381383,False,"[-9600.0, -9600.0, 0.0, -9600.0, 0.0, -9600.0, 0.0]",0.7184089000074891
2025-12-05,True,42,1400.015932619045,1635.8350985714296,21877.306978714107,0.0,21877.306978714107,True,"[-6852.879369875444, -1907.5107502203834, 0.5387876153702567, -721.897753855086, -0.12763147817946807, -474.71187086237984, 0.2640131916123889]",0.5691252999968128
2025-12-06,True,42,1635.8350985714296,9709.868951746039,25474.31638539496,0.0,25474.31638539496,True,"[-5897.333329165995, -7540.588673965267, 0.3818885286028446, -2511.644725372259, 0.6491517626765844, -362.94116739451107, 1.5209508896419015]",0.6127884000015911
2025-12-07,True,42,9709.868951746039,1612.645266455028,68028.12486712004,0.0,68028.12486712004,False,"[-9600.0, -9600.0, 0.0, -9600.0, 0.0, -9600.0, 0.0]",0.5601806000049692
2025-12-08,True,42,1612.645266455028,2774.3881633333326,78420.55725903844,0.0,78420.55725903844,True,"[-5160.796957135768, -299.59451539437225, 1.1039137421010072, -9004.2801844183, -1.2591839846855324, -2428.3030170083566, 1.003237575155823]",0.6024659999966389
2025-12-09,True,42,2774.3881633333326,2019.1340129289458,77086.42432158103,0.0,77086.42432158103,True,"[-6618.69902723109, -138.32871184086918, -0.4411263949115978, -6245.139671360861, 0.4016725748047132, -8292.433412868264, -0.9018399068621183]",0.5143212999973912
2025-12-10,True,42,2019.1340129289458,1927.4049647354525,77391.58464920273,0.0,77391.58464920273,True,"[-2903.8010120790464, -135.28136053105692, -0.6468883937541401, -8727.032722413442, -1.3548825715177844, -3788.1821737670725, 1.8173699746876126]",0.5073352999897907
2025-12-11,True,42,1927.4049647354525,2064.1257859259263,76478.81183488591,0.0,76478.81183488591,True,"[12.782618491475972, -307.94945836537016, 0.1570655528831928, -1342.620606738148, -0.019036532067892242, -3964.6493747141712, -1.4570501811494765]",0.49480440000479575
2025-12-12,True,42,2064.1257859259263,4235.1982287037035,26586.545027887347,0.0,26586.545027887347,True,"[-105.83338798209887, -4595.397961422733, -0.027905783794840433, -9347.831562181686, 0.9992740610024691, -3294.4814333207473, 1.3205649126795995]",0.5346368000027724
2025-12-13,True,42,4235.1982287037035,10800.0,29156.749792397208,0.0,29156.749792397208,True,"[-62.73430082846545, -3314.378454572664, 0.552810158552103, -6746.530383967756, -1.330202838135592, -3982.9468662680365, 0.012731953908097893]",0.5270010999956867
2025-12-14,True,42,10800.0,2006.822573703706,73740.47123380187,0.0,73740.47123380187,True,"[-0.2322870669082988, -454.3002653190328, -0.08440734958917595, -2861.376258737106, 0.6688681446503919, -3399.301041402792, 1.196356473132533]",0.5529387999995379
2025-12-15,True,42,2006.822573703706,2570.7005087369685,77499.63486805298,0.0,77499.63486805298,True,"[-59.34753836148303, -151.81411679842682, -1.1084856776984047, -376.2166605724335, -0.8296396408826392, -367.3804661882812, 1.039772323680832]",0.5254401999991387
2025-12-16,True,42,2570.7005087369685,4136.777224381791,77519.78694016719,0.0,77519.78694016719,False,"[-9600.0, -9600.0, 0.0, -9600.0, 0.0, -9600.0, 0.0]",0.5263393999921391
2025-12-17,True,42,4136.777224381791,2718.55062574074,75889.50021144326,0.0,75889.50021144326,True,"[-129.5392668574973, -383.7244002566525, 0.48029140156838324, -5231.696197068133, 0.43530641969851525, -3448.341708875531, -1.1394216308475298]",0.5350758999993559
2025-12-18,True,42,2718.55062574074,1949.7979518518537,74748.21024919681,96.02602945833323,74844.23627865514,True,"[-207.96547053798554, -319.47585333821456, -1.1774984259262555, -609.6939918270458, 1.4357888775489704, -894.9866119962962, -1.4016446478017848]",0.5306615000008605
2025-12-19,True,42,1949.7979518518537,4132.530413068782,25968.141779190424,0.0,25968.141779190424,True,"[-190.310077010745, -1767.413895841725, 0.7167405566842748, -6521.274541506111, 1.8641619556647036, -5884.6949294534, 0.0643990526622571]",0.4891513000038685
2025-12-20,True,42,4132.530413068782,9356.294905608465,26832.57126403908,0.0,26832.57126403908,True,"[-70.8301774115597, -8437.423855395016, 0.687087338131128, -848.1014121197092, 0.9178241616413683, -5689.257171111198, 0.7107412152618307]",0.4915767000056803
2025-12-21,True,42,9356.294905608465,2093.539421023759,72027.1551011271,238.32465853052244,72265.47975965761,True,"[-14.371724602588287, -8172.908736880054, 0.022186981493533597, -6635.146164563819, -0.5606774529936132, -4814.136166405778, -0.22132499094658842]",0.48563139999168925
2025-12-22,True,42,2093.539421023759,1689.3525638888907,76174.61968937008,70.35267229047486,76244.97236166056,False,"[-9600.0, -9600.0, 0.0, -9600.0, 0.0, -9600.0, 0.0]",0.5778254000033485
2025-12-23,True,42,1689.3525638888907,2048.1156812962977,75425.4175543164,0.0,75425.4175543164,False,"[-9600.0, -9600.0, 0.0, -9600.0, 0.0, -9600.0, 0.0]",0.5326795000000857
2025-12-24,True,42,2048.1156812962977,1826.4172687671023,74464.98358628085,0.0,74464.98358628085,True,"[6501.85979812227, -188.76909751431333, 1.2700246697520248, -8023.118253183787, 0.8977735678962082, -1556.272041765357, 0.9038939133499722]",0.5684580999950413
2025-12-25,True,42,1826.4172687671023,1908.9891861111123,74729.50071765744,0.0,74729.50071765744,False,"[-9600.0, -9600.0, 0.0, -9600.0, 0.0, -9600.0, 0.0]",0.57374659999914
2025-12-26,True,42,1908.9891861111123,3042.7919936243397,24418.12311636589,0.0,24418.12311636589,False,"[-9600.0, -9600.0, 0.0, -9600.0, 0.0, -9600.0, 0.0]",0.5916715000057593
2025-12-27,True,42,3042.7919936243397,10800.0,26151.159121267377,0.0,26151.159121267377,True,"[-2657.090910794993, -52.306390202843644, -1.1046924284109938, -2344.380123809545, 0.11680918020358888, -698.8951112907007, 0.5542588647914117]",0.5933277000003727
2025-12-28,True,42,10800.0,2056.8638085185194,69507.06942879615,81.0179095785727,69588.08733837472,True,"[-1094.5850438306807, -103.72877984495723, 1.9620705024617844, -3918.439582401327, 0.4323824087540604, -3542.0960483906633, -0.5826137179877575]",0.5395064000040293
2025-12-29,True,42,2056.8638085185194,2640.301102962965,74120.1351356584,0.0,74120.1351356584,True,"[92.76517968984095, -178.57260851119676, -0.34475626050682306, -3090.149901766245, -0.8082343130246794, -5709.337004162015, -1.206644666179526]",0.5938970999995945
2025-12-30,True,42,2640.301102962965,1962.2838526455087,71969.20236038478,71.65943115476082,72040.86179153954,True,"[75.15945629306344, -596.5969106244778, -0.5767870069564256, -106.4679492257234, -0.9316962616067346, -4804.218386966079, -0.2789074409140533]",0.5244161000009626
2025-12-31,True,42,1962.2838526455087,2443.3046188888898,73095.35793051976,0.0,73095.35793051976,False,"[-9600.0, -9600.0, 0.0, -9600.0, 0.0, -9600.0, 0.0]",0.48985080000420567
