date,grid_kwh,charge_kwh,discharge_kwh,unused_kwh,total_cost,soc_start_kwh,soc_end_kwh
2025-02-01,38070.49756402117,19107.798980687836,15415.47735,2.9345414986892138e-12,19898.04131942106,8481.289084047618,8550.0
2025-02-02,82818.67680699589,23486.309773662553,19023.910916666668,2.2168933355715126e-12,51437.55301985227,8550.0,8550.000000000002
2025-02-03,84724.77799794238,23725.586831275716,19217.725333333332,2.1600499167107046e-12,52683.50883835836,8550.000000000002,8550.0
2025-02-04,85891.4303164609,24718.77034979424,20022.203983333333,3.410605131648481e-13,53651.71301347296,8550.0,8550.0
2025-02-05,85397.14814403292,24466.953477366253,19818.23231666667,4.320099833421409e-12,53050.173396840924,8550.0,8550.0
2025-02-06,84173.2390845679,23379.904567901234,19477.722700000002,1.0373923942097463e-12,52437.87793646556,8550.0,7950.0
2025-02-07,36410.44905823046,18404.949341563788,15532.916516666664,1732.736566666668,19044.604587269816,7950.0,7255.6582777777785
2025-02-08,37467.619300000006,19666.666666666664,14765.092449999996,988.8823666666694,19418.747556943337,7255.6582777777785,8550.0
2025-02-09,84085.1855866255,23840.892736625512,19311.12311666667,3.410605131648481e-13,52157.06258989263,8550.0,8550.0
2025-02-10,78819.63965979424,23647.37934979424,19154.37727333333,3.410605131648481e-13,48396.3396231825,8550.0,8550.0
2025-02-11,79669.19699121811,23413.683462551442,18965.083604666666,5.684341886080801e-13,49216.165416407974,8550.0,8550.0
2025-02-12,79766.03361470989,23680.513059876546,19181.2155785,1.900701818158268e-13,49397.42404586927,8550.0,8550.000000000002
2025-02-13,73911.72886728395,21428.478950617282,18846.2291,2.5011104298755527e-12,45450.57726189914,8550.000000000002,6895.3765
2025-02-14,34965.52058786008,17463.923971193413,14440.83885,2140.633650000001,18284.550756207675,6895.3765,6567.531574074073
2025-02-15,37490.11521666667,19666.666666666664,14145.778416666664,2689.1358666666683,19423.771940915,6567.531574074073,8550.0
2025-02-16,79781.57902083333,23179.999583333334,18775.7996625,4.547473508864641e-13,49074.44516394583,8550.0,8550.0
2025-02-17,75537.68155864198,22914.83364197531,18561.01525,3.410605131648481e-13,45954.89727341,8550.0,8550.0
2025-02-18,76516.32402233333,23289.1381,18864.201861,5.684341886080801e-13,46653.464649576665,8550.0,8550.0
2025-02-19,77308.938357,23313.741966666665,18884.130992999995,2.716049607442983e-12,47587.413464740705,8550.0,8550.000000000002
2025-02-20,72887.04026399177,20387.927880658433,18494.02135,2.3874235921539366e-12,44937.246120067146,8550.000000000002,6350.222481481482
2025-02-21,33788.12361893004,16932.739485596707,13950.200233333333,5245.3223333333335,17466.761609418005,6350.222481481482,6089.465537037037
2025-02-22,36919.11571666667,19666.666666666664,13715.518983333333,3123.205150000002,18955.860059851668,6089.465537037037,8550.0
2025-02-23,75940.08124547325,23201.197695473253,18792.970133333336,5.684341886080801e-13,46144.17708926646,8550.0,8550.0
2025-02-24,72453.19780967079,22369.28522633745,18119.121033333333,5.400124791776761e-13,44091.878882700286,8550.0,8550.000000000002
2025-02-25,70017.80707037037,22086.757037037038,17890.273200000003,2.1600499167107046e-12,42535.24902012278,8550.000000000002,8550.0
2025-02-26,73111.5817228395,22614.387839506173,18317.65415,4.547473508864641e-13,44309.7537540521,8550.0,8550.000000000002
2025-02-27,68259.07996358024,20041.30024691358,18738.804483333337,2.8546054409162025e-12,42451.79190616401,8550.000000000002,5766.276351851852
2025-02-28,32260.472405555556,15889.33722222222,13424.648716666667,6503.190350000003,16755.195289248888,5766.276351851852,5150.403500000001
2025-03-01,35426.57878333334,19686.967078189296,12886.806483333332,4967.652255144037,18195.930342493335,5150.403500000001,8550.0
2025-03-02,76839.43054876543,23584.860432098765,19103.73695,4.455102953215828e-12,46911.9229273869,8550.0,8550.0
2025-03-03,76512.85058122016,23661.599725720163,19165.89577783333,2.033762047659593e-12,46954.98411732613,8550.0,8550.0
2025-03-04,73527.44303786008,22778.868971193413,18450.883866666667,1.1368683772161603e-12,44535.55655741545,8550.0,8550.0
2025-03-05,70462.77450370371,22801.592037037044,18469.289549999998,6.821210263296962e-13,42513.831044730934,8550.0,8550.0
2025-03-06,65845.02309567902,18339.58734567901,18435.218383333333,2.3661073100811336e-12,40533.93876969212,8550.0,4572.052629629629
2025-03-07,30412.841242386832,15287.131275720163,12349.847366666665,6553.271800000001,15873.107104122244,4572.052629629629,4608.418148148148
2025-03-08,35093.33733333333,19666.666666666664,12382.576333333334,8746.107483333337,17782.604456223333,4608.418148148148,8550.0
2025-03-09,67557.8740798354,22233.415946502057,18009.066916666667,4.796163466380676e-13,40815.893136731815,8550.0,8550.000000000002
2025-03-10,72255.4779654321,22175.823765432095,17962.417249999995,6.707523425575346e-12,43422.360463668585,8550.000000000002,8550.000000000002
2025-03-11,68220.58009444445,22535.05944444444,18253.398149999997,2.1600499167107046e-12,40986.49778139611,8550.000000000002,8550.0
2025-03-12,66638.79068333333,22122.39999999999,17919.143999999997,4.014566457044566e-12,40133.95007184833,8550.0,8550.0
2025-03-13,66823.64719074074,17246.797407407408,17968.768233333332,2.3874235921539366e-12,41152.87758456689,8550.0,4106.81962962963
2025-03-14,29781.109375925927,14954.277592592587,11931.137666666667,10728.543466666672,15430.64879419574,4106.81962962963,4308.849833333334
2025-03-15,35094.67061666667,19666.666666666664,12112.964849999998,6616.8436500000025,17766.285616871668,4308.849833333334,8550.000000000002
2025-03-16,67586.20673641976,22290.31475308642,18055.154949999996,2.3874235921539366e-12,40414.21248166772,8550.000000000002,8550.000000000002
2025-03-17,61787.38877345678,20680.301790123453,16751.04445,2.3021584638627246e-12,37284.36463700895,8550.000000000002,8550.0
2025-03-18,65275.09500123457,21837.5612345679,17688.4246,1.1723955140041653e-12,39163.10402954982,8550.0,8550.0
2025-03-19,63626.32473641976,21899.233086419754,17738.3788,5.186961971048731e-13,38174.93978847537,8550.0,8550.0
2025-03-20,61116.7544962963,16623.159629629634,17715.366949999996,2.2737367544323206e-13,37592.76536549871,8550.0,3827.1026111111114
2025-03-21,28813.25159176955,14190.360658436215,11679.392349999998,14268.818766666665,14805.800720282472,3827.1026111111114,3621.3245925925958
2025-03-22,34250.93896666667,19666.66666666666,11494.192133333332,10197.264700000005,17064.41842836,3621.3245925925958,8550.0
2025-03-23,62840.966184773664,21427.610884773665,17356.364816666664,2.2737367544323206e-13,37518.24123216396,8550.0,8550.000000000002
2025-03-24,62182.8851255144,22023.094958847734,17838.706916666666,4.916955731459893e-12,37252.434709979505,8550.000000000002,8550.0
2025-03-25,65078.24369588478,21726.941995884776,17598.823016666665,1.1368683772161603e-13,38920.36438893896,8550.0,8550.0
2025-03-26,59609.646145679006,21142.58567901234,17125.4944,4.547473508864641e-13,35783.791410781974,8550.0,8550.000000000002
2025-03-27,57313.82902613169,15716.665576131683,17119.82595,2.3874235921539366e-12,35281.569652405306,8550.000000000002,3672.970185185185
2025-03-28,27788.85299691358,13778.971913580244,11540.673166666666,14728.67348333334,14148.432033769323,3672.970185185185,3251.0747222222226
2025-03-29,34230.07348333333,19666.666666666668,11160.967250000003,18017.164883333335,17049.076983389998,3251.0747222222226,8550.0
2025-03-30,59287.0334590535,20744.28294238683,16802.869183333332,9.592326932761353e-13,35526.46008192765,8550.0,8550.0
2025-03-31,60689.51498692798,19674.344755761314,15936.219252166668,4.547473508864641e-13,36470.13818900073,8550.0,8550.0
2025-04-01,63952.210522839516,19701.88950617284,15958.530499999997,1.0373923942097463e-12,38014.16285172056,8550.0,8550.000000000002
2025-04-02,64499.71394938271,21391.46604938271,17327.087499999998,3.127276215764141e-12,38115.86117557426,8550.000000000002,8550.0
2025-04-03,53853.63269341564,15044.05952674897,17053.9571,4.4231285301066237e-13,33408.244127822676,8550.0,3140.812351851853
2025-04-04,26758.03008415638,13260.686934156376,11061.731116666666,18128.27201666667,13485.835872760515,3140.812351851853,2784.6182407407405
2025-04-05,33893.7869,19666.666666666668,10741.156416666667,12924.161666666667,16698.620248598334,2784.6182407407405,8550.0
2025-04-06,58369.25100463992,20837.761778806584,16878.587040833332,9.379164112033322e-13,34968.19825856968,8550.0,8550.0
2025-04-07,57061.12463024691,20096.870246913575,16278.4649,2.8679281172117044e-12,34104.14554759508,8550.0,8550.0
2025-04-08,58411.84687962963,21361.33296296296,17302.6797,1.1723955140041653e-13,35193.61567416389,8550.0,8550.000000000002
2025-04-09,63052.37494074074,20621.38907407407,16703.32515,2.3874235921539366e-12,37339.803244485556,8550.000000000002,8550.0
2025-04-10,51943.71482699383,14328.095843827161,16845.01891683333,0.0,32485.482031320695,8550.0,2728.598574074074
2025-04-11,26262.93936028807,12642.659176954734,10690.738716666665,18994.368733333333,13198.922684048253,2728.598574074074,2228.3932592592614
2025-04-12,33146.94203333333,19666.666666666664,10240.553933333333,14695.668750000004,16140.519059591668,2228.3932592592614,8550.0
2025-04-13,58053.528248,19879.840866666666,16102.671101999998,2.2737367544323206e-13,34744.0723945434,8550.0,8550.0
2025-04-14,55662.58648539095,19339.761502057612,16205.206816666665,4.547473508864641e-13,33164.54236566107,8550.0,7950.0
2025-04-15,54406.01703209877,19613.62209876543,15347.0339,1.1368683772161603e-13,33034.86327555691,7950.0,8550.000000000002
2025-04-16,59410.30771255144,19109.030329218105,15478.314566666668,5.279332526697544e-12,35230.274884924256,8550.000000000002,8550.0
2025-04-17,49639.27362860082,12738.536378600822,15967.605099999999,1.5916157281026244e-12,31072.960679757736,8550.0,2272.899296296296
2025-04-18,25590.24695123457,12727.836234567902,10280.609366666666,16788.902899999997,12637.195123436792,2272.899296296296,2305.0526111111135
2025-04-19,32446.961033333337,19666.666666666664,10309.547349999997,16305.162466666668,15478.759253833336,2305.0526111111135,8550.0
2025-04-20,54693.686947942384,19044.19349794239,16308.251433333337,6.695199950002007e-13,32691.408861037446,8550.0,7569.494777777778
2025-04-21,53136.03175,19666.666666666668,15047.5453,2.9061197892588098e-12,31924.461132005003,7569.494777777778,8550.0
2025-04-22,55791.64935,19172.67878333333,15533.95875,3.410605131648481e-13,33147.50149539273,8550.0,8545.45673833333
2025-04-23,53752.5596063786,17571.950373045267,15219.307483333332,3.410605131648481e-13,32084.99101344496,8545.45673833333,7449.870425925925
2025-04-24,44682.48313600823,12250.467119341563,14939.883383333336,281.79270000000133,28332.763249252243,7449.870425925925,1875.4204074074073
2025-04-25,24526.440032458846,12133.273153292179,9925.998554166667,20318.807783333334,12081.364263455453,1875.4204074074073,1766.4789629629631
2025-04-26,31994.23513333333,19000.0,9824.831066666668,22748.87256666667,15402.608890911666,1766.4789629629631,7950.0
2025-04-27,53232.64911563786,19843.57841563786,15533.298516666666,348.89803333333293,32204.917616407594,7950.0,8550.0
2025-04-28,57765.98793436214,16637.38158436214,15493.360966666665,2.3367974222310295e-12,34380.539185701935,8550.0,6308.79790740741
2025-04-29,52651.01034218107,19065.7570755144,13988.579583333334,140.61913333333774,32056.5561463521,6308.79790740741,7925.113071666667
2025-04-30,51636.78343333334,17671.21455,14291.285549999999,1.1368683772161603e-13,30939.595677056666,7925.113071666667,7950.000000000002
2025-05-01,49009.73846872428,12999.903168724275,15592.411966666667,590.8684666666722,31979.29081973222,7950.000000000002,2325.010666666666
2025-05-02,28162.007878600823,12343.94804526749,10327.509599999998,11855.24935,15184.112080238974,2325.010666666666,1959.5532407407445
2025-05-03,34186.98458786008,18897.842921193416,9998.597916666666,16420.567933333336,17527.929143844794,1959.5532407407445,7858.058629074077
2025-05-04,55756.044200000004,17887.52438333333,13866.147516666666,1.7816859099184512e-12,34435.92703087,7858.058629074077,8550.000000000002
2025-05-05,58245.47071316873,19523.49427983539,16354.030366666664,4.028777311759768e-12,35526.958810731856,8550.000000000002,7950.0
2025-05-06,57293.010366872426,20472.59023353909,16049.662233333333,2.6911806116913795e-12,35060.082575804074,7950.0,8542.373173148151
2025-05-07,58772.15341748971,19460.22801748971,15755.920549999999,9.601208716958354e-13,36261.733949281544,8542.373173148151,8550.0
2025-05-08,52306.10858786008,11893.367304526748,15413.771116666667,7.531752999057062e-13,33126.8691164657,8550.0,2127.6182222222224
2025-05-09,26983.90574691358,12249.871080246912,10149.856399999999,16384.50521666667,14353.791288047285,2127.6182222222224,1874.8839722222233
2025-05-10,34708.401633333335,19672.60916666667,9927.208999999997,12841.956183333332,17608.212349363337,1874.8839722222233,8550.0
2025-05-11,58341.22385432098,17879.709320987655,15022.564550000003,3.552713678800501e-13,35662.99137286856,8550.0,7950.0
2025-05-12,55712.11627304527,17057.479156378606,13276.558116666667,9.237055564881302e-13,34350.12536171939,7950.0,8550.0
2025-05-13,56504.22526831275,18291.215534979416,14916.203033333331,1.1191048088221578e-12,34431.43278877833,8550.0,8438.53505555555
2025-05-14,55908.3054,17546.516666666666,14652.36005,2.2737367544323206e-13,34184.631356005004,8438.53505555555,7950.0
2025-05-15,49018.91603683128,11262.179053497945,15008.3213,1.0942358130705543e-12,31440.644469354425,7950.0,1410.0485925925927
2025-05-16,26046.923966769547,11655.829825102881,9505.279658333335,21180.867266666668,13611.855656583866,1410.0485925925927,1338.8735925925926
2025-05-17,35068.21251666667,19666.666666666664,9439.986233333333,14392.733000000002,17852.314846778336,1338.8735925925926,8550.000000000002
2025-05-18,54927.61460349795,16333.900720164604,15082.454216666667,6.970424237806583e-12,33343.42276426033,8550.000000000002,6492.228185185186
2025-05-19,53645.86613333334,19676.2787037037,14085.791116666665,540.1619962962985,32937.78528787333,6492.228185185186,8550.000000000002
2025-05-20,56581.691017901234,16459.92871790123,14405.632516666667,3.12017078840654e-12,34600.67737344646,8550.000000000002,7357.67749425926
2025-05-21,55231.301171193416,17555.76648786008,13687.080600000001,1.8118839761882555e-13,34206.72781673432,7357.67749425926,7950.000000000002
2025-05-22,46904.806579012344,10250.32234567901,14162.146583333333,1.1874945471390674e-12,30349.90865657687,7950.000000000002,1439.5716851851862
2025-05-23,25928.66513045267,11650.963230452675,9530.614516666668,17387.367533333334,13573.911510810018,1439.5716851851862,1335.8669074074078
2025-05-24,31215.07575864198,16945.560058641975,9437.280216666666,19952.294533333334,15636.172126172532,1335.8669074074078,6101.004052777779
2025-05-25,54455.69213333334,19508.34525,13597.663299999998,5.808686864838819e-13,33487.352278750004,6101.004052777779,8550.000000000004
2025-05-26,56682.76972860082,17132.92196193415,15029.985183333334,5.229594535194337e-12,34415.273688322115,8550.000000000004,7269.646228703702
2025-05-27,53848.780038888886,18259.63077222222,13801.218033333333,3.304023721284466e-13,32966.130751021665,7269.646228703702,8368.627219999998
2025-05-28,55940.116050000004,18437.139199999994,14770.847249999999,4.980904577678302e-12,33931.567770713336,8368.627219999998,8550.0
2025-05-29,50028.08261111112,11268.222777777779,15350.263666666666,9.254819133275305e-13,31894.674395436257,8550.0,1635.5519814814816
2025-05-30,26337.27035288066,12082.22343621399,9706.996783333332,17365.810433333336,13810.419938491648,1635.5519814814816,1724.0010925925935
2025-05-31,33843.16010416667,19697.832916666666,9811.845645833331,15567.991283333336,16694.887243093337,1724.0010925925935,8550.0
2025-06-01,75279.36421378602,21339.67323045268,17285.135316666667,6.821210263296962e-13,46186.14704349126,8550.0,8550.0
2025-06-02,72723.79623744857,21489.41467078189,17406.425883333333,5.311306949806749e-13,45285.084875871005,8550.0,8550.0
2025-06-03,72288.32671741152,21557.683600411525,17461.723716333334,4.547473508864641e-13,44623.874342536576,8550.0,8550.0
2025-06-04,73602.31540308642,20826.603086419753,16869.5485,4.547473508864641e-13,45091.244619177036,8550.0,8550.0
2025-06-05,68460.64183622634,15339.523348559671,18028.199528999998,3.410605131648481e-13,43507.78272300387,8550.0,2324.2382037037037
2025-06-06,35374.87876563786,12680.278415637857,10326.81438333333,2166.419333333338,20766.33275780101,2324.2382037037037,2262.2505740740753
2025-06-07,41242.63268333334,19666.666666666668,10271.025516666667,720.4783666666654,22764.595049338335,2262.2505740740753,8550.0
2025-06-08,68802.30059186625,19038.828027366253,15421.450702166669,4.04298816647497e-12,42906.263869655566,8550.0,8550.0
2025-06-09,75055.75037366255,21700.198106995886,17577.160466666668,2.8546054409162025e-12,46636.7320732271,8550.0,8550.0
2025-06-10,75800.80993662552,22012.45106995885,17830.085366666666,9.094947017729282e-13,46794.66226507266,8550.0,8550.0
2025-06-11,80477.3567385288,23120.581167695473,18727.670745833333,4.547473508864641e-13,50294.636686688325,8550.0,8550.0
2025-06-12,69863.01378580865,15716.456591975311,18305.8342395,2.3447910280083306e-13,44769.39786938741,8550.0,2354.9951111111113
2025-06-13,33468.286524279836,12441.914609053494,10368.355416666665,3049.4136318930077,19536.15885489354,2354.9951111111113,2032.3233518518518
2025-06-14,41107.7564,19666.666666666664,10064.091016666665,5311.838000000004,22662.22098932,2032.3233518518518,8550.0
2025-06-15,74782.07992345678,21868.97679012345,17713.871199999998,3.410605131648481e-13,45964.215965013864,8550.0,8550.0
2025-06-16,77083.96084074075,23104.77907407408,18714.87105,5.684341886080801e-13,47569.849127684036,8550.0,8550.0
2025-06-17,78850.45213539095,22176.004835390948,17962.563916666662,5.684341886080801e-13,49011.64515231998,8550.0,8550.0
2025-06-18,75035.38942057613,21615.781687242797,17508.783166666668,7.958078640513122e-13,46096.82171353284,8550.0,8550.0
2025-06-19,64824.78770246913,14032.672469135798,17467.388966666666,2.3874235921539366e-12,41692.478518240285,8550.0,1771.1952592592588
2025-06-20,32249.899435802472,12373.974135802475,9829.075733333333,7304.420183333328,18482.40214226358,1771.1952592592588,1986.5767222222232
2025-06-21,39271.1074,19666.666666666668,10022.91905,10292.619383333335,20926.70887634167,1986.5767222222232,8550.0
2025-06-22,71317.94825390946,20318.985020576132,16458.377866666666,3.410605131648481e-13,44082.2285980693,8550.0,8550.0
2025-06-23,71063.16954999999,21062.545,17060.66145,1.1368683772161603e-13,44372.301901319566,8550.0,8550.0
2025-06-24,80707.8453026749,23363.437119341565,18924.384066666666,5.115907697472721e-13,50123.726020282076,8550.0,8550.0
2025-06-25,74738.86941928806,22639.200276954733,18337.752224333337,2.6716406864579767e-12,45687.35607934923,8550.0,8550.0
2025-06-26,64340.360738823045,14409.145467489712,17616.168562,2.2737367544323206e-13,40989.50328715481,8550.0,1944.7102962962963
2025-06-27,31354.233003703706,12334.817037037035,9985.239266666666,9233.009366666669,17739.71611411537,1944.7102962962963,1951.3353333333337
2025-06-28,39212.72555,19666.666666666668,9991.2018,7760.334566666668,20995.15479958,1951.3353333333337,8550.0
2025-06-29,73375.9441109856,21621.976724485594,17513.801146833335,8.206768598029157e-13,44811.72519957351,8550.0,8550.0
2025-06-30,74031.93960310082,21864.503261934155,17710.247642166665,1.3287149158713873e-12,45253.613858566794,8550.0,8550.0
2025-07-01,83117.25259471193,22372.150323045265,18121.44176166667,2.76667577736589e-12,51875.368466645166,8550.0,8550.0
2025-07-02,76530.89339465021,19084.87909465021,15458.752066666666,3.538502824085299e-12,48191.831396588146,8550.0,8550.0
2025-07-03,77219.42861584363,15663.32973251029,18204.320050000002,2.2737367544323206e-13,49882.702603932674,8550.0,2419.9744814814817
2025-07-04,41162.75035761317,12933.870390946498,10412.97703333333,9760.989533333337,24542.157648631874,2419.9744814814817,2490.4833518518517
2025-07-05,48344.00158333334,19666.666666666668,10476.435016666666,10363.689966666665,27662.641465318335,2490.4833518518517,8550.000000000004
2025-07-06,84126.28469382717,22801.59549382716,18469.29235,4.661160346586257e-12,53258.657678071875,8550.000000000004,8550.0
2025-07-07,77035.53352489712,19084.477674897124,15458.426916666667,2.2737367544323206e-13,48431.411533386425,8550.0,8550.0
2025-07-08,79763.19713518518,22062.158518518518,17870.3484,1.2008172234345693e-12,50658.05292686181,8550.0,8550.0
2025-07-09,78022.69742489712,20863.012674897123,16899.040266666667,1.149302875091962e-12,49143.36140772282,8550.0,8550.0
2025-07-10,70441.41586851852,14262.305185185185,16674.5127,4.547473508864641e-13,46195.63797819704,8550.0,2858.8383333333336
2025-07-11,40909.089285390946,12916.628168724279,10807.9545,6281.638466666666,24318.879081069652,2858.8383333333336,2474.965351851853
2025-07-12,48304.688683333334,19666.666666666664,10462.468816666666,8016.247500000001,27708.526370611668,2474.965351851853,8550.0
2025-07-13,73163.80063796297,20505.685462962963,16609.605225,1.3535839116229909e-12,46866.080191125555,8550.0,8550.0
2025-07-14,75358.3204644033,18687.585514403294,15136.944266666665,2.829736445164599e-12,47944.83149192352,8550.0,8550.0
2025-07-15,76363.96591851852,19025.870185185187,15410.95485,9.094947017729282e-13,48246.256397194484,8550.0,8550.0
2025-07-16,75840.57327469547,19505.31521769547,15799.305326333333,3.410605131648481e-13,48049.823533574614,8550.0,8550.0
2025-07-17,69624.61881666667,13697.176666666664,16792.973916666666,9.094947017729282e-13,45759.81839074014,8550.0,2218.5990925925926
2025-07-18,39438.78663477366,12144.742551440328,10231.739183333333,6251.535166666667,23510.020995159157,2218.5990925925926,1780.2682962962963
2025-07-19,48016.4566,19666.666666666664,9837.241466666666,11004.212350000003,27589.17153118,1780.2682962962963,8550.0
2025-07-20,75833.23601069959,19701.356810699588,15958.099016666667,4.547473508864641e-13,47780.58812640574,8550.0,8550.0
2025-07-21,77865.3505298354,20397.90094650206,16522.299766666667,1.1368683772161603e-13,49127.40194173519,8550.0,8550.0
2025-07-22,77669.54678312757,20391.59034979424,16517.188183333335,9.094947017729282e-13,48921.360087110676,8550.0,8550.0
2025-07-23,78291.62337757202,21447.76979423868,17372.693533333335,3.0340174816956278e-12,49534.3039129765,8550.0,8550.0
2025-07-24,70194.3565292181,12386.062979218104,15808.17845,2.2737367544323206e-12,46004.153499397675,8550.0,2132.8139590740743
2025-07-25,39568.79026234568,12768.488029012347,10200.551916666667,10495.534583333332,23487.521167206236,2132.8139590740743,2290.5066111111114
2025-07-26,46877.92173333333,19666.666666666668,10296.455950000001,9038.619449999998,26658.7853921,2290.5066111111114,8550.0
2025-07-27,77947.96454320988,22435.656543209883,18172.8818,4.547473508864641e-13,48856.91734904556,8550.0,8550.0
2025-07-28,82118.28186316873,21912.65594650206,17749.25131666667,6.821210263296962e-13,51379.08425617245,8550.0,8550.0
2025-07-29,80095.45269012346,21190.56179012346,17164.355050000002,7.958078640513122e-13,50054.79237237539,8550.0,8550.0
2025-07-30,78186.42119897119,21490.353415637863,17407.186266666668,5.684341886080801e-13,49148.494432080435,8550.0,8550.0
2025-07-31,71230.40094320988,13994.924876543213,17459.520200000003,6.448175327022909e-13,46479.22466951315,8550.0,1745.9654999999998
2025-08-01,38979.84808045268,12422.173230452676,9806.36895,15112.684133333332,23075.360379954156,1745.9654999999998,2029.955907407408
2025-08-02,44550.999784156375,18562.014100823042,10061.960316666667,15123.921066666668,25425.554482847387,2029.955907407408,7555.812690740739
2025-08-03,66760.65961666667,18770.584499999997,14849.404866666668,2.7924329515371937e-12,43290.93597958166,7555.812690740739,7950.0
2025-08-04,69275.36065843621,18873.85114176955,15014.145566666666,4.689582056016661e-13,44349.64408136612,7950.0,8254.08206462963
2025-08-05,69093.65859979425,19342.224866460907,15400.875999999998,4.547473508864641e-13,43890.07059020087,8254.08206462963,8550.0
2025-08-06,71156.90958580247,18855.3174691358,15812.80715,5.684341886080801e-13,45620.37428969197,8550.0,7950.0
2025-08-07,60901.66174197531,13102.826975308642,15589.150483333335,1.1368683772161603e-13,40646.3910501736,7950.0,2421.2659629629634
2025-08-08,38070.98567037037,12811.16037037037,10414.139366666668,19898.793416666667,22484.9375710437,2421.2659629629634,2380.0443333333337
2025-08-09,44778.0003744856,19112.286557818934,10377.0399,17120.824716666666,25368.448094446485,2380.0443333333337,8051.057902037042
2025-08-10,68624.5799899177,17952.17395658436,14632.213016666668,2.9842794901924208e-12,43990.62759584734,8051.057902037042,7950.0
2025-08-11,68953.88028395062,20276.983950617287,15884.357000000002,1.84474657771716e-12,44064.25279828475,7950.0,8550.0
2025-08-12,71279.76036378602,18522.19323045267,15002.976516666668,7.034373084024992e-12,45723.513630819325,8550.0,8550.0
2025-08-13,69652.94579711935,18589.29656378601,15057.330216666667,1.6342482922482304e-12,44236.96257144774,8550.0,8550.0
2025-08-14,63108.32679979424,13655.322016460907,16473.286200000002,2.3092638912203256e-13,41870.95189391982,8550.0,2536.1384814814814
2025-08-15,38367.980805144034,12669.196255144034,10517.524633333333,19056.5823,22553.70397143496,2536.1384814814814,2252.27662962963
2025-08-16,44804.37783333333,18999.999999999996,10262.048966666665,19137.14643333334,25460.77479789667,2252.27662962963,7950.0
2025-08-17,66786.5120335391,19058.51798353909,15437.399566666667,4.9666937229631e-12,43280.454319191915,7950.0,7950.0
2025-08-18,68141.58626975308,19723.52975308642,15976.0591,4.831690603168681e-13,43876.27794925636,7950.0,7950.0
2025-08-19,68506.76211255144,19205.800329218106,15016.698266666666,4.547473508864641e-13,44054.65315091864,7950.0,8550.0
2025-08-20,74749.24393086419,21571.330864197524,17472.778000000002,6.821210263296962e-13,47011.28314991185,8550.0,8550.0
2025-08-21,62427.88851954733,11574.153436213994,14990.6834,2.2737367544323206e-13,41359.737329015494,8550.0,2310.4232037037036
2025-08-22,39415.97047983539,12688.174279835392,10314.380883333333,15811.607683333332,23598.569047019093,2310.4232037037036,2269.3568518518514
2025-08-23,45105.32115,19000.0,10277.421166666667,13852.736166666666,25728.598808378334,2269.3568518518514,7950.0
2025-08-24,68480.91469053498,20756.767757201647,16272.981883333334,263.53933333333174,44355.79474993142,7950.0,8550.0
2025-08-25,74546.6524808642,19860.870864197528,16087.305400000001,5.684341886080801e-13,47403.05449980675,8550.0,8550.0
2025-08-26,69330.22665864197,20007.41197530864,16206.003700000001,5.684341886080801e-13,44560.33243848831,8550.0,8550.0
2025-08-27,71901.60024275102,20986.58618991769,16999.13481383333,5.5706550483591855e-12,46015.06413932984,8550.0,8550.0
2025-08-28,68946.53010144032,14735.569218106997,16556.8341,1.1368683772161603e-13,44719.47259611039,8550.0,3415.5299629629635
2025-08-29,38231.89287880658,12611.132695473249,11308.976966666665,14374.516800000003,22905.970179968437,3415.5299629629635,2200.0194259259256
2025-08-30,46267.17265,19666.666666666668,10215.017483333333,18302.803633333333,26434.852083285,2200.0194259259256,8550.0
2025-08-31,69829.10862304526,19592.0291563786,16409.543616666666,1.0800249583553523e-12,44865.336993095676,8550.0,7950.0
2025-09-01,57003.5993090535,18049.814609053494,14620.349833333334,2.3998580900297384e-12,35637.802161464875,7950.0,7950.0
2025-09-02,57873.53255864198,20083.03530864198,16267.2586,3.410605131648481e-13,36031.14005195883,7950.0,7950.0
2025-09-03,58996.721516255144,18152.65403292181,14703.649766666667,1.4210854715202004e-13,37264.05904830728,7950.0,7950.000000000001
2025-09-04,51864.571195473254,13423.81769547325,15688.720183333331,203.9081333333364,34249.25939714673,7950.000000000001,2599.524611111113
2025-09-05,30058.22890493827,13292.503271604937,10574.57215,20516.03611666667,16542.69622681642,2599.524611111113,2813.252944444444
2025-09-06,36648.54015,19666.666666666664,10766.92765,20027.717433333335,19279.974273056665,2813.252944444444,8550.000000000002
2025-09-07,58706.32230164608,19712.308868312753,15966.970183333333,2.0463630789890885e-12,36402.25040098275,8550.000000000002,8550.0
2025-09-08,62542.32981872428,19404.001502057614,16257.241216666665,2.8030910925735952e-12,38918.74111684369,8550.0,7950.000000000004
2025-09-09,58761.48744753087,20118.470864197527,15755.961399999998,1296.143716666671,37206.709323491545,7950.000000000004,8550.000000000002
2025-09-10,64699.446701028806,20649.726584362135,17266.27853333333,5.293543381412746e-12,39771.16209474846,8550.000000000002,7950.0
2025-09-11,53065.734734773665,15186.842551440332,16485.76725,868.5736499999987,34534.412273949216,7950.0,3300.6391296296306
2025-09-12,31100.133419135804,13681.72413580247,11205.575216666666,17072.3283,17113.94208714821,3300.6391296296306,3163.551722222223
2025-09-13,37146.4007,19666.666666666664,11082.196549999999,20554.829100000003,19798.720763473335,3163.551722222223,8550.0
2025-09-14,63843.75046851853,20141.981851851855,16397.55613333333,2.8705926524708048e-12,39489.485959703336,8550.0,8458.276851851855
2025-09-15,60032.980981069966,21706.257181069956,17499.517483333333,759.2106500000057,37614.031996424506,8458.276851851855,8550.000000000002
2025-09-16,63451.734168296294,20841.916762962963,16881.952578000004,3.47455397786689e-12,39380.204066104816,8550.000000000002,8550.000000000002
2025-09-17,63934.33700781893,20916.940041152262,16942.721433333332,2.5011104298755527e-12,39405.88950287642,8550.000000000002,8550.0
2025-09-18,57239.50549506173,15176.960061728394,16893.505683333333,2.2737367544323206e-13,36809.07387943255,8550.0,3438.702185185186
2025-09-19,32089.58212139918,14393.306954732507,11329.831966666665,12924.754816666671,17666.489035391918,3438.702185185186,3803.9762592592597
2025-09-20,37204.08246666667,19666.666666666664,11658.578633333334,13550.560700000002,19868.924399858333,3803.9762592592597,8550.0
2025-09-21,62107.93497159259,20107.618359259257,16287.170870999998,2.6929569685307797e-12,38714.201726184314,8550.0,8550.0
2025-09-22,64549.97768683127,20715.567386831266,16779.60958333333,3.502975687297294e-12,40099.387150332404,8550.0,8550.0
2025-09-23,66241.46124958848,21709.71403292181,17584.868366666666,3.410605131648481e-13,41389.98618317839,8550.0,8550.0
2025-09-24,65128.93980679013,21398.498456790123,17332.78375,3.410605131648481e-13,40147.910068799814,8550.0,8550.000000000002
2025-09-25,59040.86358518519,15973.076851851849,17267.66216666667,2.0463630789890885e-12,37748.18503422852,8550.000000000002,3739.4778703703705
2025-09-26,31696.149461111112,14613.162777777778,11600.530083333335,10989.273266666669,17349.710373666665,3739.4778703703705,4001.846500000001
2025-09-27,38331.702816666664,19666.66666666666,11836.66185,12700.395750000003,20713.708862916665,4001.846500000001,8550.0
2025-09-28,67635.28441111112,21829.764444444445,17682.1092,2.2239987629291136e-12,41509.411619633334,8550.0,8550.0
2025-09-29,66872.49685246914,21645.290802469135,17532.68555,9.663381206337363e-13,41370.34964041796,8550.0,8550.000000000002
2025-09-30,69011.16563880864,21729.221958641974,18140.2310865,3.879563337250147e-12,42981.707721029576,8550.000000000002,7950.487444444445
2025-10-01,56944.18417222222,21469.283888888887,16850.55865,2663.937400000003,34643.75015487167,7950.487444444445,8550.0
2025-10-02,51122.24290020576,16083.956316872425,17315.930416666666,623.4338833333367,32020.93290533247,8550.0,3785.638000000001
2025-10-03,29247.700168518517,15039.430185185183,11642.074200000001,18033.190483333336,14942.470708018147,3785.638000000001,4385.487166666667
2025-10-04,34819.177266666666,19666.666666666664,12181.93845,14238.466616666672,17542.867360703334,4385.487166666667,8550.0
2025-10-05,58797.24830432099,21375.19598765432,17313.90875,5.684341886080801e-13,35681.86846780019,8550.0,8550.0
2025-10-06,61795.85093765433,21382.85098765433,17320.1093,9.254819133275305e-13,37465.15631081272,8550.0,8550.000000000002
2025-10-07,61860.664822427985,21521.58853909465,17432.486716666666,3.161915174132446e-12,37398.4157897358,8550.000000000002,8550.0
2025-10-08,60535.11744650206,21350.64094650206,17294.01916666667,2.3376856006507296e-12,36615.91036267302,8550.0,8550.0
2025-10-09,55242.59575493827,16874.949938271602,17392.335866666668,2.1245227799226996e-12,34698.20388936156,8550.0,4412.637314814817
2025-10-10,30750.520452880657,15289.55176954732,12206.373583333334,18323.731350000005,15965.81947631897,4412.637314814817,4610.596592592592
2025-10-11,34974.401900000004,19666.666666666668,12384.536933333333,13585.958583333333,17821.058061001666,4610.596592592592,8550.0
2025-10-12,62597.432048353905,21486.716131687237,17404.240066666665,3.410605131648481e-13,37900.95045722858,8550.0,8550.0
2025-10-13,61140.598368312756,21648.43720164609,17535.23413333333,3.410605131648481e-13,37380.60049424642,8550.0,8550.000000000002
2025-10-14,64869.519539506175,21556.264506172836,17460.574249999998,4.787281682183675e-12,39582.23724966241,8550.000000000002,8550.0
2025-10-15,66097.04155699589,21984.304773662552,17807.28686666666,2.2026824808563106e-12,39923.53455806729,8550.0,8550.000000000004
2025-10-16,62802.46575658436,18077.15213991769,18241.159333333333,4.547473508864641e-12,39316.16449059991,8550.000000000004,4551.482111111112
2025-10-17,30763.879174485595,15218.888374485594,12331.333900000001,11872.125383333336,16107.492730254588,4551.482111111112,4546.999537037036
2025-10-18,35477.28958333333,19666.666666666668,12327.299583333332,12061.329233333334,18098.637915285002,4546.999537037036,8550.0
2025-10-19,68219.69429547325,22810.377695473253,18476.40593333333,4.547473508864641e-13,41776.75497624313,8550.0,8550.000000000002
2025-10-20,68611.86121769546,21953.046584362135,17781.967733333335,2.1600499167107046e-12,42000.16740730568,8550.000000000002,8550.0
2025-10-21,70733.37905823045,22477.88267489712,18207.084966666665,4.547473508864641e-13,42894.95247021947,8550.0,8550.0
2025-10-22,69729.24028271605,21970.22938271605,17795.8858,1.7053025658242404e-13,42780.56934917455,8550.0,8550.000000000002
2025-10-23,63980.06241790124,18526.0912345679,17925.525849999998,4.344968829173013e-12,39774.34175416944,8550.000000000002,5306.231166666668
2025-10-24,31918.286258024695,15578.143024691357,13010.608049999999,10930.700566666668,16954.104328934754,5306.231166666668,4870.328722222223
2025-10-25,35977.64663333333,19666.666666666668,12618.295850000002,9530.843083333333,18608.051734553334,4870.328722222223,8550.0
2025-10-26,68746.05237962963,22114.422962962966,17912.682599999996,1.9184653865522705e-13,41799.87502710556,8550.0,8550.0
2025-10-27,67837.27490761317,22551.017057613164,18266.323816666663,2.0037305148434825e-12,41773.12653935626,8550.0,8550.0
2025-10-28,70209.07669362139,22298.184176954728,18061.529183333336,3.398170633772679e-12,42938.546474422816,8550.0,8550.0
2025-10-29,73751.70500967078,23365.516893004118,18926.068683333335,5.684341886080801e-13,45299.630633434484,8550.0,8550.0
2025-10-30,65681.02974320987,19023.31487654321,18130.102783333332,1.3216094885137863e-12,40993.324549515804,8550.0,5526.424740740741
2025-10-31,32773.80310205761,16198.726502057609,13208.782266666667,5879.566800000006,17433.395098515142,5526.424740740741,5428.853851851852
2025-11-01,36172.56106666667,19666.666666666664,13120.968466666669,7082.824433333335,18690.781231461664,5428.853851851852,8550.000000000002
2025-11-02,73166.01238168725,22998.044465020575,18628.416016666662,2.3874235921539366e-12,45055.471962479634,8550.000000000002,8550.000000000004
2025-11-03,73764.58042181071,22419.211255144033,18159.561116666668,6.366462912410498e-12,45000.13976422675,8550.000000000004,8550.0
2025-11-04,71839.04099444444,22415.626111111105,18156.65715,1.7195134205394424e-12,44266.283920654445,8550.0,8550.0
2025-11-05,74099.82179958848,23272.640699588475,18850.838966666666,1.2256862191861728e-12,45489.377835420004,8550.0,8550.000000000002
2025-11-06,73453.42133374486,20773.492633744856,18689.65585,2.3874235921539366e-12,45780.804305485224,8550.000000000002,6479.859092592592
2025-11-07,33086.07209526749,16627.28273662551,14087.008183333335,7227.335758641978,17463.32204519675,6479.859092592592,5792.182240740742
2025-11-08,36113.82481666667,19666.666666666668,13447.964016666667,6103.915066666667,18750.886302220002,5792.182240740742,8550.000000000002
2025-11-09,75922.22695349794,24081.104053497944,19505.69428333333,2.7355895326763857e-12,46818.68707886614,8550.000000000002,8550.0
2025-11-10,78309.84198108024,23428.41516358025,18977.0162825,4.547473508864641e-13,48552.28955150928,8550.0,8550.0
2025-11-11,76031.39607466667,23538.8232,19066.446792,5.684341886080801e-13,47002.058204115005,8550.0,8550.0
2025-11-12,75404.29284266666,23412.13206666667,18963.826974,4.547473508864641e-13,46827.6900163276,8550.0,8550.0
2025-11-13,74208.53867798354,21120.857427983537,19308.190066666666,9.734435479913373e-13,46311.58232358041,8550.0,6105.2271666666675
2025-11-14,34398.480630658436,17349.117880658436,13729.704450000001,3180.6119000000026,18318.161376480843,6105.2271666666675,6464.206092592596
2025-11-15,36805.35623333333,19703.025596707816,14082.236216666666,2972.67993662552,19248.704502616667,6464.206092592596,8550.0
2025-11-16,78900.25152208848,23503.721782921813,19038.014644166666,2.2737367544323206e-13,49235.80477621518,8550.0,8550.0
2025-11-17,77129.67950716667,23336.448283333335,18902.523109499998,3.410605131648481e-13,47844.61642867905,8550.0,8550.0
2025-11-18,79453.66913518519,24016.406851851854,19453.289549999998,9.237055564881302e-13,49153.74020558334,8550.0,8550.000000000002
2025-11-19,79847.00329641564,23572.061560082304,19093.369863666663,4.1810999107383395e-12,49827.22617435047,8550.000000000002,8550.000000000002
2025-11-20,77194.28990293416,21873.613611934157,19472.39974233333,2.5011104298755527e-12,48407.83652807873,8550.000000000002,6600.252537037037
2025-11-21,35282.30297469136,17879.326024485596,14205.390616666666,2743.983500205764,18660.10590087247,6600.252537037037,6907.878607222224
2025-11-22,37349.85506666666,19670.27235,14455.01135,1914.7645833333356,19642.837884203334,6907.878607222224,8550.0
2025-11-23,79725.70255244445,23650.559311111112,19156.953042,1.1368683772161603e-13,49797.44338101276,8550.0,8550.0
2025-11-24,78737.07737225103,24079.65090658436,19504.517234333332,2.7711166694643907e-13,48883.62311240184,8550.0,8550.000000000002
2025-11-25,80628.29214841564,23471.745693415633,19012.114011666665,4.916955731459893e-12,50221.7917282204,8550.000000000002,8550.0
2025-11-26,81307.97108559671,23948.969485596706,19398.665283333332,1.1368683772161603e-13,50697.15370699848,8550.0,8550.0
2025-11-27,78788.53060971605,22459.917682716048,19452.279806333332,2.589928271845565e-12,49434.86591710624,8550.0,7150.281685185187
2025-11-28,36476.4429,19000.0,14670.253516666668,1225.457866666667,19350.732589275,7150.281685185187,7950.0
2025-11-29,39069.41927283951,18947.206172839502,14807.237,7.958078640513122e-13,20354.315728494566,7950.0,8550.0
2025-11-30,84899.6296526749,24498.955452674898,19844.153916666663,3.410605131648481e-13,53199.238037889816,8550.0,8550.000000000004
2025-12-01,91052.17260493827,25017.078271604936,20263.8334,4.348521542851813e-12,57495.6392859555,8550.000000000004,8550.0
2025-12-02,93437.95195864198,25263.905308641977,20463.7633,9.094947017729282e-13,59340.5221787842,8550.0,8550.000000000002
2025-12-03,91881.0819,24833.333333333332,20114.999999999996,2.9558577807620168e-12,57696.30327307834,8550.000000000002,8550.0
2025-12-04,91526.18089362141,25026.16917695473,20271.19703333333,4.519051799434237e-12,57987.56823129436,8550.0,8550.0
2025-12-05,45220.630996090535,20573.701646090532,16664.698333333334,1.1617373729677638e-12,23514.60452494932,8550.0,8550.0
2025-12-06,47560.57861563787,20504.988415637865,16609.040616666665,4.547473508864641e-13,24667.08462555099,8550.0,8550.0
2025-12-07,92412.48599670782,25051.60393004115,20291.799183333333,2.6432189770275727e-12,58456.84210978634,8550.0,8550.0
2025-12-08,92613.92822757202,25087.984794238684,20321.267683333335,7.958078640513122e-13,58437.50098502276,8550.0,8550.0
2025-12-09,92205.77012510288,25354.293991769544,20536.97813333333,6.821210263296962e-13,58630.61603886084,8550.0,8550.000000000004
2025-12-10,93184.01588806584,25244.196954732506,20447.79953333333,4.320099833421409e-12,58716.59448116047,8550.000000000004,8550.000000000002
2025-12-11,90681.54966213992,24843.65769547325,20123.362733333335,4.787281682183675e-12,57223.98956198288,8550.000000000002,8550.0
2025-12-12,47589.63641460906,20395.910164609053,16520.687233333334,2.8421709430404007e-12,24618.666563207284,8550.0,8550.0
2025-12-13,47733.25902901235,20709.08234567901,16774.3567,1.1652900866465643e-12,24682.899465005925,8550.0,8550.0
2025-12-14,93617.91798415637,25469.453600823046,20630.257416666667,2.8421709430404007e-12,59402.060096630084,8550.0,8550.0
2025-12-15,94289.08756748971,25365.94526748971,20546.415666666668,1.0231815394945443e-12,59638.834013528416,8550.0,8550.0
2025-12-16,94166.1641234568,24989.856790123456,20241.784,7.958078640513122e-13,59690.89088024068,8550.0,8550.0
2025-12-17,92978.21357098766,25191.402654320987,20405.03615,8.526512829121202e-13,58592.837861273765,8550.0,8550.0
2025-12-18,92156.65276851851,25212.556851851852,20422.17105,6.821210263296962e-13,58554.52858298685,8550.0,8550.000000000002
2025-12-19,46836.75494423869,20675.59812757201,16747.23448333333,6.707523425575346e-12,24428.870186052965,8550.000000000002,8550.0
2025-12-20,46883.81865884774,21197.191625514406,17169.725216666666,6.821210263296962e-13,24318.84076873994,8550.0,8550.0
2025-12-21,93830.41855082304,25224.403600823047,20431.766916666664,1.1368683772161603e-12,59434.11917939175,8550.0,8550.000000000002
2025-12-22,93766.99477510288,25418.777325102878,20589.209633333336,2.9558577807620168e-12,59425.71360114251,8550.000000000002,8550.0
2025-12-23,92071.94951995884,25336.089403292175,20522.232416666666,4.547473508864641e-12,58161.59866914866,8550.0,8550.0
2025-12-24,92678.38945411523,25388.579670781895,20564.749533333335,6.821210263296962e-13,58815.860768105405,8550.0,8550.0
2025-12-25,92586.55843477366,25126.894218106998,20352.784316666668,7.389644451905042e-13,58521.34200987848,8550.0,8550.0
2025-12-26,47017.21464300412,21103.11689300412,17093.524683333333,9.725553695716371e-13,24335.27220237142,8550.0,8550.0
2025-12-27,47234.740836831275,20504.90405349794,16608.972283333333,1.7434942378713458e-12,24504.031180798826,8550.0,8550.000000000002
2025-12-28,91522.40456666666,24806.051666666666,20092.90185,2.2737367544323206e-12,57717.795369508334,8550.000000000002,8550.0
2025-12-29,92255.0307888889,24901.392222222217,20170.127699999997,2.3305801732931286e-12,58101.425002215554,8550.0,8550.000000000002
2025-12-30,90942.73593333333,24833.33333333333,20114.999999999996,4.433786671143025e-12,57409.61865091834,8550.000000000002,8550.0
2025-12-31,85284.61185473252,17122.046954732512,20483.858033333334,6.821210263296962e-13,55869.070123630474,8550.0,1200.0
