date,planned_cost,delta_only_emergency_cost,final_soc_kwh,zero_score,selected_score,accepted_search,evaluations
2025-01-02,59270.04166786588,7541.981892470409,1365.1683916666666,-495.06666666664296,-495.06666666664296,False,1
2025-01-03,62038.21208325918,0.0,8221.137613148147,-495.06666666664245,-495.06666666664245,False,1
2025-01-04,23012.766066457327,3385.2537572002334,1200.0,-495.0666666666458,-495.0666666666458,False,1
2025-01-05,26317.293778258405,204335.0270327641,1200.0,-495.06666666664063,-495.06666666664063,False,1
2025-01-06,61465.79429434093,4537.205933359763,1315.5818699999998,-495.06666666663574,-495.06666666663574,False,1
2025-01-07,60808.767906739115,11208.928914430488,1440.0953444444444,-495.0666666666419,-495.0666666666419,False,1
2025-01-08,61279.4486727881,2067.224450309956,1576.1936270370377,-495.0666666666425,-495.0666666666425,False,1
2025-01-09,62495.997134464706,567.5267900962058,1722.2375750000008,-732.1784177616879,-732.1784177616879,False,1
2025-01-10,26933.133688156897,1359.8417161435761,1590.5185841851844,-459.2131137793567,-459.2131137793567,False,1
2025-01-11,27518.001892512828,489.69271279784175,1736.8726350105806,-432.3450413853827,-432.3450413853827,False,1
2025-01-12,63052.595570442936,477.60546741404755,1773.3279790740742,-336.2041734379851,-336.2041734379851,False,1
2025-01-13,62477.6929752456,747.6162592538019,1323.2202213333355,-262.1249480027261,-262.1249480027261,False,1
2025-01-14,62349.14750364229,1089.307921247726,1315.3695909259268,-333.3688756035681,-333.3688756035681,False,1
2025-01-15,61839.1430162211,3375.379664376955,1496.7703191111113,-316.08717458456005,-316.08717458456005,False,1
2025-01-16,62254.5179034265,2755.547521970915,1691.684040592592,-136.19931184680217,-136.19931184680217,False,1
2025-01-17,26958.725018913894,195.16224032596654,1764.8447698095267,-308.9326453802042,-308.9326453802042,False,1
2025-01-18,26705.00541268377,848.5037966395209,1964.274098582012,-326.8348147655123,-326.8348147655123,False,1
2025-01-19,60962.64709725948,1859.5709964548566,1803.810613333331,-87.09338767376018,-87.09338767376018,False,1
2025-01-20,61436.02174385104,2575.4488354940563,2262.9130648888927,-127.01490829876154,-127.01490829876154,False,1
2025-01-21,61324.05658281678,285.19751979166693,2374.6088520740736,-85.2485468076312,-85.2485468076312,False,1
2025-01-22,60772.76488681248,832.9628592884205,1765.4376082592605,7.870143137854265,7.870143137854265,False,1
2025-01-23,60874.96862593519,3211.9003847300887,2005.5583812222244,-88.28448289158217,-88.28448289158217,False,1
2025-01-24,25674.291222344487,596.175299526183,2162.8117885185184,-255.76976622635087,-255.76976622635087,False,1
2025-01-25,25624.862708482324,167.3836982040328,2088.5298238518535,-255.99894731404814,-255.99894731404814,False,1
2025-01-26,59695.77841497393,681.425645370566,2008.7756538253986,37.659366939680474,37.659366939680474,False,1
2025-01-27,59841.56182164705,402.3771343252339,1692.0555604285719,4.521389529072143,4.521389529072143,False,1
2025-01-28,58852.75780597686,1728.3608191899673,1653.0551659999999,-101.75319867280163,-101.75319867280163,False,1
2025-01-29,60116.83713592238,0.0,2381.5342536507924,-206.0266629725645,-677.5687374379982,True,181
2025-01-30,58616.29408812253,0.0,1869.6998756349187,-175.1179642396071,-693.4876784448684,True,181
2025-01-31,23776.698678400036,0.0,2263.206579920633,-420.4314793199514,-843.5950849380597,True,181
2025-02-01,23779.128409174005,0.0,2675.02244804233,-418.8202112117947,-841.3549949413228,True,181
2025-02-02,57664.889520842175,0.0,2492.2246401322795,-90.16652604373402,-710.9067289457763,True,181
2025-02-03,56608.51227211915,0.0,2455.981006005292,-37.63720096849713,-709.6231243008382,True,181
2025-02-04,57085.183550047346,0.0,2384.539934232804,-64.16623427813833,-708.064552971541,True,181
2025-02-05,56228.62064898079,98.02226874285765,2162.128441322751,-101.48650861039398,-710.3559047231291,True,181
2025-02-06,57235.068611272494,75.84069939523816,2200.8528837037047,-83.3396003479776,-699.0245774726714,True,181
2025-02-07,22726.846543395623,0.0,1896.397971798939,-339.18112942293607,-831.396874925597,True,181
2025-02-08,20679.254317828323,0.0,1843.1366812962922,-485.3452993613471,-837.7254674040659,True,181
2025-02-09,53488.8471597694,0.0,1509.2359428306902,-14.129414236903168,-735.5235042482128,True,181
2025-02-10,54511.15889738132,0.0,1517.3820800000021,-200.70613182933846,-753.3141168887338,True,181
2025-02-11,53068.160924264375,164.52760306925092,1520.2362664814814,17.207331986060638,-754.2249706894348,True,181
2025-02-12,52749.71156453347,0.0,1539.8787200000008,4.187177235282796,-745.2660354262147,True,181
2025-02-13,52358.45307647426,0.0,1659.9019186772475,57.62388167180575,-719.3506071481379,True,181
2025-02-14,19362.823297805822,0.0,1779.987634867724,-564.4446280765047,-840.8308103899104,True,181
2025-02-15,19024.803693195303,0.0,1453.522438306879,-526.4742850925024,-819.8712324995315,True,181
2025-02-16,50512.8902994463,16.03210864166707,1554.886257063497,-5.763420794902599,-715.1714562570444,True,181
2025-02-17,49924.85043264374,0.0,1620.6784510052937,-72.38919860144973,-722.8686335196815,True,141
2025-02-18,49741.08155848502,0.0,1874.4668698941807,-78.43971494527133,-709.5182851940282,True,181
2025-02-19,49052.661062946165,171.60388708333323,1233.2995339418007,-4.101766072159757,-682.7129634030713,True,181
2025-02-20,49000.48047168567,169.68356094404572,1657.4034786507943,-111.67730908875505,-693.4833652200184,True,181
2025-02-21,18682.078600399105,0.0,1715.3536892857153,-518.372774417397,-783.415000508255,True,181
2025-02-22,18608.1835786225,0.0,1875.1086908201048,-540.7180985585859,-787.5696596582706,True,181
2025-02-23,48238.26310104464,21.8596975714291,1561.0641829365081,-156.38569888582572,-679.8581629954435,True,181
2025-02-24,47835.614239933726,202.80156906428502,1803.1829868253967,-259.81827772454426,-696.6000516127377,True,181
2025-02-25,47777.22903054648,99.1014617857143,1495.7049184391547,-135.22841682675318,-682.0754985883756,True,181
2025-02-26,47642.93950347918,0.0,2132.6260724074086,-224.9863086760957,-676.548278899943,True,181
2025-02-27,46403.36894072486,0.0,1839.3884396296305,-195.62200874073574,-692.6974419465985,True,181
2025-02-28,18085.41472109473,0.0,1810.5703015079382,-544.8464898384958,-761.6523646364401,True,181
2025-03-01,18156.429838207652,0.0,1842.226145211643,-543.0963820612014,-757.9605641160169,True,181
2025-03-02,46146.744613024406,12043.443427784312,1518.443331111111,-93.20424667447102,-554.4584678889901,True,181
2025-03-03,46510.83852611463,8145.298828850067,1482.213391851852,446.64763126635324,-59.3329513877206,True,181
2025-03-04,47868.625071831935,0.0,1679.8540652380937,622.841432088074,48.26453247586631,True,181
2025-03-05,48410.3254513851,0.0,1655.5268128571447,602.6690268897403,8.397739034493664,True,181
2025-03-06,48321.48876648741,0.0,1642.7990558465629,711.8886316078141,38.06379338941754,True,181
2025-03-07,17921.958143670032,0.0,1992.729253068781,-551.3275129428059,-769.8804340795693,True,181
2025-03-08,16969.253745848902,0.0,2000.3648594179933,-524.4808695227223,-772.3216190887978,True,181
2025-03-09,45789.90285102933,0.0,1796.673065820106,760.1472330876344,57.01741434498308,True,181
2025-03-10,44955.02438614647,0.0,1759.1460652380945,781.5584015918582,165.70484758509645,True,181
2025-03-11,44541.575872063695,0.0,2008.9075348677206,598.099411375811,97.40275213530688,True,181
2025-03-12,44066.761079402066,0.0,1659.4848911640177,580.3772723623564,73.51123571681207,True,181
2025-03-13,43503.96365776198,3793.5928309637125,1590.8830672222225,649.2472863571404,111.53943563512989,True,181
2025-03-14,16334.703323977932,0.0,1986.363902619049,-543.8537644987641,-787.9864725657578,True,181
2025-03-15,16318.850872342762,0.0,1409.1898906878318,-549.9348329911919,-795.6362088090407,True,181
2025-03-16,43704.07519687546,0.0,1871.1600485714284,647.1987510335007,94.13898913201163,True,181
2025-03-17,43446.42999186822,0.0,2120.959210555558,753.5725071240283,24.958803980198343,True,181
2025-03-18,42127.66748391758,0.0,1741.9633611111105,746.9956370004162,-46.593741354974405,True,181
2025-03-19,42552.898018872664,0.0,2166.60108452381,662.8879899223199,-151.4015405621161,True,181
2025-03-20,42448.785381508525,0.0,2053.8404544444456,609.6617374917599,-164.679785448778,True,181
2025-03-21,15814.011484576013,0.0,1663.743734100531,-583.2379687547727,-818.7607352092122,True,181
2025-03-22,16462.819450320738,0.0,2409.324153148146,-511.3997226568651,-788.6676644410218,True,181
2025-03-23,40512.45328298023,214.39481765028387,1672.3243005555553,644.645742200386,-27.441940296693588,True,181
2025-03-24,40245.969899338175,0.0,1766.5101204232792,258.3453425057812,-276.53848274624005,True,181
2025-03-25,39672.105256945826,94.07422527619755,1464.9716192592584,178.37576431226432,-428.6646999061827,True,181
2025-03-26,39821.51190105767,0.0,1574.2624242592588,130.0025423211011,-498.3581269879313,True,181
2025-03-27,39759.846682119445,0.0,1678.77780579365,92.48414605943081,-515.2656284881866,True,181
2025-03-28,15621.675879967817,0.0,2143.00245558201,-563.6126177005102,-794.532639325924,True,181
2025-03-29,15114.865200083332,0.0,1808.5099356613796,-547.8075929626482,-794.6731803029467,True,181
2025-03-30,38718.17994827202,0.0,1983.468696746028,5.228844936856011,-580.6048521572508,True,181
2025-03-31,38065.180300545006,361.171790960145,1789.3236434006008,-22.391780686090556,-651.7471005095455,True,181
2025-04-01,38502.31710269481,1827.0283756065583,1725.7540698148148,84.13045114243349,-582.1935872199285,True,181
2025-04-02,38352.39004270695,4523.341935016733,1681.5843444088716,116.43433654845246,-688.8715595470733,True,181
2025-04-03,39156.04005931973,0.0,1841.0615314550278,365.5586348105647,-397.0988666062293,True,181
2025-04-04,14825.332738334637,0.0,1989.1923902116407,-607.2148611827405,-791.4171944194064,True,181
2025-04-05,14923.268893436005,0.0,1778.3154490740735,-611.1641059531543,-798.1308637145871,True,181
2025-04-06,38397.2517841414,0.0,1642.0808344444456,406.3959566981766,-327.5959954658124,True,181
2025-04-07,37947.62746941752,0.0,1683.7453848941816,308.96513519029594,-482.5986289094036,True,181
2025-04-08,38300.05998327366,0.0,1426.5376520370376,298.8271241723526,-508.08360124714585,True,181
2025-04-09,38104.27554194661,3546.1065916590323,1393.894432407407,266.6130353425681,-511.32385119557676,True,161
2025-04-10,38207.59849488984,0.0,1792.7263561375617,366.309185084321,-569.5878015643744,True,181
2025-04-11,14440.49744950259,0.0,1801.779463571425,-590.0142879373971,-793.7840405732502,True,181
2025-04-12,14745.81730006389,0.0,2165.7175074338616,-610.5161170635174,-802.9875653173947,True,181
2025-04-13,36974.547331315225,0.0,1831.5777488888916,360.28964822449694,-634.9352911168244,True,181
2025-04-14,36795.598510535274,31.623071695225146,1744.6452275925924,294.82035249338793,-636.6826344760934,True,181
2025-04-15,37350.054108875636,0.0,2042.4918906613793,369.98706798986564,-621.2048036264825,True,181
2025-04-16,36782.85582897392,0.0,1851.646462116403,339.21441812556685,-598.6653896072143,True,181
2025-04-17,36847.36568645419,0.0,1944.0782980687804,261.07495665769386,-744.6602976694818,True,181
2025-04-18,14175.692058136292,0.0,2326.0238518518536,-628.5764290050436,-808.2508584031126,True,181
2025-04-19,13634.101512048866,0.0,2078.260402804231,-618.2362963620477,-812.2467838926826,True,181
2025-04-20,36221.5054429184,0.0,2033.676823518518,327.82423890122345,-752.3107924575977,True,181
2025-04-21,36364.502310257754,0.0,1689.361071904762,306.55002031330173,-753.3006631030158,True,181
2025-04-22,35764.0305345509,0.0,1794.6445355820097,197.19130915468097,-730.7867733865376,True,181
2025-04-23,35913.83489260354,0.0,2087.4119026455037,313.37041831834193,-630.9945093385925,True,181
2025-04-24,35136.895687242686,0.0,1864.0375875661389,26.214929884479716,-650.65567155246,True,181
2025-04-25,13119.429837151169,0.0,1701.7839265872992,-626.7015580860524,-817.2939916958742,True,181
2025-04-26,13186.575725814317,0.0,1605.441860555558,-632.2198151143615,-815.1502830958974,True,181
2025-04-27,33374.892668334214,2889.38057036433,1529.3225094444444,-33.82951316007332,-659.9695736970178,True,181
2025-04-28,34254.781615244494,23168.78377644579,1725.719572962963,-34.037945892305935,-581.9793796058748,True,181
2025-04-29,34612.80093015596,1647.4338755717877,1912.5830925925934,935.8840721399968,361.00001011320177,True,181
2025-04-30,34327.868131550415,38.61682696666454,1501.2780840740745,938.9505793756025,411.47066024116,True,181
2025-05-01,34157.01817007485,11445.540978622766,1210.8405,929.6297470761349,449.0579967931528,True,181
2025-05-02,13677.517229004585,10276.068553492476,1200.0,-168.1455512958165,-355.0193150395538,True,181
2025-05-03,13963.374843580586,6291.262553815181,1216.2882212962963,129.6961229491864,6.930290419355515,True,181
2025-05-04,36001.52623244077,7534.892862504834,1257.9569999999999,2492.596633961582,2165.5003689252544,True,181
2025-05-05,36265.950942751064,9457.46235766806,1230.6945,2537.824530572158,2235.7994671547062,True,181
2025-05-06,36296.19773087926,6107.03034790973,1200.0,2452.8094123415494,2026.915789020369,True,181
2025-05-07,36977.2834951101,7882.31644100095,1353.0848999999998,2308.549659079901,1834.1473632254722,True,181
2025-05-08,40447.83924521701,556.4308677666662,2818.377036798941,2170.171949554513,1664.6739532923925,True,181
2025-05-09,16812.921727238263,0.0,3393.7251798941825,39.411738096198114,0.10422407097531677,True,181
2025-05-10,16623.40593217904,0.0,3057.5712358465557,70.28016869853012,46.09592491750692,True,181
2025-05-11,40117.721169558106,185.28330416666628,2788.9066250529117,1878.7376782567867,1297.703317037749,True,181
2025-05-12,40418.5103782819,0.0,2942.1992934920645,1933.2144963204269,1248.542699350727,True,181
2025-05-13,40362.113682523224,0.0,3111.5327657142866,1867.26214676602,1191.6045202727605,True,181
2025-05-14,40528.635817695045,0.0,3043.8886600000005,1886.6240280527352,1189.6819326177927,True,181
2025-05-15,39947.802788952926,0.0,3415.4463309259263,1876.217094625185,1204.3509191644448,True,181
2025-05-16,15907.381674344058,0.0,2601.8885660582023,25.144566535028048,-94.79500042577848,True,181
2025-05-17,16442.474767894088,0.0,2910.587279682538,4.985116470464716,-96.62452621820185,True,181
2025-05-18,39587.17309923604,0.0,3067.576558730156,1700.4445283830532,956.4719904371076,True,181
2025-05-19,38916.629085241155,0.0,2517.934648703707,1672.9997617027873,947.5823631601833,True,181
2025-05-20,38456.85954543278,0.0,2582.882471746033,1692.378350278383,997.357383672867,True,181
2025-05-21,38782.80123383168,0.0,2660.5892935978827,1501.8225626227638,888.7511099386417,True,181
2025-05-22,38041.68104028546,0.0,2976.006320211642,1409.3409645167217,779.5408870921597,True,181
2025-05-23,15695.6367536267,106.84261750000053,3428.1810646825425,-139.9773544010461,-201.32186114547318,True,181
2025-05-24,15849.467060872994,0.0,3367.7652758465615,-106.48966262251278,-220.61297952022008,True,181
2025-05-25,36929.82165557525,84.05219626666586,2605.9599168253976,921.3095538168342,66.73247205094742,True,181
2025-05-26,36514.108364522304,1317.2659649509694,2606.910990101894,903.4481339351207,103.20604742475602,True,181
2025-05-27,37388.6202163174,0.0,2348.3874572486757,891.1839892558897,-27.42736444734564,True,181
2025-05-28,36548.933936896894,0.0,2452.839613518519,821.4024170076425,-189.62601572383605,True,181
2025-05-29,35987.478586845944,120.47257548333367,1778.9350483068781,510.3975299965151,-767.9735811292026,True,181
2025-05-30,14870.722838853932,257.3204261956276,2034.3572821785297,-580.5138548536622,-950.7511385278244,True,181
2025-05-31,14971.204978604674,0.0,2368.960182830685,-576.9085393267026,-943.5502426401607,True,181
2025-06-01,37279.97057710453,64572.465718900086,1200.0,564.4200975176552,-756.4191561985942,True,181
2025-06-02,38881.13764195531,39024.83958342227,1200.0,2926.2842991323437,1996.3874390946485,True,181
2025-06-03,40465.015928326146,29075.059966366178,1200.0,4074.3872118783074,3467.6086782859334,True,181
2025-06-04,42234.64047577033,16955.97518088922,1200.0,4049.5109178390494,3726.1250656548764,True,181
2025-06-05,44537.00103556794,12138.973544202152,1200.0,4062.158575262277,3620.6817815736867,True,181
2025-06-06,17672.61403892733,16712.64145462108,1217.4015,1391.6644190479403,1391.6644190479403,True,181
2025-06-07,19070.77471677436,6535.511482667319,1342.1828887037043,1362.2054152473793,1362.2054152473793,True,181
2025-06-08,57457.61045824528,0.0,3741.6501434656084,2708.5580684679603,2156.184341102487,True,181
2025-06-09,55435.89483447481,0.0,3762.047665873016,2751.343489775479,2213.2659922795874,True,181
2025-06-10,55679.62412505781,0.0,3506.979912566137,2773.405907240049,2273.9402705619077,True,181
2025-06-11,56164.85802697216,0.0,3812.8472666931225,2799.025154658703,2313.1393273178032,True,181
2025-06-12,57239.41928397361,0.0,4158.313572460315,2654.316729515709,2173.9383086037556,True,181
2025-06-13,25267.46375406453,0.0,4262.142014444444,1625.2745247934308,1608.5183588410637,True,181
2025-06-14,25340.39113929366,0.0,3881.4661764814814,1574.0583536884078,1493.9605811105826,True,181
2025-06-15,56957.89217640722,0.0,4171.1889724867715,2448.4273876522834,2098.607695630685,True,181
2025-06-16,57395.33222326398,0.0,4033.565973544973,2464.384465753186,2103.8243724935055,True,181
2025-06-17,56906.05221228333,758.0829779954211,3652.828014682539,2609.1617171208436,2159.15462282978,True,181
2025-06-18,58293.30306082286,0.0,3951.9955294444444,2416.115117092862,1966.3546943715787,True,181
2025-06-19,57404.79366760174,0.4033499999988689,3693.3767682010575,2513.8733521027757,2037.3908458774476,True,181
2025-06-20,24731.63832711701,0.0,4135.125512037037,1687.4910088511585,1681.3714414780584,True,181
2025-06-21,24285.593715032912,0.0,4613.062987407406,1699.2120941200842,1688.8433471520336,True,181
2025-06-22,54926.05067530225,0.0,3740.666007592593,2715.074485975632,2087.2753949591965,True,181
2025-06-23,53631.0218807736,0.0,3305.2226444973535,3374.076752785544,2758.2385502131333,True,181
2025-06-24,51950.6246000337,9866.84492908406,3326.757237645504,3874.105365743476,3573.2885355278872,True,181
2025-06-25,50865.020128308046,0.0,2713.703020925925,4698.604797654072,4200.016155750496,True,181
2025-06-26,51036.077433485036,117.62394120595141,2265.7180732539678,4636.378798076734,3989.451244344227,True,181
2025-06-27,19928.398471810884,301.01924240482043,2636.1666753439176,2003.225635537324,1867.0448494320754,True,181
2025-06-28,19310.3474324678,0.0,2204.949148968255,584.2271382949431,396.1898586494605,True,181
2025-06-29,48492.186726050946,111.62967039523876,2164.7309266666703,1634.715925026509,584.6003663188887,True,181
2025-06-30,49252.50539087503,158.98018780833252,1875.8523744973531,1605.2419232689751,485.84293688473554,True,181
2025-07-01,49865.888625766114,19516.372876967445,1200.0,1620.2506186627263,446.9160219009713,True,181
2025-07-02,48486.20071772134,20892.433019366286,1200.0,2663.11908921701,1348.6466105651236,True,181
2025-07-03,47743.93817468757,38056.547655502174,1200.0,3162.0242107900112,1807.1051569447473,True,181
2025-07-04,20079.05736662318,23814.85078166557,1200.0,1800.623173353157,1800.623173353157,True,181
2025-07-05,20842.907243379177,21599.351299914015,1207.7429999999997,2071.5300864975165,1983.1573910065722,True,181
2025-07-06,48216.51838175357,36888.58272955599,1200.0,3051.1867552442095,2143.3446547445365,True,181
2025-07-07,48701.66063678253,6147.213295696523,1320.7775100000001,2750.303942818986,1942.2973614575776,True,181
2025-07-08,59187.900673618235,0.0,4209.900464365079,2546.1502141833457,1695.5660778260783,True,181
2025-07-09,57197.42939829097,0.0,4461.6674421164,2382.1286893636957,1736.8212761500067,True,181
2025-07-10,57875.86825905775,0.0,4192.750993518518,2268.232329341578,1621.9761328697587,True,181
2025-07-11,30067.037131528225,0.0,4450.0914782010595,848.6200177309805,731.0816160429911,True,181
2025-07-12,29833.442755185308,0.0,4136.506409708995,797.524952910875,602.9608216976684,True,181
2025-07-13,58253.59396859537,0.0,4348.280960317459,2282.347874160733,1397.8431923244364,True,181
2025-07-14,57060.502767169586,0.0,4336.359881058201,2225.9005754836953,1404.0880956028839,True,181
2025-07-15,57101.14180340504,0.0,4808.647377460316,2156.681989989254,1422.5189760413716,True,181
2025-07-16,55892.888615806834,0.0,4399.743940608466,1597.4531813925305,953.8094382449411,True,181
2025-07-17,55938.2900629107,0.0,4332.254297804233,1567.3381584385827,981.5387502791709,True,181
2025-07-18,29415.13181262923,128.45697813809593,4487.678376137566,669.3327302525996,485.12521101044763,True,181
2025-07-19,29468.223206962633,0.0,4348.005149603177,657.7989899482682,528.4797834140818,True,181
2025-07-20,55699.21728331217,0.0,4518.163170502644,1523.5344921137164,862.7743005071914,True,181
2025-07-21,56632.077854851814,0.0,4756.031062301586,1631.1020174030457,924.1458549715102,True,181
2025-07-22,55803.06892001501,578.3043339740698,4007.01243089947,1602.1865295154698,934.2133149995431,True,181
2025-07-23,56493.41861584231,0.0,4120.2929177513215,1880.2257600800149,1166.8394416949127,True,181
2025-07-24,55709.62256202176,1095.120612295732,4143.655833703704,2501.587261501945,2041.7396387397537,True,181
2025-07-25,26665.01068702514,51.901026428570816,3231.2573252116376,2541.8799786123213,2541.8799786123213,True,181
2025-07-26,26887.80434862998,0.0,2828.08352272487,2497.476151448354,2497.476151448354,True,181
2025-07-27,52630.85875373962,27.431764817913358,2498.924123544977,3375.647266310448,2359.700965591972,True,181
2025-07-28,52165.012612857885,1020.6893653596031,1437.2821742592596,1925.133358015247,421.6323010494457,True,181
2025-07-29,53742.01048129267,354.2856467166682,2161.0658777513227,753.0331249507134,-598.4166457317489,True,181
2025-07-30,53832.940650883145,47.04602773333303,2363.1799909259253,838.6649208977268,-600.812199550763,True,181
2025-07-31,53125.007903349644,271.0836721333329,1754.142909629632,774.7466817321997,-600.0188112542355,True,181
2025-08-01,25363.539386763092,0.0,2236.182956957678,-331.7393345869618,-861.8179143746725,True,181
2025-08-02,25217.296007453304,0.0,2296.280638253969,-198.8491350010328,-818.5110627815586,True,181
2025-08-03,51486.12062913689,1483.3272529128167,1519.5371550000004,838.249125242997,-442.70477128181744,True,181
2025-08-04,50958.84867275371,38.01756630000086,2038.6168541269824,778.0624297890275,-474.04384059050375,True,181
2025-08-05,49778.200032612294,88.88156299999946,1928.5302945238088,788.7117994876613,-489.10975807853094,True,181
2025-08-06,49009.76198961715,443.1507216728816,1340.6595284669118,735.6048115476724,-442.21474706206476,True,181
2025-08-07,48724.88143607976,57.95117778333328,1945.1104805026441,767.2553952699553,-528.7807871485105,True,181
2025-08-08,24679.50464046501,0.0,2282.0213274603184,-389.1961510260141,-910.4642246886185,True,181
2025-08-09,23949.496924893334,0.0,1979.4512653703716,-330.71380957150035,-890.6093311587529,True,181
2025-08-10,47311.71930545251,59.16227877499998,2472.8973432804237,552.1272070357694,-419.275589376407,True,181
2025-08-11,47293.241956390775,1068.6610193047572,1981.6231149206362,500.33519823242983,-464.04083673894525,True,181
2025-08-12,46338.03392593337,5710.461197905571,2027.8077150000013,537.5743914226778,-425.50038417894143,True,181
2025-08-13,46973.10806967464,710.6717716583314,2388.9866554497366,595.9315057314119,-324.6764630199433,True,181
2025-08-14,46583.786469253944,1019.2880273702351,2010.4980564285695,654.3598411644596,-273.43149238345586,True,181
2025-08-15,24053.125887982533,0.0,1994.9976198941822,-447.11910004217583,-898.9498152632666,True,181
2025-08-16,24151.810432520888,0.0,2131.904117010584,-453.532885575781,-896.358698441569,True,181
2025-08-17,46945.956350404405,689.6234152511877,2227.51581314815,666.5067920870392,-267.85119925772887,True,181
2025-08-18,46759.60984635161,458.17031902262096,2395.5013298941803,429.7285070465582,-329.8719574722331,True,181
2025-08-19,46741.2886254499,339.9252916749965,2082.2114380158723,453.92591511872723,-419.6830586323568,True,181
2025-08-20,46454.608373528885,18019.210399455264,1601.1411959259249,521.0973456599329,-420.1521777435094,True,181
2025-08-21,47340.90084006227,0.0,2195.613176772485,946.7920793264899,147.0574690216181,True,181
2025-08-22,24142.82802416169,480.97343803582834,1684.339457777778,-443.53823882346893,-904.232697658817,True,181
2025-08-23,24758.049522499445,0.0,2257.9471237830694,-445.79962821205396,-933.7443101990043,True,181
2025-08-24,47859.17119325215,119.7582709333327,2331.800488783069,1090.576220952837,-0.868748935447294,True,181
2025-08-25,48259.88262268645,840.0624187226333,1769.5401246296296,1032.5090076315516,-63.065782722610706,True,181
2025-08-26,49032.47242159114,94.46717647500041,2559.4338093915344,845.7261211706589,-354.68488676093193,True,181
2025-08-27,49121.76092932181,0.0,2287.419494735449,883.7004254527366,-399.5005420364616,True,181
2025-08-28,49040.55105972104,382.9910505000001,2288.0149488095235,819.9668795419618,-291.6537877695161,True,181
2025-08-29,25612.663540217014,0.0,2494.258285555557,-350.8893090756413,-894.1589646786158,True,181
2025-08-30,25230.74101531267,0.0,1978.7056192857167,-390.3666498465673,-900.4405054815563,True,181
2025-08-31,50063.727345452426,337.06710566666715,2363.084385211642,862.4136513382274,-310.97825025033865,True,181
2025-09-01,49769.08316367131,0.0,5949.026198597882,883.57321683321,-312.48614871092894,True,181
2025-09-02,47477.10726487398,0.0,5648.703895238092,880.2920253441704,-433.0404358657314,True,181
2025-09-03,46980.06806428604,0.0,5596.121323412699,947.1210267825512,-358.0561470104604,True,181
2025-09-04,47305.67849486237,0.0,5540.43671568783,1049.5819984534342,-244.76359168592924,True,181
2025-09-05,23087.066581936073,0.0,5679.958943703703,-497.64957563365687,-1070.6904241541768,True,181
2025-09-06,23459.568390124197,0.0,6277.360743518519,-540.3083688498276,-1101.0980339172525,True,181
2025-09-07,45653.668850259,0.0,5410.513888359788,1082.977982734302,-134.6681599233919,True,181
2025-09-08,36905.062488684,5631.680116101323,1312.4401564814812,703.844642105042,-245.4694445915273,True,181
2025-09-09,39955.27188351645,61.48156000833311,1465.4936961111118,1016.8441081262174,-80.39435170745033,True,181
2025-09-10,40017.15538721006,10815.360942884152,1551.4425709259265,821.163805912941,-290.2994979535663,True,181
2025-09-11,40201.844372499305,0.0,1703.043036746035,932.757321869287,-58.08172260590653,True,181
2025-09-12,17785.014499980534,517.0704306949056,1824.2017257671937,-810.234575360813,-1247.8702803942183,True,161
2025-09-13,17940.984686050535,0.0,1764.1112337566174,-797.8820305822611,-1277.2521805841363,True,181
2025-09-14,40001.78023826676,401.30541306222744,1251.820035,840.2133286557251,-77.41669315036184,True,181
2025-09-15,41296.90661972904,781.7954108904706,1728.9875379629634,678.2802256341561,-174.37213669717698,True,181
2025-09-16,40560.344360626346,79.22944829577821,1200.0,880.6218981209038,-53.907320422372194,True,181
2025-09-17,41242.28216217251,0.0,1459.146819629631,871.9831449632948,4.5106640294275495,True,181
2025-09-18,40952.42447864935,159.98620629311878,1356.9763203703699,756.3590737857512,-64.29593246806883,True,181
2025-09-19,18616.63115468851,0.0,1986.3069106084708,-885.9320641454133,-1299.907387504444,True,181
2025-09-20,18294.68264853391,0.0,1996.245924576722,-898.3199300243961,-1331.2343014520632,True,141
2025-09-21,42774.865888764936,0.0,1835.1531532275121,760.2041086446312,-37.89505436830646,True,181
2025-09-22,42402.18139653543,498.7936068896957,1391.028078518518,731.1827353283663,-100.2493421360535,True,181
2025-09-23,43933.98935610327,69.14849838333348,1870.8513991534326,756.05765033147,-1.483053295608946,True,181
2025-09-24,43521.90419789076,0.0,2112.2183139153485,787.7942934821036,-102.80193503566473,True,181
2025-09-25,43897.403104993864,0.0,1795.2699828306895,829.4117980643796,21.270069718934423,True,181
2025-09-26,19430.683395400967,0.0,2126.3849552645515,-747.2181542386063,-1129.0978962679997,True,181
2025-09-27,19367.53058755626,0.0,1557.8982971693122,-670.2703453714633,-1055.5398425233132,True,181
2025-09-28,45227.777666540795,39.44987083333338,1933.494043280425,869.6456632504041,-61.86468985742162,True,181
2025-09-29,45833.47075046652,101.11281389881046,2078.478030238098,934.967253685413,-75.98543587616822,True,181
2025-09-30,46078.79918734975,200.56746551666788,2234.193678994708,865.7776923182553,-206.0670555944464,True,181
2025-10-01,45760.03432756281,0.0,3808.4840528042346,786.7447585746264,-299.064017228353,True,181
2025-10-02,43933.37302044565,0.0,4138.026365291006,355.52721799781773,-555.3642353069553,True,181
2025-10-03,17941.620430641535,0.0,4316.623256481482,-576.8021532579481,-996.0083352490034,True,181
2025-10-04,18766.550233658334,0.0,4302.82393399471,-586.7734016310429,-1014.865591402798,True,181
2025-10-05,42090.1358329754,0.0,3812.1925344444458,347.65850095395683,-560.920849113801,True,181
2025-10-06,42178.72566740394,0.0,3468.687876084657,303.5006793255109,-522.1943267581491,True,181
2025-10-07,41933.57580921835,0.0,3733.750192222222,386.0151348290983,-443.7956130419757,True,181
2025-10-08,37743.29595189028,0.0,1673.347393386244,135.83879259652142,-589.525011671921,True,181
2025-10-09,39243.282726775964,265.5175183820813,1507.7290553703697,270.69068415410027,-514.8035601544782,True,181
2025-10-10,16296.463378191916,0.0,1364.2269710846513,-717.0806769871949,-1077.8682089939905,True,181
2025-10-11,17065.194005453537,0.0,1779.1386727248664,-733.0703620325639,-1064.1607240223498,True,181
2025-10-12,39962.801143375604,63.64257637500059,1378.4225997619053,64.55357501504706,-667.6561886568913,True,181
2025-10-13,40774.434302884874,0.0,1758.30044256614,75.57240524636431,-650.4812573959339,True,181
2025-10-14,40021.18178052864,834.3601361152046,1321.0899025925924,45.34267666491814,-605.7097582006714,True,181
2025-10-15,40676.740526344765,1682.7633255980159,1663.6779987566142,-50.02418900391608,-694.0206892869637,True,181
2025-10-16,41312.557869569326,7169.836330985389,1602.4102479629628,74.48484115782003,-625.2270399424206,True,181
2025-10-17,17288.904924882077,0.0,1657.6034851058232,-704.0018780594403,-1020.6044670044492,True,181
2025-10-18,17335.032162639658,0.0,1978.701824788357,-712.170268278495,-1022.5296949818013,True,181
2025-10-19,42741.900318786604,3398.006856417385,1624.1917050000004,-2.6821097571962556,-627.0894436848617,True,181
2025-10-20,43554.44432322253,2340.2197106162143,1465.1315998148161,31.480070067245748,-529.5389890497476,True,181
2025-10-21,44486.70568507655,0.0,1754.9695325396815,114.9512185913561,-357.42680804740564,True,181
2025-10-22,44290.98946964322,4338.904412175671,1410.0405774867722,300.6446506499525,-222.78146342875002,True,181
2025-10-23,45467.251168568255,0.0,1668.8884887301601,378.63124900016294,-205.3264509955289,True,181
2025-10-24,17729.370273762397,0.0,1621.2661048412672,-591.8921275386429,-925.1279062923483,True,181
2025-10-25,17834.185682899188,200.83274472123534,1501.447971111111,-521.4173211075137,-875.073594703589,True,181
2025-10-26,46535.79960762999,0.0,2069.8898048677256,403.0041704127164,-171.88366102537546,True,181
2025-10-27,46302.608463867524,89.82957419999975,1873.1266749470915,367.75287056027247,-234.51424839144298,True,181
2025-10-28,46188.95831347605,0.0,1893.152965185188,434.37646127894214,-252.2061954918269,True,181
2025-10-29,46313.7920026874,0.0,1694.4772608465605,460.6717359690308,-160.4151728575473,True,181
2025-10-30,46470.05098574162,16.568520749999568,1696.026035343919,481.8971993479018,-198.38496179765175,True,181
2025-10-31,18805.94988727093,0.0,2101.922184206353,-370.1224525662469,-732.9420844321463,True,181
2025-11-01,18505.19601520063,0.0,2251.8621069047663,-343.8105010174777,-717.5644979846045,True,181
2025-11-02,47445.3286712765,548.5505182476279,1592.7562955555557,519.4021498711055,-299.8827367641396,True,181
2025-11-03,48541.12948069902,0.0,1946.8356254497373,502.7785699856069,-254.9784636850824,True,181
2025-11-04,48685.6807530339,323.8923300701353,1473.7694616666672,526.1773396801518,-315.81585940579373,True,181
2025-11-05,49308.24063336322,14.13563915833264,1975.2372847089923,583.6676415091944,-263.7845016546149,True,181
2025-11-06,48325.59438167825,1291.7046934455996,1632.560440423281,529.6874611132764,-220.5717926916854,True,181
2025-11-07,19024.73363335747,0.0,1806.737878095238,-469.3521201795049,-766.274023612712,True,181
2025-11-08,18829.921946610302,0.0,1880.9781852380995,-452.555026895694,-770.3012368515849,True,181
2025-11-09,49674.27821408731,0.0,1726.3074343915296,292.95874558277853,-490.1390374508719,True,181
2025-11-10,49753.64001424805,726.4466910723498,1560.7530211111111,396.67278661169973,-632.0871195549547,True,181
2025-11-11,50179.7771971513,0.0,1836.5273183333338,425.5909522540744,-566.5951710430594,True,181
2025-11-12,50357.525629234384,0.0,1665.0228323809536,566.1501760431935,-448.04176468305513,True,181
2025-11-13,50537.43593957476,0.0,1788.9560031216938,486.8438402459826,-477.0672788678345,True,181
2025-11-14,19688.520153105714,0.0,2072.8105896825414,-515.314357288758,-767.5961213667191,True,181
2025-11-15,19250.11017426954,0.0,1795.487547671958,-480.4763243381384,-754.9664823200832,True,181
2025-11-16,51677.61223706235,12.00304163333323,1665.0630502645486,494.8465605522771,-478.338741991297,True,181
2025-11-17,52622.78911126686,0.0,1929.0063576455022,413.6888321482387,-539.6318333182729,True,181
2025-11-18,52054.03407564768,0.0,1848.9616538888897,395.49097123809867,-544.6461459910531,True,181
2025-11-19,52157.22596813833,0.0,1586.7689261111123,365.9273395780575,-548.1923124968954,True,181
2025-11-20,52901.91817139037,0.0,1826.3848326455036,224.9454596881399,-624.715719927385,True,181
2025-11-21,19945.94128115118,0.0,2028.5940574603176,-444.82348323937765,-774.0977773169678,True,181
2025-11-22,20150.630583852813,0.0,1951.825088571428,-449.12032077911846,-769.4461206391197,True,181
2025-11-23,53551.41305609475,0.0,1898.4089964814852,297.3741226986961,-581.4427645268815,True,181
2025-11-24,52782.952558586345,85.71106349999933,1377.1383112962978,279.0024322926904,-606.9518840781817,True,181
2025-11-25,53490.87319042106,0.0,1731.7194392592585,279.9279761406734,-607.750403741847,True,181
2025-11-26,53725.13981929644,209.30622008333327,2178.420239074074,272.2498682927933,-618.1749296366601,True,181
2025-11-27,53624.37339083612,0.0,2002.1308142592613,290.3271035680413,-586.3354250846669,True,181
2025-11-28,20379.709500386278,0.0,1876.5225037037062,-501.8568692214105,-808.2097563854765,True,181
2025-11-29,20952.87167458132,0.0,1924.2244334126974,-551.5692614604442,-803.313399120987,True,181
2025-11-30,54473.86247879638,27.58286025000031,1648.851427777776,52.71769430143387,-631.9613457552578,True,181
2025-12-01,55268.15334201913,17371.266755824658,1479.4019988888883,-131.14636049411018,-665.4174669093612,True,181
2025-12-02,55668.76436718986,23606.59699014971,1413.8043714814812,588.495633307385,72.66526022533469,True,181
2025-12-03,56770.61131522369,8508.112779369578,1246.0568998148142,1390.8656308008617,938.0816651983157,True,181
2025-12-04,57206.09641471579,12094.328281407239,1336.5760529629638,1559.316922008478,1071.0612510941087,True,181
2025-12-05,24044.156649861066,5712.006077693652,1532.3984268783072,1196.8610553765877,914.074509763557,True,181
2025-12-06,24388.440888403602,5427.646477486069,1467.2315275925926,982.2207254799762,292.57345361507976,True,181
2025-12-07,60007.82066168839,957.7754856309525,1497.530550185187,1151.925195313443,613.9072060176886,True,181
2025-12-08,65228.809596204635,0.0,2008.499742037036,1011.1550849445599,468.93819154771415,True,181
2025-12-09,65488.24412420801,0.0,2016.2856538888902,984.9735461189978,442.582309206202,True,181
2025-12-10,64539.355734723285,0.0,1861.9172317989442,1040.7601549770088,478.5817543095249,True,181
2025-12-11,65556.21753246197,0.0,2103.9676522222217,1075.4059313503308,506.7355484651041,True,181
2025-12-12,28887.617746060616,0.0,2069.298851851852,851.1802811751955,334.4793376962566,True,181
2025-12-13,29456.77518531363,0.0,2211.5069939153423,830.79739322471,287.0562000332934,True,181
2025-12-14,65517.39957909276,0.0,1956.6254761111122,1062.66639763481,455.8413541406982,True,181
2025-12-15,65215.99857953769,0.0,1945.598371481483,1104.9105026445272,509.08257770091967,True,181
2025-12-16,65826.66084734023,0.0,1877.47039111111,1148.8600278818803,566.7093411215183,True,181
2025-12-17,65440.9318652677,0.0,1975.8676502910032,1172.2601652681017,568.0334101640543,True,181
2025-12-18,65193.2382144359,19.729200031450574,1905.4192766666697,1187.3096016089885,569.3601144474678,True,181
2025-12-19,29664.195617469155,0.0,1873.946768703702,914.3851877408088,306.2470116730295,True,181
2025-12-20,29753.392914844615,0.0,2025.0610195502659,902.5446124553184,289.61480282520444,True,181
2025-12-21,65638.68953334546,0.0,2107.1756033597862,1264.9040818794067,601.02618352148,True,181
2025-12-22,65182.80843665069,0.0,1713.4919509259287,1252.0369048108591,609.1680718073994,True,181
2025-12-23,65007.495047243574,0.0,2061.0050994444446,1617.0208683537192,1061.2373660156088,True,181
2025-12-24,63612.88125524604,26.509118158333468,1845.044941851855,1668.7868870570542,1177.5952796568395,True,181
2025-12-25,63190.64865226031,106.4360033999999,1877.3836150000006,1616.006209881496,1249.761009898572,True,181
2025-12-26,27317.194117908104,32.20494499999998,2479.7973225661385,1120.5182118726477,820.5508279050144,True,181
2025-12-27,26698.47659422249,203.57985795833338,2236.4494466931233,784.6030196980176,553.828301142866,True,181
2025-12-28,62275.65392467288,85.59571557142856,2112.549143333333,95.59378760649692,-183.6788959009119,True,181
2025-12-29,62148.33681771523,0.0,1820.8459527777795,-284.92410580035363,-732.9732097484136,True,181
2025-12-30,61507.016275158894,142.7471374940474,1888.473658756616,-247.22890197240235,-738.1421256852607,True,181
2025-12-31,61378.14124554467,0.0,1627.3262116666697,-228.8934199368322,-726.6622282949766,True,181
