date,q0_kwh,qA_kwh,down_kwh,up_kwh,charge_kwh,discharge_kwh,emergency_kwh,unused_kwh,retained_cost,down_cost,up_cost,emergency_cost,total_cost,soc_start_kwh,soc_end_kwh
2025-02-01,56001.39298564216,51657.795964518395,4343.597021123765,0.0,26617.360985952862,14789.133779654583,0.0,5451.392824886784,21487.80775995095,1087.2195652974335,0.0,0.0,22575.027325248382,2122.4825093090917,9645.736530383798
2025-02-02,86493.25760234875,82289.87229560906,4222.83519016776,19.449883428081648,15871.533897732623,18783.416023852744,0.0,6845.4764717291855,59432.49237926734,1690.5844384838572,30.814323358426215,0.0,61153.89114110963,9645.736530383798,3059.6547896178904
2025-02-03,93851.8745778519,88069.96294427266,5781.911633579245,0.0,22833.52088292102,19153.30856315546,0.0,4172.8341245070915,62875.70774205827,2562.9981571035164,0.0,0.0,65438.70589916179,3059.6547896178904,2328.369625185186
2025-02-04,98189.57178632458,92177.29866347696,6012.2731228476105,0.0,23859.38395691504,19377.900541209867,0.0,6500.951297771797,65828.13291964817,2691.501503039554,0.0,0.0,68519.63442268773,2328.369625185186,2270.814585064419
2025-02-05,92388.07666681288,90420.57470068464,2220.369160304689,252.86719417644736,23078.219131656595,18280.141814533155,0.0,4874.070400227865,63958.05279599549,990.9551335740684,396.9410388488794,0.0,65345.948968418445,2270.814585064419,2729.94312074074
2025-02-06,97197.22476802312,88950.98241919444,8246.242348828688,0.0,25506.31897879707,21074.406142158958,5.096551549355809,4253.1089174390145,63556.04448233273,3620.9331437007395,0.0,35.7064401547868,67212.68406618826,2729.94312074074,2269.6233770370372
2025-02-07,47065.06949212842,42269.19404590267,4795.875446225751,0.0,19392.09202139917,16231.42006340213,0.0,7302.8424212389655,18003.38542539663,998.7890778667132,0.0,0.0,19002.174503263344,2269.6233770370372,1687.5950147383708
2025-02-08,46421.94435408468,46591.83451828701,5.1841575441358145e-06,169.89016938649831,28145.555493855376,15556.471428787385,41.12309031971512,2466.710826872073,18637.654982326294,8.579780735544774e-07,157.76650398241446,204.09389725674615,18999.515384423434,1687.5950147383708,9733.626704999999
2025-02-09,80962.07069711498,78623.37947826646,2338.691218848519,0.0,14348.107927103612,18886.569438893526,0.0,3606.425023389705,58094.66273766671,1156.74197140747,0.0,0.0,59251.40470907418,9733.626704999999,1661.8466850671025
2025-02-10,87006.93187170681,82321.63072853549,4685.645648863253,0.34450569192597413,22175.563837140333,17325.933579740795,0.0,3145.3628878026084,55811.2353278533,1916.0794103950093,0.49608819637340273,0.0,57727.810826444686,1661.8466850671025,2368.8168276702936
2025-02-11,85374.07054547707,80990.2196500471,4383.850895429975,0.0,22546.423773915627,18998.551579774925,233.9756102426459,2455.7259328157033,55323.335380755416,2005.4671028382465,0.0,1242.524891918855,58571.32737551251,2368.8168276702936,1551.0964688888882
2025-02-12,87735.68748657129,83432.69871751122,4302.988769060071,0.0,25563.30456892747,20124.028462970848,3.526941850353751,2730.2134200716155,56496.070347237175,1883.6670257805488,0.0,19.13013259631874,58398.86750561405,1551.0964688888882,2198.038955400448
2025-02-13,80619.51379871242,77997.90388267636,3251.8127876083263,630.2028715722718,23820.786202776108,19639.85074960905,834.8101396025994,3322.299552445239,51756.587955832125,1378.1798275517178,830.3976780389653,4271.644203074026,58236.80966449683,2198.038955400448,1814.690149444447
2025-02-14,37549.943103476486,37459.47909852741,435.8619324371159,345.39792748804075,20210.597433527477,16434.743973967077,0.0,3881.8238223003395,15712.357496888346,67.4701421696265,321.1911783579782,0.0,16101.01881741595,1814.690149444447,1743.4012018779758
2025-02-15,40185.004129830595,37911.84307510783,2273.161054722769,0.0,20194.8839313219,15437.93875089425,0.0,3874.806794680178,16389.494842174885,480.3948735545271,0.0,0.0,16869.889715729412,1743.4012018779758,2765.5314612962957
2025-02-16,87627.65851159047,82075.44916050603,5592.979983950724,40.770632866280664,22988.270378019326,18409.20043874039,7.67986422185777,2126.6799854489614,55594.53937532762,2539.7026183409625,65.92079969276165,39.47450210034894,58239.637295461696,2765.5314612962957,3000.3076473577003
2025-02-17,86245.86771994387,77402.6765009705,8843.19121897337,0.0,22455.89015854533,18872.665116543645,0.0,2635.588292302144,51606.12936143074,3632.823609478297,0.0,0.0,55238.95297090904,3000.3076473577003,2240.9808827777824
2025-02-18,77450.51567008888,78070.18017727115,743.0236132752318,1362.6881204575095,22864.209373257712,18095.647265346797,1.661610465380818,1211.891896492281,51299.51089554549,297.5100514775371,1480.3443261644952,7.930035946029953,53085.29530913356,2240.9808827777824,2712.49457943551
2025-02-19,78429.85127946909,78869.85322141163,1371.0552286949924,1811.0571706375247,21647.589898123773,18641.387942638878,772.577688059253,3756.9015706526466,51135.56003508461,688.1139666227346,2133.7677692581524,4267.419114738235,58224.86088570373,2712.49457943551,1482.6722181481493
2025-02-20,82034.36509240117,79057.31198891618,3017.8935004452082,40.84039696021205,23117.817330078575,18543.138188235156,200.01287086403875,3689.511984603461,52921.50487469471,1239.7417513135003,57.96725030656491,1072.5672061536582,55291.78108246843,1482.6722181481493,1685.220939402029
2025-02-21,36740.1041216902,36651.739862076116,88.36425961408463,0.0,20240.44463824465,15847.970545797001,0.0,6699.003736295133,15440.519703966142,37.24553542733667,0.0,0.0,15477.765239393479,1685.220939402029,2292.7649518255457
2025-02-22,40762.41346821227,40195.81424510715,566.5992231051226,0.0,22434.66657644388,14528.917081242256,0.0,4445.30186657219,16968.24248736922,152.79554724125373,0.0,0.0,17121.038034610476,2292.7649518255457,6340.723669244755
2025-02-23,75985.90571895997,72855.83585293844,3283.0712752153595,153.00140919383398,19780.383935764596,20245.793628105588,457.618944502116,2247.010806448218,49220.644905455,1352.4552436991537,251.32266247239673,2560.2015844997363,53384.624396126295,6340.723669244755,1647.7429579822456
2025-02-24,78420.57447763477,76478.67047551666,1941.904002118122,0.0,21253.974350059776,16461.653143537744,44.147139845008724,3527.462792172967,50735.12604213218,850.3152637652094,0.0,218.94501018526387,51804.38631608265,1647.7429579822456,2485.5941579941077
2025-02-25,80225.03711464924,73938.160862687,6286.876251962236,0.0,22642.044914760892,18515.20656877532,275.55776425108826,4265.557047619182,47557.26973522044,2630.4497733217963,0.0,1419.7246305904262,51607.44413913266,2485.5941579941077,2290.982838195221
2025-02-26,73932.51629062099,76696.28100720666,0.0,2763.7647165856756,23271.100589949583,18861.83597687557,0.0,3472.1683607993177,48423.768824498555,0.0,2894.329088589563,0.0,51318.09791308812,2290.982838195221,2277.377839288106
2025-02-27,74990.34449532742,74676.71507476906,1159.5592142195928,845.9297936612356,24425.68718372456,20170.87982667619,504.952735625998,3970.276253346686,47159.44351265605,482.1378262269734,929.7207953665344,2690.398472226564,51261.700606476115,2277.377839288106,1848.4076083333334
2025-02-28,34964.57395557433,34736.9531246903,227.62083088402545,0.0,19246.635804320988,15732.153874347072,0.0,7929.877644716383,14526.960950812752,88.65319706910532,0.0,0.0,14615.614147881859,1848.4076083333334,1690.2088607254775
2025-03-01,49616.38025315161,45103.411670721725,4512.968582429892,0.0,25718.920319562265,13438.733088103714,0.0,9164.458505929837,18117.22668971136,745.1942312659501,0.0,0.0,18862.42092097731,1690.2088607254775,9905.311494882944
2025-03-02,75176.55575860318,72300.68396544395,3506.7624929038793,630.8906997446516,12458.896818841016,17518.81909349806,0.0,5002.299173434335,50004.36685574469,1463.101794719533,760.3729172652779,0.0,52227.8415677295,9905.311494882944,1652.9640835086802
2025-03-03,88016.75821875657,82230.39298180024,6419.132277882619,632.7670409262845,24716.590411152334,18607.015913321367,0.0,4103.67185063593,53626.14071829499,2659.7905435737166,884.3975540010741,0.0,57170.32881586978,1652.9640835086802,3223.4333276331513
2025-03-04,75406.18896504723,74509.11321518278,897.075749864452,0.0,19715.0741499919,17285.750589287352,0.0,2880.3317211448966,49113.157687169674,401.50195632672626,0.0,0.0,49514.6596434964,3223.4333276331513,1760.610518973245
2025-03-05,82117.35945310195,74723.03019181437,7394.329261287579,0.0,22998.769979684206,18013.646032093686,0.0,3607.434227557185,46967.75886408313,2881.3585317318216,0.0,0.0,49849.11739581495,1760.610518973245,2444.3412428071556
2025-03-06,75069.2453728126,73321.67855203013,1747.5668207824517,0.0,21159.72667165904,17776.31354258003,0.0,3997.6112896177956,47276.47093218505,670.6343563252534,0.0,0.0,47947.105288510305,2444.3412428071556,1736.6357555447064
2025-03-07,35587.49423206551,34292.37097204365,1295.1232600218566,0.0,17853.004813132357,14393.569387960782,0.0,9910.650013538745,14329.992545884792,388.71282522434313,0.0,0.0,14718.705371109136,1736.6357555447064,1811.4852118518497
2025-03-08,34387.125664784806,34243.88757093898,143.23809384582626,0.0,19393.015095328035,13630.736720759993,0.0,9418.469679704272,14204.277585931519,53.84319677175783,0.0,0.0,14258.120782703276,1811.4852118518497,4119.935774580422
2025-03-09,74257.03353366286,68312.41677485834,5945.458988968936,0.8422301644202435,23941.098135885444,21470.342821105587,186.76694249075746,2694.9033525692494,43582.78795206514,2017.2460835127295,1.2388363488457361,962.2753608601757,46563.548232786896,4119.935774580422,1810.9876289822273
2025-03-10,73751.14859299408,75384.88636740971,106.76444748381664,1740.5022218994404,23050.776619461336,18650.42377568102,250.7189452588363,3193.181018888234,47866.50435529501,34.28418964984308,2003.2808203431466,1305.3255655349194,51209.39493082291,1810.9876289822273,1833.9935024074089
2025-03-11,65709.80792832709,72675.47761091035,0.0,6965.6696825832605,24867.000659794605,19840.62321566033,43.982415515488086,3754.163782291573,41834.28162627433,0.0,6209.84714533213,239.01329000402643,48283.14206161049,1833.9935024074089,2169.1571899332926
2025-03-12,76083.76613349546,69565.14107146273,6518.625062032731,0.0,22922.792822538446,18460.46189497795,502.0618725519629,3169.337333120865,43553.60794064464,2348.653092664182,0.0,2801.3037888194795,48703.5648221283,2169.1571899332926,2288.046402464619
2025-03-13,74327.11681946606,74655.13142085783,1936.4266287289574,2264.4412301207194,22812.316011801482,19085.624229777357,9.579746333330126,3392.4013685003597,46784.175097887244,738.6827760431252,2705.8832427208445,61.7245241160604,50290.465640767274,2288.046402464619,1612.8816688888883
2025-03-14,31910.074294464008,32075.1655224405,1.2990909908694448e-05,165.0912409674017,17810.4831526536,13620.457004227368,0.0,11855.713390680934,12957.80300656165,2.226641958350228e-06,159.1992690854165,0.0,13117.00227787371,1612.8816688888883,2508.4753904689487
2025-03-15,39422.041580632744,39638.95699591002,5.262661716187722e-06,216.91542053993908,24990.351407802253,13884.709630075211,0.0,7609.190068182978,15640.74588883364,8.686023162567835e-07,194.48455724169446,0.0,15835.230446943937,2508.4753904689487,9572.336512962962
2025-03-16,66132.66717608663,64709.37006174052,1648.7476983421395,225.45058399602146,16558.66291995788,18870.44426559392,0.0,3670.104474043226,42193.096954961286,705.8952652036598,165.98675708376533,0.0,43064.97897724871,9572.336512962962,3507.9728458206946
2025-03-17,67379.96512182891,64072.25385612486,3705.8025617982307,398.0912960941787,19629.221133168026,16400.148907104725,0.0,2985.050196728224,39244.720642979715,957.6373616512263,445.26552342476253,0.0,40647.62352805571,3507.9728458206946,2951.884191111115
2025-03-18,75051.99154519934,67557.2816422326,7494.7099029667515,0.0,21530.332611164537,18539.177984876613,0.0,3440.16864927801,42257.85950490974,2887.232149822995,0.0,0.0,45145.091654732736,2951.884191111115,1730.0968912962976
2025-03-19,64793.2642164378,69317.09688368479,0.0,4523.832667246989,23326.708096626913,17708.739317767802,0.0,4233.6576548256735,39993.84041433413,0.0,3622.3909449827756,0.0,43616.23135931691,1730.0968912962976,3047.757158518518
2025-03-20,71813.41689192648,67575.94139051354,4237.475501412936,0.0,20461.25180012188,17482.555555066614,0.0,2388.2833287916105,42974.537370766775,1594.6804881967048,0.0,0.0,44569.217858963486,3047.757158518518,2037.8220507764206
2025-03-21,31134.30204450261,30777.55551796097,358.15924502907757,1.4127184874373597,18386.17612299124,14906.586360444335,0.0,15264.501238747396,12521.948933907925,116.209061378282,0.5229883840493106,0.0,12638.680983670256,2037.8220507764206,2022.5068276414986
2025-03-22,41640.57658807948,41336.30124342868,304.27534465080055,0.0,26081.59499521738,13226.348091003423,0.0,12599.854605881394,16441.297498150318,115.296655071504,0.0,0.0,16556.59415322182,2022.5068276414986,10800.0
2025-03-23,64547.09551027001,57524.37331362383,7022.722196646182,0.0,13195.577551473774,18902.436054665373,12.197878675759512,4473.70957882452,36871.383428251625,2490.2363846433645,0.0,76.90152611132584,39438.521339006315,10800.0,1673.3130689204268
2025-03-24,70904.89265225324,67204.62693999356,4077.003267653779,376.7375553940945,22599.626614092576,17477.250076424458,0.0,4083.7533189921087,40752.825649628474,1282.5678646557699,461.54340083965917,0.0,42496.9369151239,1673.3130689204268,2593.81027002101
2025-03-25,75697.07956210217,66604.53977652726,9164.450281876001,71.91049630109592,21643.994462862996,18476.18537512623,194.0575524083042,2680.6635245321377,40858.5912748815,3331.8852018219422,107.47236967533654,997.790924120974,45295.73977049975,2593.81027002101,1544.3104253463318
2025-03-26,66954.85978166733,63792.18563862899,3162.674151948761,8.910422423014097e-06,22855.435730147372,17793.659645899115,0.0,3137.854687714069,38749.36776382839,1026.2256294549188,1.003090804270812e-05,0.0,39775.59340331422,1544.3104253463318,2343.469642591062
2025-03-27,69004.28226843465,65339.2525847142,3800.909535945869,135.8798522254251,21698.157301014046,18101.362400369555,0.0,3025.4682840697074,39801.54211643177,1413.861055019531,88.60477003579962,0.0,41304.0079414871,2343.469642591062,1759.1863242042016
2025-03-28,31752.47501333904,31617.582946850067,134.8920664889713,0.0,17350.083194612438,13854.346972000143,0.0,17299.96595757111,12774.394658832349,54.06576108460704,0.0,0.0,12828.460419916955,1759.1863242042016,1980.5423415774583
2025-03-29,34781.308230619274,35087.166365019024,5.652352001561667e-06,305.8581400521037,21527.987249737762,13732.551037364434,0.0,19584.520969312365,13422.764928885457,8.65092473839013e-07,279.4725308704267,0.0,13702.237460620976,1980.5423415774583,6097.340824825409
2025-03-30,64621.28070451363,57062.741754603325,7558.538949910307,0.0,16934.570864801386,17443.466363775242,0.0,2226.017553577174,35176.538465671605,2094.484495210372,0.0,0.0,37271.02296088198,6097.340824825409,1956.8253100630586
2025-03-31,60644.01454673434,64566.86255850135,0.0,3922.8480117670138,22789.4485041009,17785.55531602717,0.0,2611.5798870942876,36929.196414804814,0.0,2893.243504391725,0.0,39822.439919196535,1956.8253100630586,2705.600834834791
2025-04-01,72761.91568172537,66185.25834430846,6675.665676140592,99.00833872367207,19468.35578683923,16369.979253698228,0.0,2878.0302945007807,41478.79427183752,2166.7891293130533,110.86522129871551,0.0,43756.44862244929,2705.600834834791,2038.255205547621
2025-04-02,69816.9329563598,67596.13495554149,2220.7980008183094,0.0,20254.24005160949,16646.223940515636,0.0,3552.7834444476416,41302.791321699464,837.156188558317,0.0,0.0,42139.947510257785,2038.255205547621,1771.266873645452
2025-04-03,71365.30757873293,64138.227049606,7227.080529126934,0.0,21453.63316927133,17367.12077828542,0.0,4188.184391953428,39607.491606788004,2300.334578738333,0.0,0.0,41907.82618552633,1771.266873645452,1782.735861228065
2025-04-04,29358.732462375665,29262.68684056735,96.04562180831391,0.0,16987.19036331606,13725.89630364067,0.0,19570.59053089196,11542.745247292904,31.822448926071036,0.0,0.0,11574.567696218975,1782.735861228065,1820.2112952784432
2025-04-05,38563.62743606505,38563.62743050997,5.555078814722947e-06,0.0,23955.421827119702,11536.919276388977,0.0,14101.009896445914,14866.865792126962,9.027003073924789e-07,0.0,0.0,14866.865793029661,1820.2112952784432,10561.291743698426
2025-04-06,58105.974186295396,52579.15837061545,6042.102650125741,515.2868344457931,13852.843810902248,18911.596913518304,0.0,3227.835206564834,33366.23118884251,1579.1950500208256,670.5608097203882,0.0,35615.987048583724,10561.291743698426,2015.9657140456718
2025-04-07,59269.49290108307,61037.97832025012,1050.478335683991,2818.9637548510414,20546.88891619313,16319.659593834042,0.0,3568.0297145577006,35092.32482310966,236.8044107262264,2421.5161335632583,0.0,37750.64536739914,2015.9657140456718,2375.2106343594455
2025-04-08,68316.67842621502,61480.98914630468,6835.68927991034,0.0,20603.60937990244,16747.116902403654,0.0,3271.303052139225,37530.116788268475,2093.295699931352,0.0,0.0,39623.41248819983,2375.2106343594455,2310.551406934254
2025-04-09,66968.51651826919,66959.65344117806,738.4412970248334,729.5782199337064,21779.64832517167,17496.25880326973,0.0,3541.952902609445,40231.20599951846,287.6315296806711,586.5796308805312,0.0,41105.41716007966,2310.551406934254,2471.9473404001724
2025-04-10,65211.00230830254,62146.25385816827,3126.240611267116,61.492161132850924,21722.41313255242,18107.950546856646,0.0,4071.1533724724936,37754.7028846399,1122.2290844054155,40.84309342443959,0.0,38917.77506246975,2471.9473404001724,1902.1741076344072
2025-04-11,27228.387940781828,27115.622333101383,112.76560768044791,0.0,14358.08691898345,11971.846984129501,0.0,19412.732231580765,10843.48562261244,47.52045435589094,0.0,0.0,10891.00607696833,1902.1741076344072,1522.4001301311753
2025-04-12,37728.77227307498,37121.378013033944,607.3942600410388,0.0,21741.80366170081,10469.347786338283,0.0,16823.761587671415,14192.980907552115,166.30394695514855,0.0,0.0,14359.284854507265,1522.4001301311753,9457.414774174917
2025-04-13,54126.67519464324,52168.18894905032,1958.4862455929115,0.0,12391.868966877593,16830.94424634598,0.0,2330.9057451853823,33209.863044551326,515.8527946990123,0.0,0.0,33725.71583925034,9457.414774174917,1909.0476817581093
2025-04-14,66051.64918647928,57365.909180055634,8685.740006423648,0.0,20567.802044084747,16789.498030845505,70.31425097513261,1129.8876177915267,34531.158820002274,2578.0200004758844,0.0,457.5699882206755,37566.74880869884,1909.0476817581093,1765.0717093838198
2025-04-15,59235.8053144532,57870.849624110226,2111.1142604588167,746.1585701158378,20808.789237318848,15272.558861523747,102.46856931158709,2297.658984293378,34220.18444608859,405.4274651239888,782.5074778549055,371.671949283158,35779.791338350646,1765.0717093838198,3523.472176833287
2025-04-16,62384.31866749298,60904.52402376391,1828.2865183459542,348.491874616881,17411.51906398052,15507.752000679704,0.0,3221.165010463091,37093.61661565952,457.43060722675534,449.952290573155,0.0,38000.999513459436,3523.472176833287,1963.003778104977
2025-04-17,57890.021197960676,59983.98802464952,479.7591173094879,2573.725943998335,21126.06467414969,17122.119293311862,0.0,3111.7002938116943,35246.720339086314,216.3403154057125,1753.3809357236005,0.0,37216.441590215625,1963.003778104977,1951.8849922709621
2025-04-18,28206.40689376754,28023.03955484415,183.36733892339095,0.0,16463.62505719198,13096.307512005802,0.0,18301.60482632464,11119.974153515279,70.10713785914898,0.0,0.0,11190.081291374428,1951.8849922709621,2217.694752626186
2025-04-19,31959.11084097527,32401.908547718635,5.675153943229816e-06,442.7977124185194,20662.230773836898,12962.714790916592,0.0,17917.71331479833,12252.394317551836,8.053043445443109e-07,360.49072088450595,0.0,12612.885039241648,2217.694752626186,6410.68601472762
2025-04-20,54297.802131207616,54533.21514859577,331.6973266480559,567.1103440362135,18156.16390781365,18587.186527160968,0.0,3006.492884609761,33455.59255572984,84.28265241169773,434.1131357956935,0.0,33973.988343937235,6410.68601472762,2098.804057136603
2025-04-21,64081.35771500199,56620.49570622971,7460.862008772282,0.0,18962.395271922014,15754.049343810737,0.0,4895.239394785097,34119.37903775119,1924.060044040571,0.0,0.0,36043.43908179176,2098.804057136603,1660.4605309655954
2025-04-22,58020.588795346426,59937.63065024822,5.304456863086671e-06,1917.041860206249,21713.66570190847,16042.407530444907,0.0,2113.4431621179874,34909.96788871035,1.0675219436961925e-06,1579.2156328872202,0.0,36489.183522665095,1660.4605309655954,3377.8624066333214
2025-04-23,53484.41611948082,55682.94654208885,0.0,2198.5304226080316,17356.528207656353,15165.897694858637,0.0,2092.399312624466,33005.920417728084,0.0,1475.8460723145113,0.0,34481.766490042595,3377.8624066333214,2147.740354792215
2025-04-24,57055.34193276518,55001.238823491076,2504.061511094083,449.95840181998034,17806.9668087035,14666.232776926137,0.0,4770.398091713715,33329.55850279097,521.1032298168637,530.163905360987,0.0,34380.82563796882,2147.740354792215,1878.1962860407689
2025-04-25,26958.79690555281,26188.58609716847,770.210808384336,0.0,14876.99351200649,12437.594587735744,0.0,21748.829522897726,10149.425675898123,236.5423563789761,0.0,0.0,10385.968032277098,1878.1962860407689,1447.9409049180044
2025-04-26,36317.69024293405,36317.6902256123,1.7321747748155758e-05,0.0,23420.57594876753,11456.111933417755,0.0,24283.03257692919,13881.943203045335,5.274472189313428e-06,0.0,0.0,13881.943208319808,1447.9409049180044,9797.445999455724
2025-04-27,47643.37114279833,46877.000090292124,1082.0141672270056,315.64311472080476,11075.776767050045,16385.019096487362,96.03164168605144,3708.802878082161,29272.600210723092,273.52211914801507,363.94090470245044,524.835763934651,30434.898998508208,9797.445999455724,1560.0683159259256
2025-04-28,69539.62770760486,65797.15776271289,3742.4699448919605,0.0,20401.047862474665,16050.614413230216,0.0,4824.756996801774,39717.532036688164,1164.6194334196866,0.0,0.0,40882.15147010785,1560.0683159259256,2086.995377452884
2025-04-29,57846.71669545477,55243.47514853606,3071.857246328773,468.61569941006474,17286.427230838526,13964.295847060665,0.0,4488.130048091535,33135.764041095325,587.5763723167531,576.1049761269918,0.0,34299.44538953907,2086.995377452884,2128.8956106957166
2025-04-30,55389.798366765535,54301.87623578368,1087.9221309818586,0.0,17895.058073823206,14309.203615160777,0.0,2459.1673437879185,32321.791324467693,451.2600325517216,0.0,0.0,32773.051357019416,2128.8956106957166,2335.3327491801783
2025-05-01,56693.36647773239,54399.604548049676,2589.3416720300397,295.57974234733183,19363.128819078476,16694.06866771573,1906.6557360808902,2625.821332767822,34128.60114856765,622.6819118891656,310.58041427145895,10138.632081485248,45200.49555621352,2335.3327491801783,1213.1835
2025-05-02,29665.05289285053,29235.66731676168,429.38557608885196,0.0,16374.26357302864,13275.018644153206,1159.3725021652,13005.474806718108,12219.996675652092,163.43155727685513,0.0,4949.051387425896,17332.479620354843,1213.1835,1200.0
2025-05-03,29947.57130455757,29727.033538669497,220.53776588807267,0.0,17841.48834503731,13857.662476480222,1163.4587658359128,18039.494785948318,11809.637266885324,102.78924327338831,0.0,5428.063142520142,17340.489652678854,1200.0,1859.936758888889
2025-05-04,61510.17374866299,54929.163574078804,6581.0101745841885,0.0,18169.96680471571,15242.877785819725,1327.0102318320705,1594.4174536815533,34196.00987383822,1816.5270232340044,0.0,7584.304809720597,43596.841706792824,1859.936758888889,1276.37601
2025-05-05,64184.76144787604,60567.91147211416,3616.8499757618715,0.0,19512.664883009966,15846.37191423807,899.1278122977694,2724.7395156400357,37119.76154934445,1360.063267216026,0.0,5300.984789488948,43780.80960604942,1276.37601,1230.6944999999998
2025-05-06,55679.18706611413,58145.577393262094,351.28972341896633,2817.68005056693,21163.999325357963,17124.179319206618,1741.462450605487,2977.1374710495693,34845.04346075887,81.61440443896234,2053.234260938252,8610.871491832657,45590.76361796874,1230.6944999999998,1251.4279825925926
2025-05-07,60540.20740908806,62601.74305247729,0.0,2061.53564338923,20793.11985937309,16096.529792515379,294.49630268354434,3131.803338303123,38299.156319621754,0.0,1208.475006138876,2019.06665119838,41526.69797695901,1251.4279825925926,2080.202753233508
2025-05-08,68340.04346707599,63663.6759945893,4676.367472486684,0.0,19875.093709821827,14734.46037317616,188.8993858080156,2885.4296437516487,40898.66791383297,1169.0141780234296,0.0,699.6740262668574,42767.35611812326,2080.202753233508,3596.1644552107564
2025-05-09,29980.03110711299,29973.904174955915,79.82550921500331,73.6985770579281,16425.490274679207,13207.953585189407,0.0,18256.981635466116,13657.58719926136,19.11340667255138,45.71422831211634,0.0,13722.414834246027,3596.1644552107564,3703.601718878254
2025-05-10,36552.015451901796,36755.493499556585,5.264264700599597e-06,203.47805291905388,20687.746006410947,11298.506015670548,0.0,15245.208225482851,16160.520220977989,8.651819035435437e-07,180.26868459096056,0.0,16340.788906434133,3703.601718878254,9768.677551680827
2025-05-11,58098.32474203994,54556.31997021648,3738.3498407542506,196.3450689307932,11090.023570433701,15081.091814397378,27.56166666666661,3090.870797513492,35981.7906212258,949.9771307390121,240.3361764940069,179.42644999999962,37351.53037845882,9768.677551680827,2992.9300824074057
2025-05-12,57220.524726932264,58480.920964345554,997.3209637139471,2257.7172011272364,17618.815895142743,14022.517332652102,0.0,2953.42716852158,36527.16337124073,257.0527195111854,1967.4562196097027,0.0,38751.67231036161,2992.9300824074057,3269.289573977988
2025-05-13,67132.2297563404,60743.14972588463,6756.651694252327,367.5716637965634,17072.785526438813,13709.476994298013,0.0,4250.628427077165,38157.418148341036,1731.0272678667784,372.6179512963759,0.0,40261.06336750419,3269.289573977988,3402.0443318862403
2025-05-14,64190.08214055393,59303.779831444495,4886.3023168443615,7.73492388361774e-06,16735.89792351077,14100.06616592864,0.0,3653.7992905290344,37636.93365284427,1525.5161027049369,7.409283588117432e-06,0.0,39162.449762958495,3402.0443318862403,2797.6122786807787
2025-05-15,62911.372999568295,61134.649258602236,2772.3073827975245,995.5836418314689,18902.694453430395,14873.915319965887,0.0,4340.811841804399,38744.85059827531,1086.492580428328,668.4385023435213,0.0,40499.78168104716,2797.6122786807787,3283.4647090282565
2025-05-16,28231.865458470445,27381.05969609069,850.805762379754,0.0,13326.724266552308,11775.430855708628,0.0,23114.25975191368,12292.08634749681,321.89321448779657,0.0,0.0,12613.979561984606,3283.4647090282565,2193.704487026861
2025-05-17,30574.309116148233,30133.129344303037,464.3624245904653,23.18265274527107,16605.76105847858,12704.390683502315,0.0,15782.959885993443,13195.49544122318,191.03462113090342,11.023351380376395,0.0,13397.55341373446,2193.704487026861,3022.8997913216763
2025-05-18,67161.86811498216,61073.3633102939,6088.504804688274,0.0,18957.040010586636,15552.20594301426,0.0,3992.3611427215205,38276.7601286788,1744.6707591100846,0.0,0.0,40021.43088778888,3022.8997913216763,2804.006975278244
2025-05-19,60481.84855249978,57873.64135244428,2838.190609811999,229.98340975649776,16478.596499012103,13773.516041752991,77.23676666666654,7730.581111851835,36385.13102440647,578.5729149738976,240.4965572109397,523.2015737666659,37727.40207035797,2804.006975278244,2330.8371113302574
2025-05-20,60317.65376638327,60588.51851854217,210.99253482919227,481.85728698809555,18985.90697139696,15485.373714384345,0.0,2560.5904448628917,37530.94038415105,50.866014599624584,502.90162110061954,0.0,38084.70801985129,2330.8371113302574,2212.1825918271347
2025-05-21,56441.33263869254,57694.17125664927,80.08268702391774,1332.9213049806492,17363.744210934536,13823.789740452588,0.0,2791.6015028339866,36307.80414502465,14.062519841399956,1132.8385408550641,0.0,37454.70520572112,2212.1825918271347,2479.7860033875604
2025-05-22,59284.65580642385,57627.834051114376,1656.8217553094748,0.0,19626.016605475237,15810.174454468528,2.5699999999999363,2997.9310834410007,36231.37128453954,529.1265071381041,0.0,16.413304999999596,36776.91109667764,2479.7860033875604,2576.340443350237
2025-05-23,27973.389985847545,28393.260078817966,1.4120580090093426e-05,419.8701070910034,14620.414055552863,11438.321035522269,0.0,18790.21817545404,12091.646581376357,2.1618608117933038e-06,351.7177312741459,0.0,12443.364314812363,2576.340443350237,3025.4674983230734
2025-05-24,36785.58684724917,36307.361325043545,478.22552220563256,0.0,22272.64591312947,11781.374865873313,0.0,22061.588894454053,15345.398683402196,215.28063982521667,0.0,0.0,15560.679323227414,3025.4674983230734,9980.43230250258
2025-05-25,53446.796445142085,49839.040282821654,3607.756162320432,0.0,9677.947635013892,14748.660286011358,12.048766666666552,6376.791517152449,32695.99120958275,820.8625524106254,0.0,84.90765869999919,33601.76142069337,9980.43230250258,2303.184856224688
2025-05-26,59014.569079822555,62328.158293714376,0.0,3313.5892138918207,19650.01728068756,15558.910714262987,0.0,3657.218777289803,37168.5823164893,0.0,2884.87115318042,0.0,40053.453469669716,2303.184856224688,2700.521837440173
2025-05-27,55872.51214380717,57254.620942420755,286.6038152277036,1668.7126138412852,16379.226076641356,13627.833000700795,0.0,5112.8605664801935,35211.65384763361,157.8332186869114,1035.1792934194555,0.0,36404.666359739975,2700.521837440173,2299.7886389720634
2025-05-28,64969.389329962134,59704.06701938942,5321.05450090962,55.732190336910605,18365.754419254587,14302.436023806198,0.0,3366.9245239410343,37324.18786364518,1404.396826031607,74.01882826825987,0.0,38802.60351794504,2299.7886389720634,2937.37203429431
2025-05-29,62233.17324781329,60018.88824495876,2214.285002854529,0.0,17241.55520969722,14650.438631679073,17.817433333333383,3335.4656002739466,37771.925287169244,558.510213958305,0.0,119.26099001666701,38449.69649114421,2937.37203429431,2176.5065767117317
2025-05-30,28969.661417888063,28832.693123372246,136.96829451581766,0.0,15309.836821349349,12054.279520125416,0.0,18980.902555481647,12736.636096004102,68.30137267879715,0.0,0.0,12804.9374686829,2176.5065767117317,2561.7158046756836
2025-05-31,37657.98677101929,36157.23254241319,1500.754228606105,0.0,19665.219127748867,10204.285562330086,0.0,18307.11742699441,14576.21512367951,454.0831641442069,0.0,0.0,15030.298287823716,2561.7158046756836,8922.317950394008
2025-06-01,72202.1319543886,64594.11494641183,7608.017007976786,0.0,16409.765519011748,20241.996225754123,4523.2586022712485,1724.7779554254466,45054.18265572686,2996.9702977306033,0.0,19762.70086138546,67813.85381484292,8922.317950394008,1200.0
2025-06-02,81351.98335274149,71852.3677282783,9499.615624463186,0.0,23096.679522239534,18072.68571301402,2900.041284263017,1087.6077533158032,48137.74689583585,3418.8236269512413,0.0,14014.553644611871,65571.12416739896,1200.0,1906.2496666666666
2025-06-03,73968.780513897,69997.3218593814,3971.4586545156035,0.0,20283.623348932942,17065.359612635682,2741.9127887889103,1328.6040785397097,46776.79386117002,1264.311134294915,0.0,14159.106372129669,62200.2113675946,1906.2496666666666,1200.0
2025-06-04,87426.0958911913,75141.14810355558,12284.947787635727,0.0,22071.26708766856,17198.557338511535,1225.0662438744814,1848.2437816063743,50588.35047778735,4367.603878104678,0.0,6839.117860503698,61795.07221639573,1200.0,1954.6322250000003
2025-06-05,75133.4460067434,75103.50865453,1069.2760118761355,1039.3386596627324,22323.54982631879,18761.24436181822,1338.9241668082234,1730.8093401709814,50555.67598858294,329.96861013618724,1347.0079408757067,7961.238685063346,60193.891224658175,1954.6322250000003,1200.0
2025-06-06,37463.93255728295,36033.513433993976,1430.4191232889725,0.0,16890.811672301388,13580.239304064125,1083.5284572149612,2951.4741229716765,18256.150900862875,564.1145640690331,0.0,5996.47781979369,24816.7432847256,1200.0,1312.5757227777779
2025-06-07,49502.29683346621,43385.50850866081,6155.4897736412195,38.701448835818724,23685.577505584828,13817.03809119038,623.6696065919277,3014.1255341916176,21076.17132756361,1219.4272109892327,39.998825122541135,3036.5169967777506,25372.114360453135,1312.5757227777779,7277.330932037037
2025-06-08,74914.42342281589,70266.92839147944,6343.317426606258,1695.8223952697972,14363.399129669793,14273.507437525834,0.0,4992.11343266881,49423.91847423424,1976.2271968221512,1870.449395126096,0.0,53270.59506618248,7277.330932037037,4344.937440377812
2025-06-09,87541.51963057503,82770.96070549473,4770.558925080296,0.0,19116.084079496184,15617.35901050982,0.0,8339.52290317503,59214.49724686706,1906.2030926009836,0.0,0.0,61120.70033946804,4344.937440377812,4196.791989135694
2025-06-10,81767.0546898455,83310.55589064231,18.531739740644323,1562.0329405374407,20680.216371449063,16925.193090929195,0.0,7937.088376789104,57498.03948872119,5.7305388028663655,1589.920495941058,0.0,59093.69052346511,4196.791989135694,4003.2166224074085
2025-06-11,87922.49638494063,89116.48315831399,107.6224269714753,1301.6092003448337,24250.16381203728,19621.41766962375,0.0,8403.290699233796,62542.71576756551,47.222833185023376,1302.142325397358,0.0,63892.080926147886,4003.2166224074085,4026.7888647701247
2025-06-12,85508.85833586528,83545.3754619764,1963.4828738888968,0.0,20191.047533805126,16037.390263438036,0.0,6939.326758275967,59357.400894076534,810.5404039753121,0.0,0.0,60167.94129805185,4026.7888647701247,4379.4091302635925
2025-06-13,39213.548364739996,38774.53525020783,439.0131145321652,0.0,14948.506203381121,12418.84152594014,0.0,7899.556872766849,20681.356895382633,224.99057691887927,0.0,0.0,20906.34747230151,4379.4091302635925,4034.351906706442
2025-06-14,41299.2592503444,40612.13749404244,687.1217563019659,0.0,16119.976909115036,12754.135952175788,0.0,11052.953787103193,21800.457783567304,339.23528413766553,0.0,0.0,22139.69306770497,4034.351906706442,4371.068955825759
2025-06-15,77209.01106480545,81068.84567317722,48.1395224566736,3907.974130828432,20299.104769662397,16817.36518350958,0.0,6960.131753691063,54528.65104176423,18.369367107111298,3613.4021921550284,0.0,58160.42260102637,4371.068955825759,3954.301933511273
2025-06-16,82383.5883847943,83036.81493382202,330.19006012100664,983.4166091487255,21124.084029876773,17568.399295890355,0.0,6787.077383168944,58184.31654581206,204.8013263093984,833.3917775568416,0.0,59222.50964967829,3954.301933511273,3445.5338982999747
2025-06-17,83755.63131796867,84680.65000958247,16.535540332205528,941.5542319460061,20520.889554800346,16638.428912382577,28.199740365581874,6189.377890863623,59420.76058808313,5.485805792862369,904.1255470557496,195.12810345964377,60525.50004439139,3445.5338982999747,3427.191261639642
2025-06-18,85707.13992272866,82250.58219589452,3456.557726834143,0.0,20053.33350807926,15819.738184791746,9.141666666666538,7097.737639273674,57170.20528990231,1434.3977463433137,0.0,62.314170833332454,58666.91720707896,3427.191261639642,3897.704546920143
2025-06-19,78437.69785882624,76667.83972393007,4926.539412041365,3156.681277145196,20455.53169599896,17409.429400389206,21.709264054054415,5383.94249237437,50414.31952102597,1663.1204130218966,3764.055899222029,154.00585466659442,55995.50168793649,3897.704546920143,2963.8726284423133
2025-06-20,36939.94916360558,36618.24124386871,321.70791973687017,0.0,14830.924175892205,11938.573132049187,0.0,11325.309350025691,19374.72781012734,164.56423779409263,0.0,0.0,19539.29204792143,2963.8726284423133,3046.623128912865
2025-06-21,37920.693605464294,37716.524872174465,204.16873328983536,0.0,17265.07863215869,12869.047800028053,0.0,13985.753640043826,19219.48908430251,105.86004508166766,0.0,0.0,19325.349129384176,3046.623128912865,4286.251897824517
2025-06-22,74057.39994811919,73487.54399494508,2237.851540625998,1667.9955874518923,19525.033436766378,17238.326010011406,3.467583333333323,3746.9630515234358,49717.56968203236,774.9349444813173,2069.250547714858,24.162120666666596,52585.9172948952,4286.251897824517,2705.0864242349194
2025-06-23,77983.6990669107,75119.78961568663,2863.909451224067,0.0,19255.420222257966,15914.46809366629,4.019145940280623,4721.570633035244,51750.01104749498,938.134924007723,0.0,27.77430802030925,52715.920279523016,2705.0864242349194,2352.2222979712064
2025-06-24,90166.37126628558,86175.76470898745,3990.6065572981324,0.0,24156.542964246717,19237.707057686257,12.90231666666682,5001.038869093657,60727.58472833319,1575.3733523643416,0.0,91.33549968333442,62394.293580380865,2352.2222979712064,2717.880901697409
2025-06-25,79377.65192311301,78810.68474568838,2741.4380938968056,2174.4709164721758,19653.876987472544,16092.80707960143,1.3725500000000466,4813.5660211506,51876.115877273536,992.4605464499372,2598.7743864994227,9.38892827500032,55476.7397384979,2717.880901697409,2525.473435310001
2025-06-26,76426.05537380984,76161.46122472627,1178.2658826136944,913.6717335301256,18468.1354739074,15079.50525092407,28.545988673070724,5253.9931570826775,51141.79868134046,317.7970168779721,1195.6352775372056,197.68233126390282,52852.91330701954,2525.473435310001,2391.789527466583
2025-06-27,37316.947226312295,35632.56502607414,1684.3822002381553,0.0,15149.497588522921,11962.580551769604,24.241213238088108,12698.243335892244,17604.579472949194,507.61508894242263,0.0,72.081247563455,18184.27580945507,2391.789527466583,2734.5811885043186
2025-06-28,35909.45244390858,35698.80185016885,210.65059373972946,0.0,14764.982521917053,11601.231219880077,0.0,10758.124431465209,17759.826681318307,105.58549980421054,0.0,0.0,17865.412181122516,2734.5811885043186,3132.8085472518032
2025-06-29,73779.87340198903,76047.84557551527,1707.0769100712378,3975.0490835974824,23541.66992340723,19655.56031359328,68.45612200709104,2962.4235543750815,48941.9427372512,575.6637715624158,4724.230646416409,192.19216973034497,54434.02932496037,3132.8085472518032,2480.8000187702273
2025-06-30,81659.37638290848,78522.53579399886,3136.840588909616,0.0,20619.461851217955,16913.923909318855,72.48370086749617,5011.797569633931,53106.9108338511,1186.069798600899,0.0,495.5921141398768,54788.572746591875,2480.8000187702273,2245.066896734323
2025-07-01,72240.54777942471,76945.6740648209,29.857772548510752,4734.984057944688,20156.335224083035,17267.19173856815,4848.095861915786,38.08240788846433,53294.30317035906,9.99375314566991,5150.378429759663,27964.953761050063,86419.62911431446,2245.066896734323,1200.0
2025-07-02,70316.29327905906,74012.26024596968,0.0,3695.966966910614,19803.269128844473,16040.64799436402,2923.8362319068146,268.70897672937065,52532.92016531458,0.0,3072.962217730317,16546.64809901842,72152.53048206332,1200.0,1200.0
2025-07-03,82141.07740355861,81541.41406957922,649.8464516926973,50.18311771330312,22028.19691732515,17794.07565353337,2709.2169284008723,256.0908008549692,61185.28351410711,286.9264998208817,51.954582750760615,15256.618173343859,76780.78277002262,1200.0,1254.182055
2025-07-04,38223.09053084177,37885.36898341872,337.721547423055,0.0,14068.056825211868,11443.889874894045,3439.0514422189804,9819.386008653208,21584.70033723523,201.67112973108215,0.0,14573.040914972686,36359.412381939,1254.182055,1200.0000033639676
2025-07-05,41860.08933817863,41583.959924516086,276.1294136625432,0.0,16069.625173209079,12198.601442820012,1508.1702735652852,10431.026501025637,23275.75107904795,178.4273803607604,0.0,7138.636500161772,30592.81495957048,1200.0000033639676,2108.6610561187917
2025-07-06,78880.01064857407,85010.76153947493,0.0,6130.750890900867,22303.06446595327,18883.277167929064,773.8200464916187,2570.8127379423495,60828.60099851657,0.0,5895.4680117942435,4768.451060197426,71492.52007050824,2108.6610561187917,1200.0
2025-07-07,83228.64222398942,82140.18219466953,1088.4600293198928,0.0,21358.700206621248,16216.544578029876,323.5284523415954,3912.0722517530826,60934.8503382451,459.08250665388283,0.0,2424.3981641652763,63818.33100906426,1200.0,2404.447321481482
2025-07-08,100250.62139364796,92155.76014885545,8094.86124479251,0.0,23445.036603603447,17129.413076400422,0.0,10268.749604985755,70251.7683326191,2809.664473794251,0.0,0.0,73061.43280641336,2404.447321481482,4472.2990687241145
2025-07-09,98276.74704898646,89455.53040223186,8821.216646754607,0.0,19422.18713716232,15517.335488309218,0.0,11491.953736712092,67792.23265535793,3165.572127708023,0.0,0.0,70957.80478306596,4472.2990687241145,4710.78361627107
2025-07-10,90162.95756173754,86757.38717493348,3405.570386804062,0.0,17706.69388388305,14616.467573100077,0.0,10813.537480817173,67348.689713968,1214.9894218291938,0.0,0.0,68563.67913579718,4710.78361627107,4406.288586099062
2025-07-11,52162.95087815053,50170.7703197596,1992.180558390931,0.0,15713.743848353912,12655.706677014417,0.0,14593.955998420104,30664.57170399604,575.1072313092556,0.0,0.0,31239.678935305295,4406.288586099062,4486.761741823783
2025-07-12,50705.53797666786,51194.52336593714,4.541808038993622e-06,488.98539381108054,17352.22186177393,12987.833022975577,0.0,15745.891193805446,30467.995826161958,8.899672852408003e-07,426.9137900512981,0.0,30894.90961710322,4486.761741823783,5672.8358363363495
2025-07-13,92236.66909321389,80663.65419138831,11573.014901825582,0.0,17495.161800735692,15506.850145598335,1.8389000000001943,9409.461036250948,61075.96698158899,4326.262372581883,0.0,15.519396550001638,65417.74875072087,5672.8358363363495,4188.647961889214
2025-07-14,90619.7476224305,84332.19612360105,6287.551498829447,0.0,17362.795726327488,14017.392799375353,0.0,9179.113979982254,63143.16725069705,1961.7745515048853,0.0,0.0,65104.94180220194,4188.647961889214,4240.283227389108
2025-07-15,93417.61456473857,85061.92867219509,8355.685892543474,0.0,18728.737528669903,15096.218931039482,0.0,8680.359491231344,64004.07278002748,2984.6456355839173,0.0,0.0,66988.7184156114,4240.283227389108,4322.570413148148
2025-07-16,88621.02382644602,83969.66793177949,4651.35589466652,0.0,18402.931682538707,15551.274303963397,46.5383333333333,9029.985503204183,64210.44849055576,1772.4093897319403,0.0,389.3629658333331,66372.22084612104,4322.570413148148,3606.015256362546
2025-07-17,87045.30205924698,84460.5540786817,2938.686214931226,353.93823436594766,19810.985114169842,15683.584519651706,0.0,7612.7374174968945,63835.31140304131,911.9839831786302,425.2309884033228,0.0,65172.52637462327,3606.015256362546,4009.6968372801775
2025-07-18,49913.513763822455,45662.444887886624,4251.06887593583,0.0,13387.755691806078,11409.988926481194,34.41096132108987,12444.840983882828,26629.81427772836,1390.7032942765252,0.0,96.67813554826863,28117.195707553157,4009.6968372801775,3380.911486037655
2025-07-19,49981.85311307583,47263.455611678386,2718.397501397438,0.0,14109.451948620339,10917.585248483028,0.0,16888.769861541077,27786.53570166916,943.8411215122975,0.0,0.0,28730.376823181457,3380.911486037655,3948.7679637037045
2025-07-20,88668.1791608,82150.42375483857,6517.75540596143,0.0,18884.956997179288,16091.686634942322,0.0,7267.175175934939,60913.149677027024,2296.522072513222,0.0,0.0,63209.67174954025,3948.7679637037045,3065.577444562483
2025-07-21,92010.93855876048,87197.78418450514,4813.154374255331,0.0,21889.399092264506,17753.691054562376,0.0,9072.32679680302,65815.03273835535,1647.2369238383935,0.0,0.0,67462.26966219375,3065.577444562483,3039.7132336423424
2025-07-22,85835.88585299418,85052.4082063835,2110.7349333381744,1327.2572867274928,20306.83746011095,17122.344133574166,73.6138166666666,8146.384079846716,62794.13452445801,783.9348013759054,1042.0299549087763,608.9485777333327,65229.04785847603,3039.7132336423424,2291.0401326597903
2025-07-23,97160.2128034923,86010.78348156408,11149.429321928212,0.0,20532.48671473861,16397.039493665416,72.08743563501037,7730.876579459228,63895.22874241175,4021.609438405947,0.0,603.6155906917645,68520.45377150946,2291.0401326597903,2551.3454051851836
2025-07-24,94809.6527221568,85146.24291962253,9663.409802534268,0.0,19801.395634513174,15547.084706622338,0.0,7275.459991731697,64550.03077389067,3402.8495246132215,0.0,0.0,67952.8802985039,2551.3454051851836,3098.062913333334
2025-07-25,43408.317368893986,42857.156424034954,551.1609448590305,0.0,14642.59838644399,12296.69431015415,0.0,14005.932781078447,24856.888686156522,204.11284636650788,0.0,0.0,25061.00153252303,3098.062913333334,2613.4077831838704
2025-07-26,45553.77071519929,45282.42504127388,321.61293065636664,50.267256730960526,16770.692482020815,12722.396171610202,0.0,12765.0371641966,26045.641177186924,147.50117622663146,36.727771130476306,0.0,26229.87012454403,2613.4077831838704,3571.0352707690436
2025-07-27,83162.22323255097,80075.3706171067,4424.603472184803,1337.75085674053,21273.79444705544,17968.73182360298,0.0,3085.118193654234,58618.68652203264,1380.6135289933145,1631.5938775518712,0.0,61630.89392857783,3571.0352707690436,2752.1926913378434
2025-07-28,87454.091667814,86121.42015447037,1332.671513343641,0.0,20303.286699314347,16909.086922207785,54.04452875604326,4826.387672786516,63805.40681845173,559.5698700069855,0.0,273.148936705137,64638.12562516385,2752.1926913378434,2237.276362712102
2025-07-29,85944.28830431915,87421.05332631797,6.788775144143983,1483.5537971429644,21770.886442744402,17359.640023088854,1.2832999999999402,6941.844256662419,63643.339715701535,2.3957587483684115,1340.1875094564043,10.634065449999504,64996.55704935631,2237.276362712102,2542.5852466388965
2025-07-30,78730.95808931092,84677.74079739275,0.0,5946.782708081831,21079.238088781796,16855.243067417356,0.0,6350.491726028308,59458.44521844575,0.0,5960.539268091629,0.0,65418.98448653738,2542.5852466388965,2785.851673856563
2025-07-31,82850.56869917733,82864.63695900666,417.9349715138801,432.0032313432175,20345.967020787157,17041.96615849783,8.367872343116588,4874.007702393782,60735.990133121755,110.7082471329588,546.2632301847256,52.4769290985881,61445.43853953803,2785.851673856563,2161.7040386785216
2025-08-01,43697.187968287086,41903.410589611034,1793.7773786760513,0.0,15188.257823692697,12026.591424745611,42.792462352771565,17533.176986350056,24159.68532351379,575.0339918344155,0.0,167.83203734757006,24902.551352695777,2161.7040386785216,2468.256719173491
2025-08-02,46423.26125623597,44392.244296727775,2044.5714466085287,13.554487100333517,17865.094801101404,13590.594276532884,0.0,19190.71883882592,25023.711456878507,590.3938872132601,8.06356437598841,0.0,25622.168908467756,2468.256719173491,3446.1817329059936
2025-08-03,70039.00122211846,68287.51622523821,1784.4298819651785,32.94488508493612,17301.06589518555,15664.077084193374,196.84614999999985,4007.893580912709,50797.89733110665,546.2083105039707,22.00553599248308,1645.412925258332,53011.52410286144,3446.1817329059936,1612.6109450247943
2025-08-04,78085.25726154869,74517.44139001933,3827.6168718782064,259.8010003488492,18951.27357628033,14727.730818682729,7.168699999999831,4885.412249088392,54781.570643971325,1494.155238230407,219.4409149446555,59.53310734999858,56554.69990449638,1612.6109450247943,2304.611809585175
2025-08-05,75523.1317660362,73935.47169891612,2066.8127086257637,479.1526415057033,17746.756488227802,14481.205143571378,28.518316666666237,5546.128937593037,54484.27079795652,673.8684014549797,512.7636753054337,237.5207479666631,55908.42362268359,2304.611809585175,2186.4647116886663
2025-08-06,83293.58776956172,77428.83299145808,5864.754778103635,0.0,18252.325492671036,15003.437474083335,0.0,6065.545706203714,58483.88196228309,2360.407593437081,0.0,0.0,60844.28955572018,2186.4647116886663,1943.0715727777754
2025-08-07,84716.58887936776,73642.39235132054,11548.916372083799,474.71984403657837,18468.29991818994,14677.691529733851,6.3388333333334685,6470.137546197779,54444.89128810349,2830.984999790171,650.8223604341262,54.34804842500116,57981.04669675279,1943.0715727777754,2255.9953549999987
2025-08-08,42861.130605818755,42484.38685401217,376.74375180658774,0.0,15498.088417931944,12632.475840242465,0.0,23843.60302632269,23656.303195785556,155.9798574853573,0.0,0.0,23812.283053270916,2255.9953549999987,2168.1906642026797
2025-08-09,42693.65579326438,42517.8461503065,175.8096429578818,0.0,15790.651028261636,12254.757797952798,0.0,20060.023919997657,23980.04657684849,110.48213999757479,0.0,0.0,24090.528716846067,2168.1906642026797,2763.379036357269
2025-08-10,76673.29325922996,72865.66022479237,3807.633034437588,0.0,20009.30306771649,16386.798376234867,24.637399999999957,3963.173883310757,55177.081327239,1368.8219735360108,0.0,197.56953919999967,56743.47283997501,2763.379036357269,2564.1980459300335
2025-08-11,75619.7026912288,72388.81827528453,4153.510780448425,922.626364504162,18176.048711092357,15080.012843988508,108.42956666666635,4839.958641514015,52163.95019255323,977.1786999523672,1106.0841406404797,913.010427491664,55160.223460637746,2564.1980459300335,2167.072059259261
2025-08-12,80979.95560828378,75359.05198082779,5721.799047709981,100.89542025398657,18739.416946782352,15101.929808167295,62.06391666666673,4023.0851088794034,55506.87327082258,1597.9209465158497,132.7340317703441,524.7558545416672,57762.28410365044,2167.072059259261,2252.6253022886094
2025-08-13,73045.62693633974,73550.72879113718,10.351596771245454,515.4534515686792,18822.775251300704,15073.490523516622,11.176983333333396,3691.641596686437,53249.489702444,2.216276868723652,450.82270264712207,91.84337997500052,53794.372061934846,2252.6253022886094,2444.8002245518783
2025-08-14,75371.83352569888,74108.45839401332,1456.9382623202014,193.563130634637,20340.2761054248,16689.796504783175,149.5855666666664,4681.273376705029,54220.90805364596,627.6415293471964,135.0973870264449,1238.040176908331,56221.68714692793,2444.8002245518783,2206.830380786225
2025-08-15,42156.23477905964,40693.09344885338,1463.1413302062579,0.0,14785.74275839992,12147.545164985766,12.233729775177835,20907.402701881074,23061.90187427735,514.596632233815,0.0,41.98004372352274,23618.47855023469,2206.830380786225,2016.7264578064141
2025-08-16,44976.66737651829,41843.9643167719,3132.703059746398,0.0,16616.705491661283,12641.538175056412,0.0,20939.51663350036,23847.908470297927,992.2180905137401,0.0,0.0,24840.126560811666,2016.7264578064141,2925.6078724611107
2025-08-17,76509.76100703685,72694.08172769999,4109.151602020261,293.47232268339144,18622.57980279491,15652.684419778503,55.66106666666656,6614.453794683578,52977.106731245534,914.4526638110635,427.42238117985283,466.25563089999906,54785.237407136454,2925.6078724611107,2294.0581174448603
2025-08-18,75263.27390926181,71510.08818761885,3753.1857216429644,0.0,19980.903504165093,16092.632307504582,100.61688333333313,3328.3182576250097,53576.52488446243,1013.751660295934,0.0,823.8732539666651,55414.149798725026,2294.0581174448603,2396.1687072994705
2025-08-19,73594.9406486823,71234.4168258203,2360.5238228619983,0.0,17173.476006326793,14195.785717694222,73.53454376159095,4012.6010309493163,53462.85446426459,611.3020376713146,0.0,611.8944298443375,54686.050931780235,2396.1687072994705,2079.201871111111
2025-08-20,83105.00780592395,77587.47350840742,5652.9844222861975,135.45012476967338,21283.589575458616,17465.891401621488,79.14380000000006,3198.2280679036226,56801.84828335096,1701.2531040298497,170.53261604635702,656.4053999000004,59330.03940332717,2079.201871111111,1827.8864872222207
2025-08-21,78870.92393510074,72418.71905021799,6452.204886286457,1.4037071025541081e-06,18844.47736206914,14919.499974228262,0.0,2649.3231790437826,53742.35010503404,1653.508447592345,1.246913019198814e-06,0.0,55395.8585538733,1827.8864872222207,2210.6939194974957
2025-08-22,41669.92348956558,40651.62239912064,1018.3010904449411,0.0,14454.408652747408,12211.115955273146,24.750310024554505,17202.510611670936,23315.436854206364,376.74373710437044,0.0,101.66736410557317,23793.84795541631,2210.6939194974957,1651.75509
2025-08-23,42773.83490411388,43276.11263228053,0.0,502.2777281666486,16669.65607236027,12450.717328694256,0.0,16527.167738614513,23650.43052107234,0.0,477.3645377541395,0.0,24127.79505882648,1651.75509,2820.3151899084005
2025-08-24,72365.12216744506,71573.13397037999,813.3847708509562,21.396573785876626,20190.847116674875,15931.67098160512,18.062079698262664,3598.430431675163,54218.776859995676,270.9872517013162,17.14186508855506,154.2050054239175,54661.110982209466,2820.3151899084005,3290.2209486878796
2025-08-25,93583.35614336349,78517.19421003413,15066.161933329357,0.0,19202.78897203223,16569.090685665196,48.95379999999989,5159.362707000429,57556.36925582461,5248.230327204817,0.0,410.2323383666657,63214.83192139609,3290.2209486878796,2162.630261666666
2025-08-26,73695.25095323446,73942.18331698074,309.9908511999878,556.923214946263,19600.621776869466,15562.76440164088,20.53494999999998,4396.04250841881,54630.58567623043,194.58327323199566,312.9727317366574,167.31877259999985,55305.46045379908,2162.630261666666,2511.2294145815445
2025-08-27,74686.06813395821,76887.4843010548,663.5166422066222,2864.932809303215,19310.355655771364,15848.284983754438,0.0,5511.264762371215,54828.01219904013,112.50125432445988,2774.583599574272,0.0,57715.09705293886,2511.2294145815445,2281.343967270843
2025-08-28,74610.91620067156,79510.11705551588,0.0,4899.200854844314,19940.55218375829,16130.668680875355,51.19158333333314,4983.630152632947,54518.48918693064,0.0,4829.968405537918,412.34848670833173,59760.80607917689,2281.343967270843,2304.8757316806837
2025-08-29,44536.39816483867,43450.974428259375,1085.423736579291,0.0,15531.130087240543,12685.801667853393,0.0,18050.425658872227,24621.729150770283,399.79579966501507,0.0,0.0,25021.524950435298,2304.8757316806837,2187.5576236934025
2025-08-30,44187.65977975077,42769.68400601264,1417.9757737381276,0.0,15328.201184572099,12110.428894660796,0.0,21039.191882768006,24266.551924792166,469.89104898281585,0.0,0.0,24736.44297377498,2187.5576236934025,2526.906584629631
2025-08-31,73525.74427880235,73172.9392400204,1194.6221088478546,841.8170700659037,20673.842636075035,16970.375020363652,372.03303039872253,3194.881571374405,53028.89856133878,546.5266184386501,666.6688314288946,2285.9076677509793,56528.001678957306,2526.906584629631,2277.3927122486534
2025-09-01,84402.88461219666,71775.77085950936,12627.113752687314,0.0,19442.171506300947,12577.650302666942,0.0,11337.115122542014,47542.3424453913,3302.1436770046616,0.0,0.0,50844.48612239597,2277.3927122486534,5800.180064956241
2025-09-02,70325.49628580808,69272.10302628808,1850.854392045356,797.4611325253522,17241.45279692736,14104.81746780511,0.0,12077.711847165827,45429.16041091334,324.7713454426472,716.3990667050585,0.0,46470.33082306104,5800.180064956241,5645.4681735185195
2025-09-03,74401.6228859309,68371.712284672,6145.089259101762,115.17865784285425,17064.092560820896,13889.383165764926,0.0,9649.285639616033,47341.796447632056,1462.7981280847532,133.10253202137454,0.0,48937.69710773818,5645.4681735185195,5570.503516296298
2025-09-04,72496.42861566145,68283.20298404667,4213.2256316147805,0.0,17210.176698906613,14079.303213189407,0.0,11226.763948329462,46981.11362793267,1156.8096133982247,0.0,0.0,48137.92324133089,5570.503516296298,5415.992308435124
2025-09-05,38004.58315126604,36904.94841218768,1099.6347390783544,0.0,15260.124901108564,12114.251829656216,0.0,26934.813674068668,18664.90631286489,387.0998142661606,0.0,0.0,19052.00612713105,5415.992308435124,5689.824908703702
2025-09-06,44010.8728902797,43496.552057685054,514.3208325946478,0.0,19917.306781239564,11941.184027304045,0.0,27799.34560374953,21238.5786186764,196.33259832851547,0.0,0.0,21434.911217004916,5689.824908703702,10347.418759259259
2025-09-07,63141.99200790457,64213.75619485046,261.35584712421877,1333.1200340701084,13532.382534122204,15395.678547638985,0.0,11116.068591700576,43481.48694250865,67.35824411069136,952.842836076693,0.0,44501.688022696035,10347.418759259259,5420.2535425925935
2025-09-08,64565.255712957856,61547.13346139451,4456.762396071077,1438.640144507729,16471.59151027415,16978.86461461256,0.0,2658.837032399586,39562.83014111853,1007.9289520794393,1716.301835365158,0.0,42287.06092856313,5420.2535425925935,1379.2807744920347
2025-09-09,61605.93470310287,62869.09750409282,5.133595777806477e-06,1263.1628061235429,22423.852139416093,16017.205098276952,147.6232974583318,3507.239493745342,39843.73694813403,1.2361698632957995e-06,1232.7647066630886,903.8825392442036,41980.38419527749,1379.2807744920347,3763.8531463254617
2025-09-10,69647.41951861637,66169.33450086661,3482.9382191385357,4.853201388774181,20886.053438309726,18382.707571457842,0.0,2349.989984014725,43317.038265665535,939.5053424483093,5.690287434293454,0.0,44262.23389554814,3763.8531463254617,2136.070605851061
2025-09-11,70089.53249771702,60491.01912957342,9598.513368143602,0.0,21967.75598947543,17997.612637832575,22.394116666666605,3047.1841112638954,39845.422178337845,2471.9189538428636,0.0,148.24905233333294,42465.59018451404,2136.070605851061,1909.70362100942
2025-09-12,33171.595436455485,32952.85962860133,218.73580785415982,0.0,16323.481382037427,13195.891445315347,0.0,18273.613491879245,15392.971724373947,115.26461114536441,0.0,0.0,15508.236335519312,1909.70362100942,1938.7352589371612
2025-09-13,42954.772427655495,42761.533280879834,193.23914677566137,0.0,24436.24629935594,11948.693447518956,0.0,22266.87894570952,18440.16237036786,101.7214557862952,0.0,0.0,18541.883826154157,1938.7352589371612,10655.030875558667
2025-09-14,68051.66611710096,59472.378527635796,8579.287589465168,0.0,14755.726820831107,18953.907209686367,0.0,3571.2341664910564,39887.73750377769,2790.711214632843,0.0,0.0,42678.44871841053,10655.030875558667,2875.2881146551513
2025-09-15,62037.91467871422,62661.38854777736,156.99868592180647,780.4725549849392,23476.046901018617,19091.06054393914,1.1717666666665991,3210.5433240312173,41115.6090011527,58.90369347485592,453.3574308442077,7.509852566666234,41635.37997803843,2875.2881146551513,2791.440832306191
2025-09-16,75040.73872707105,66422.90236398194,8652.877657262932,35.0412941738216,21487.34185908411,17746.262860805007,4.854483333333292,3194.907865702833,43534.69916312003,2687.7598017755295,54.53864815360005,32.39882176666639,46309.396434815826,2791.440832306191,2411.9786601429873
2025-09-17,71061.5601603863,66766.35497065657,4295.20518972974,0.0,20980.317953250866,17518.25442351891,0.0,3344.173040924609,43324.84868285158,1615.4825978089038,0.0,0.0,44940.33128066049,2411.9786601429873,1829.5376808255278
2025-09-18,63214.84276656937,68044.9563135816,1.3001122686285953,4831.413659280869,21888.934358027924,17756.23846962214,0.0,4956.2093085091565,41446.80385546158,0.8942172183627478,3108.491598420844,0.0,44556.18967110079,1829.5376808255278,1800.4247479149471
2025-09-19,34693.31012506779,34142.28428888471,551.0258361830818,0.0,18457.68252120235,14544.061899465927,0.0,14127.311350481616,15816.152210105898,227.2502842077745,0.0,0.0,16043.402494313674,1800.4247479149471,2252.2702398126985
2025-09-20,43645.16819767353,43016.91282004156,628.2553776319669,0.0,25700.938538202736,13128.602524134682,0.0,14799.143072640172,18473.568326307064,247.38028347552375,0.0,0.0,18720.948609782587,2252.2702398126985,10795.77878626774
2025-09-21,62851.335304756685,56982.18836508109,5869.146939675598,0.0,11009.321967156526,16614.41509457597,0.0,4299.794009167197,39750.89252747482,1604.230959930272,0.0,0.0,41355.12348740509,10795.77878626774,2243.7073405130977
2025-09-22,75640.84101194338,67406.5990384064,8234.241973536977,0.0,21139.11951540496,17474.68102046802,10.906666666666524,3139.047326802799,44553.168620559234,2782.70055739783,0.0,71.12782666666574,47406.997004623736,2243.7073405130977,1852.602659413101
2025-09-23,75274.62250833752,70850.47505337722,4424.1474549603045,0.0,22858.977122915585,18288.603319323316,1.0833333333332575,4164.568999784951,46196.36923940986,1495.7107042386679,0.0,7.4419583333328125,47699.52190198186,1852.602659413101,2105.0117152334396
2025-09-24,63378.76226267573,67816.58502918313,0.0,4437.822766507406,22067.071234183368,17584.466362383508,0.0,2270.7550573832696,41897.15487165127,0.0,3559.1392937054916,0.0,45456.29416535676,2105.0117152334396,2427.079867794578
2025-09-25,70581.7817911219,67000.10629703956,3791.7814325804584,210.10593849811374,19929.75121386463,16355.722235708028,15.371666666666556,3106.0000855496132,44491.66732569128,843.0397986652249,226.84617458129654,103.41288749999924,45664.9661864378,2427.079867794578,2190.8312539304875
2025-09-26,35843.258700672595,34528.09501842843,1315.1636822441612,0.0,16247.798019402071,12729.143333742068,0.0,13315.19683276843,15511.190689062289,429.6219876946039,0.0,0.0,15940.812676756892,2190.8312539304875,2670.3568783456117
2025-09-27,41460.846311015084,41540.77916793876,5.483759878188721e-06,79.93286240743355,24699.586823256253,14221.652093344148,0.0,13261.542188026651,18640.17625803105,8.699985046746407e-07,61.325866935893124,0.0,18701.50212583694,2670.3568783456117,9098.149360004969
2025-09-28,65163.58451644307,64415.070003353474,1062.5883519764243,314.073838886826,14525.42908194668,17145.735893925823,0.0,3547.747648665945,43915.41949509537,360.3424466989214,260.62212773742215,0.0,44536.38406953171,9098.149360004969,3120.217873839403
2025-09-29,74884.65200205545,68686.544368414,6198.107633641439,0.0,20800.57151228814,17829.67045393651,575.2688464268174,3531.020556489197,45342.43872754048,2226.5312942126416,0.0,2984.548538028578,50553.5185597817,3120.217873839403,2029.9872860803864
2025-09-30,74180.8751896737,74072.53309239094,396.06290055680256,287.7208032740382,23162.070324991415,18272.417135420386,293.1728553993514,4053.8779915525893,49817.201778001385,122.68841436530579,188.18703934371413,1689.305429895255,51817.38266160566,2029.9872860803864,2573.1648725500067
2025-10-01,70356.34861275577,62959.57366779371,7396.774944962063,0.0,21103.712625247623,15472.189586023378,0.0,7666.529095236132,40632.10260507714,1515.3724515175643,0.0,0.0,42147.4750565947,2573.1648725500067,4375.184473024665
2025-10-02,74631.6611233484,61355.18328685723,13276.477836491165,0.0,20107.335122522643,16212.93506494205,0.0,5730.0001126099705,39377.889831805034,4009.8968882533513,0.0,0.0,43387.786720058386,4375.184473024665,4457.413788914992
2025-10-03,30448.990139079033,30426.07021829005,22.919920788981813,0.0,16421.601601336806,13431.021501272973,0.0,19618.336418226216,13371.002806948869,12.610540418097793,0.0,0.0,13383.613347366967,4457.413788914992,4313.498006481484
2025-10-04,41401.916650487125,40978.41764908255,423.4990014045777,0.0,21736.738535907538,11768.906419918436,0.0,17914.603099760116,17455.32450110212,188.909763756454,0.0,0.0,17644.234264858576,4313.498006481484,10800.0
2025-10-05,65547.57462285458,54682.18115669541,10865.393466159165,0.0,13765.929191820278,17246.0637538078,0.0,3426.3546520162754,36713.26101948669,3039.449868205752,0.0,0.0,39752.71088769244,10800.0,4027.0432128518078
2025-10-06,61561.00190658768,65085.951294716004,5.747479463025229e-06,3524.949393875801,21028.458891548773,17059.318109068794,0.0,3383.7012622360226,40863.777191578076,1.1144362678805918e-06,2466.282962302247,0.0,43330.06015499476,4027.0432128518078,3997.858316280372
2025-10-07,67764.64688695857,66367.84856856072,2574.668392373163,1177.8700739753126,22497.378511566134,18178.822277602627,156.2005190648994,4433.929853662113,41470.35430998379,722.2169513710298,1378.0451169956648,823.3215315456998,44393.93790989619,3997.858316280372,4046.807557131416
2025-10-08,62454.392372112095,60944.64959269208,1509.7427794200134,0.0,20920.33205952443,18638.0437109069,625.5989570728581,2809.464534480742,37678.73161480213,494.64413178491355,0.0,3609.3627752831576,41782.7385218702,4046.807557131416,2166.1689541401815
2025-10-09,73104.46141655215,60986.9363514229,12117.525065129243,0.0,21945.55535949007,18406.602839746454,854.6070188269448,2542.6091671728987,38035.18124685762,3720.740194728637,0.0,4903.739640980791,46659.66108256704,2166.1689541401815,1465.3878446296294
2025-10-10,32568.812676353467,31891.246310055616,677.5663662978518,0.0,18592.877606824244,15290.84901650013,101.81231472443616,19347.41911778927,12905.590933385429,218.04186034377247,0.0,478.31228015422755,13601.94507388343,1465.3878446296294,1209.1454502157512
2025-10-11,39337.56295023574,39131.33806081582,206.224889419921,0.0,22527.959676611186,13293.407469582575,138.30267041413026,15928.774940868007,15541.306913995377,87.13561794770808,0.0,708.0405211851399,16336.483053128226,1209.1454502157512,6713.856415185185
2025-10-12,60618.692683556474,58588.54996024107,2119.4271904401335,89.28446712473192,16035.619012565418,17839.379305527502,586.1932686915931,2463.5475385614145,37180.155957346906,564.5889055821519,86.67316892318422,3735.39865667263,41566.81668852487,6713.856415185185,1324.3809647968412
2025-10-13,70433.71199599047,63838.91055214234,6594.801443848131,0.0,23689.301308576192,18204.03776740407,375.31661649590257,1701.5683274661176,39772.537246130254,1805.6194683034967,0.0,1984.516761312095,43562.67347574585,1324.3809647968412,2418.043512066454
2025-10-14,71672.46894840673,67609.84146718151,4062.6274812252304,0.0,23186.37632758104,18364.179707585405,819.8372298860269,2833.6527937385663,42777.37003739195,1199.949287555409,0.0,4348.716536784652,48326.035861732016,2418.043512066454,2881.1380873500457
2025-10-15,73301.82470286425,68825.30277041758,4476.521932446678,0.0,22677.06367721883,18803.668184534155,0.0,3031.8836277329037,43262.85217619736,1641.8935095106442,0.0,0.0,44904.745685708,2881.1380873500457,2397.530747364598
2025-10-16,69099.71960092716,68955.92281204431,238.3353100797798,94.53852119693772,22740.250214927823,18942.808754106354,0.0,2192.008401222841,44838.606819063105,72.4102192152995,67.2098705307405,0.0,44978.22690880914,2397.530747364598,1816.1906584592482
2025-10-17,32247.280706353005,32899.64672192324,8.768087673161062e-05,652.3661032511121,18011.661329036484,14375.98205753733,0.0,13259.768133757421,13329.577335724041,1.2529597284947158e-05,616.5972152045525,0.0,13946.174563458191,1816.1906584592482,2053.372457328384
2025-10-18,38349.03942359665,37197.41413145895,1151.6252921377047,0.0,20964.02082583166,13016.380576141752,0.0,13173.180615102374,15352.250240636653,341.62192198162677,0.0,0.0,15693.87216261828,2053.372457328384,6458.346115974933
2025-10-19,68824.32427453401,66856.32999653809,2192.3593946418277,224.36511664589602,19137.187274177362,18973.058752509263,0.0,2806.478941536653,43886.355102323076,922.4875996178555,164.6221252306878,0.0,44973.46482717162,6458.346115974933,2600.638271057601
2025-10-20,76108.33414867744,71358.4014234062,4749.932725271228,0.0,21940.25305600935,18662.6395627486,0.0,3640.005563478796,46087.07556333386,1986.4861930875907,0.0,0.0,48073.561756421455,2600.638271057601,1610.5998406342374
2025-10-21,76772.85243518405,75028.60781111268,1747.9022828379793,3.6576587666095293,23197.264762437895,18526.857675769847,0.0,3895.619374444632,48434.47973336966,726.5840319486464,5.467834090204586,0.0,49166.53159940851,1610.5998406342374,1902.740709306295
2025-10-22,73369.6211992434,73204.93125390053,1155.0635200693516,990.373574726489,25311.464359175254,20728.623427474293,33.10415857620471,3100.2977807757725,46398.69376270946,535.5546786441222,796.5781317336882,167.45738615773155,47898.283959245004,1902.740709306295,1651.2548242592572
2025-10-23,84277.51087484408,71644.3668672131,12976.151111853302,343.00710422231396,23911.27807400357,19159.824104363688,402.94656817018,3916.3624324100665,44801.13283617858,4717.468955167257,432.6484238784917,2188.2059139973617,52139.45612922169,1651.2548242592572,1882.711641569482
2025-10-24,33851.538152644025,33814.586190269954,36.95196237406992,0.0,18911.67735196728,15482.882428210909,0.0,11965.740549846916,14278.810445554584,16.140609730231827,0.0,0.0,14294.951055284817,1882.711641569482,1700.0185603279108
2025-10-25,40460.192750697715,40372.66594836145,87.52680233626234,0.0,23591.647096311004,13980.007562781471,0.0,11362.593681498583,16322.936418189725,24.723680956013336,0.0,0.0,16347.660099145738,1700.0185603279108,7399.15921058396
2025-10-26,72474.47123199735,66240.7587453978,6446.0919700046215,212.37948340507342,18352.87660796411,18926.498147875096,377.37958856421756,2647.4478572063376,43460.953197469134,2506.5373921904807,261.38594322831835,1977.640665580541,48206.51719846848,7399.15921058396,2887.3057712237764
2025-10-27,70954.25705537855,71903.45421791908,214.78753623252925,1163.9846987730612,21924.24732406503,17157.023847760738,0.0,3583.6490749481163,45805.15572798487,57.11200588422953,1462.593949473464,0.0,47324.86168334256,2887.3057712237764,3555.7685320370338
2025-10-28,69302.08613524798,71499.5468860771,0.0,2197.4607508291247,18532.79134944388,16428.850772882874,0.0,3423.184609516101,45644.8351747977,0.0,2151.598690724221,0.0,47796.43386552192,3555.7685320370338,1981.0021099999992
2025-10-29,81569.05163175843,78760.34139889207,2808.710232866367,0.0,23886.923934679166,18188.08946220861,0.0,3749.250126421508,51371.451371311465,1136.7285996647793,0.0,0.0,52508.17997097624,1981.0021099999992,3270.2453598683487
2025-10-30,69051.66411854999,70761.83538328706,386.4916921019619,2096.662956839038,20341.10657582902,17884.129251969687,0.0,3517.0404094277283,45653.22192679096,178.0421369431903,2051.838888808433,0.0,47883.102952542584,3270.2453598683487,1705.986553703707
2025-10-31,37039.28009721382,35586.07403732211,1453.2060598917114,0.0,17386.56228393609,13456.59346594157,0.0,7751.813152660923,15389.321973781261,441.20922213403213,0.0,0.0,15830.531195915293,1705.986553703707,2402.1220915333356
2025-11-01,42990.309844635165,42632.79270151887,358.39154794279887,0.8744048265027686,24939.81425757209,13115.191692013395,0.0,8264.131702626846,17135.06207266958,100.1833695739963,0.372365295366204,0.0,17235.617807538943,2402.1220915333356,10275.519710000002
2025-11-02,68136.37953036587,68352.34758055523,1225.0944257325086,1441.0624759218706,15588.407877291904,20476.576840939775,123.305037551552,4567.437648421319,46136.55569193528,553.8561710914548,1178.6486212633292,786.8094446164533,48655.86992890652,10275.519710000002,1553.3347540740745
2025-11-03,84460.46803849544,80117.68453392459,4342.783504570842,0.0,24401.24301865227,18054.815974275003,70.0535541107974,4336.380760324794,52642.548333499464,1805.6065240931205,0.0,434.2679465674045,54882.422804159985,1553.3347540740745,3453.5468327777794
2025-11-04,74544.9359732603,72907.47415012665,1648.3682095965169,10.906386462871183,19873.724195548806,17879.03571889453,9.645422711203423,3342.3590628502466,48192.67424898724,521.7386062543216,16.362714025248753,44.22619793160117,48775.00176719841,3453.5468327777794,1474.3033655555562
2025-11-05,85538.05815599901,77872.19802802234,7700.048154090411,34.188026113740875,23491.40249224713,17951.41633065305,767.2374799347651,3421.429279696364,51333.96826562407,3142.8948689291356,55.082038273153614,4280.621313612742,58812.5664864391,1474.3033655555562,2670.5474634079205
2025-11-06,77173.30609256381,77782.02818910651,310.4952271579823,919.2173237006789,23009.002464087294,19527.21854494147,291.9580644824439,3222.617784443125,52123.24385278641,86.88924820563543,1107.3128695587163,1601.350576963628,54918.79654751439,2670.5474634079205,1681.740186707076
2025-11-07,35526.796884956624,35549.11408382893,0.0,22.31719887230705,18212.911661365066,14569.147971803015,0.0,8586.888610933544,15013.603374832303,0.0,20.68618865348641,0.0,15034.289563485789,1681.740186707076,1885.4184910434028
2025-11-08,45887.08850913117,45853.191389933425,33.897119197741375,0.0,27191.01565366986,14138.361505078314,0.0,9009.330141341881,18629.8862255431,9.864733356214206,0.0,0.0,18639.750958899313,1885.4184910434028,10648.04201814815
2025-11-09,71071.38672773569,68563.43963678449,2507.9470909512033,0.0,12032.955984186543,17575.13454245612,0.0,2758.8010117207273,48696.276994329826,955.0978293973862,0.0,0.0,49651.37482372721,10648.04201814815,1949.7751345203496
2025-11-10,81380.4456778649,81865.92743361316,465.6433856478917,951.1251413961413,23271.700954630593,19168.755586985764,47.251324083494865,3951.7902900518216,55578.146026783295,222.60696810718866,857.1252364847282,291.5499818895855,56949.42821326479,1949.7751345203496,1595.6886748148147
2025-11-11,83653.60290592651,79546.83644828513,4106.766457641387,0.0,21644.40126322919,17267.339271655055,0.0,3610.754790044326,53548.64040783307,1798.6744604163935,0.0,0.0,55347.314868249465,1595.6886748148147,1889.7172876599107
2025-11-12,80027.64781670646,79062.58623137945,1620.1035413959444,655.0419560689311,22295.834732351144,18109.589909698356,11.773333333333312,3932.126992059988,52767.10158002044,634.2585715850184,824.7414617503554,57.06534666666657,54283.166960022485,1889.7172876599107,1834.2019804444392
2025-11-13,77934.18906617128,77932.19094654608,1566.5172960011055,1564.5191763758917,20804.248188706697,16866.483900585758,14.224418748341577,1612.7797605068074,52404.331684338766,513.5807840224631,2060.794698257959,92.62230267982618,55071.32946929901,1834.2019804444392,1817.4876829629632
2025-11-14,37250.77742399396,36981.684792303495,269.0926316904696,0.0,18090.234785582994,14047.391415112235,0.0,5340.386121832733,15792.938033067065,95.01008693051206,0.0,0.0,15887.948119997576,1817.4876829629632,2490.4863065296245
2025-11-15,46852.72039612,43928.69194814386,2924.0284479761413,0.0,24876.6771737356,14887.076999935827,0.0,5727.204857677423,18541.68201828813,526.3088687760962,0.0,0.0,19067.990887064225,2490.4863065296245,8338.299096296296
2025-11-16,74561.38760722608,75038.7128205644,896.200316687434,1373.5255300257609,19352.70227641952,20936.05161983559,0.0,2187.5177806471324,52248.505860674246,418.45151356700956,1887.537498820049,0.0,54554.4948730613,8338.299096296296,2493.451567478762
2025-11-17,77827.24132157915,81152.82322700029,0.0,3325.581905421147,24132.47935524001,19648.16366230863,0.0,3972.7532007355812,53403.07952450753,0.0,3579.3582832514144,0.0,56982.43780775894,2493.451567478762,2381.3900290740776
2025-11-18,82894.47305152149,82317.8632438723,576.6098076491994,0.0,23158.27525692386,18488.461021859966,0.0,2757.4971754750695,56668.218202806354,271.22689672628223,0.0,0.0,56939.44509953264,2381.3900290740776,2681.1032915722567
2025-11-19,80730.52773310953,81611.04896045015,820.4385362550677,1700.9597635956802,21411.77264885838,17542.215991156983,0.0,2373.1807027487494,56050.80383717428,309.66172929179714,2398.773446312055,0.0,58759.23901277813,2681.1032915722567,2460.34757425926
2025-11-20,80394.10992762838,81074.37522310259,124.36415769366124,804.629453167871,21634.84573906496,18058.864276642616,0.0,2705.3177273469073,55239.68939911225,49.027843890620176,1050.1534824140183,0.0,56338.870725416884,2460.34757425926,1866.303987592594
2025-11-21,37166.16186241741,37015.4241750703,150.73768734711186,0.0,18546.31166046383,14937.639212041382,0.0,4542.367659981185,16273.360154755399,62.42813902519939,0.0,0.0,16335.788293780599,1866.303987592594,1960.607579741839
2025-11-22,47944.186085259586,44100.00758269676,3844.1785025628296,0.0,22312.52238540657,14117.83672061364,0.0,5685.492434570497,18614.40968191914,648.5903790117292,0.0,0.0,19263.00006093087,1960.607579741839,6355.392481481482
2025-11-23,77779.04725638132,77664.19618345858,1083.7759583409547,968.924885418212,17275.582324491905,17969.743809128606,0.0,3126.2613847619473,54532.14792255291,369.3696061745594,1417.583629074609,0.0,56319.10115780208,6355.392481481482,1937.0345633812983
2025-11-24,80508.52891579772,80125.0958646023,383.4330511954127,0.0,21569.88002179996,17989.14548103447,0.0,2382.41762383682,55178.536168645645,186.74440935979231,0.0,0.0,55365.28057800544,1937.0345633812983,1361.987159629628
2025-11-25,93199.12966935239,84469.14758928982,8729.982080062575,0.0,22159.292751004446,17652.581756915162,0.0,3793.7761285338615,58352.98517417648,3730.9061604051985,0.0,0.0,62083.891334581676,1361.987159629628,1691.3709056278972
2025-11-26,87693.48448521474,84786.58475761423,3112.8973957343087,205.99766813379404,21512.653526474718,16990.613965460885,0.0,3506.8783132670596,59254.29581366489,1204.6835882392593,325.42251978873253,0.0,60784.40192169288,1691.3709056278972,2174.299117831937
2025-11-27,84664.55769700816,83190.62821526712,1549.8354733091403,75.90599156808969,21791.274039808766,17795.372014458826,0.0,3413.8334565838445,58487.27020396342,713.7382197589117,104.12651800375095,0.0,59305.134941726086,2174.299117831937,2013.8101820389086
2025-11-28,38778.2069815041,37872.48970815264,905.7172733514565,0.0,18907.065851948802,15493.610394880492,79.75208333333251,3617.547784417668,16011.725763926923,216.07795440676233,0.0,399.67756562499585,16627.48128395868,2013.8101820389086,1815.0467878145091
2025-11-29,58268.16148893027,50225.39593657881,8042.76555235146,0.0,26690.430933330692,14970.925140485135,0.0,3576.4400437332524,20590.720364349156,1716.9146401627659,0.0,0.0,22307.63500451192,1815.0467878145091,9202.073360606428
2025-11-30,80464.61694165868,80823.142421342,712.6481854567645,1071.1736651400715,17062.874674264458,19066.5115992,0.0,2581.951229610867,58165.86477586494,269.9746190713793,1455.1965444370517,0.0,59891.03593937337,9202.073360606428,3373.647679444445
2025-12-01,89866.28827085278,86364.91462614418,3501.3736447085885,0.0,22203.499589585368,19421.51643720979,3685.214851630415,969.2185920656829,65532.89901233377,1764.6072356595614,0.0,19191.938912037698,86489.44516003103,3373.647679444445,1777.334602060396
2025-12-02,94919.73422411455,91872.48450018246,3326.089486378557,278.8397624464616,24071.0268752903,19813.26710217283,2387.8735357092432,1364.78831277424,70126.06354802818,1505.4955528512735,453.0144863840992,14728.08812000546,86812.661707269,1777.334602060396,1426.517565185185
2025-12-03,86341.02402819604,92559.05990942557,0.0,6218.035881229536,25998.58143078819,20926.377796955545,849.5985255333843,1173.7062344596493,64432.50821335692,0.0,8897.627064566283,5126.92645078754,78457.06172871075,1426.517565185185,1573.70996738839
2025-12-04,94171.11452450529,91123.71350432097,3403.9096193649953,356.5085991806771,23568.169037547777,19290.03207609398,1503.1117503720002,1577.4795432391795,68504.10195116012,1758.225167026104,629.9882609974992,9598.332902582375,80490.64828176609,1573.70996738839,1351.6931277436333
2025-12-05,48399.64493390979,46800.03343485797,1679.6890140599537,80.07751500813863,22583.741858180954,17996.789555762512,0.0,901.4534491061955,21290.67759414472,346.85054282104915,56.04715254855842,0.0,21693.575289514327,1351.6931277436333,1680.6279603703695
2025-12-06,59735.18631647623,57676.14289683513,2059.0434196410965,0.0,29679.734149724783,16803.066935443738,0.0,1134.8448658874213,25714.042990131686,492.1656323577284,0.0,0.0,26206.208622489416,1680.6279603703695,9722.314322407407
2025-12-07,90102.16827170274,85510.61125558004,4591.557016122708,0.0,17840.517910606937,21797.64324314586,15.361856171297177,1830.4171942902544,66943.86179355963,2183.389094713052,0.0,105.70493231469588,69232.95582058738,9722.314322407407,1559.1768384582456
2025-12-08,106416.27620738151,101072.34690993813,5343.929297443367,0.0,22179.35233213704,16986.493123803917,0.0,8032.2765849383495,76574.19891404854,2251.149689983661,0.0,0.0,78825.3486040322,1559.1768384582456,2646.712688710561
2025-12-09,103397.42243255637,98809.89957261624,4587.52285994013,0.0,22931.51840748292,19251.106398851665,0.0,7741.033297318323,73980.81524738125,2249.86851536979,0.0,0.0,76230.68376275105,2646.712688710561,1894.961034498894
2025-12-10,99250.0596962866,100201.4870392486,458.2242146832152,1409.651557645216,23203.18007849479,18870.089108882592,0.0,7480.777602969737,74521.21311359815,245.7396760641225,1826.069602001611,0.0,76593.02239166388,1894.961034498894,1811.057428607989
2025-12-11,103210.78571482889,98622.15701477347,4588.628700055415,0.0,22687.03391540825,18246.659199894537,0.0,8220.527599259767,72678.53040291509,2231.4615195698466,0.0,0.0,74909.99192248494,1811.057428607989,1955.3221748148146
2025-12-12,57573.193878896986,55373.712456863286,2597.004552086284,397.52313005257975,21668.225994555938,15499.374607090309,0.0,5490.447586064321,25291.942687077448,654.5231354228924,346.95072006165674,0.0,26293.416542561998,1955.3221748148146,4235.1982287037035
2025-12-13,64196.331376971124,60949.41953985438,3246.91183711674,0.0,26922.64790994943,15915.544754076192,0.0,6143.783000647813,27874.75184595832,973.3497624131471,0.0,0.0,28848.101608371468,4235.1982287037035,10781.642732017976
2025-12-14,88347.90620795186,91523.87164892026,0.0,3175.9654409684044,16117.24562245929,20952.307096674867,0.0,7580.211323135849,69638.87354358917,0.0,4255.71469302162,0.0,73894.58823661078,10781.642732017976,2006.822573703706
2025-12-15,97835.00021027967,100743.61940583409,0.0,2908.619195554425,24364.238151313708,19227.542849131067,0.0,6137.366136984787,73680.46232361665,0.0,3879.265887117028,0.0,77559.72821073368,2006.822573703706,2570.7004108515293
2025-12-16,103984.1459415103,100522.320247994,3461.825693516321,0.0,25555.749941318212,19379.144195294677,0.0,4927.623168637121,75748.88021999352,1814.390703351547,0.0,0.0,77563.27092334506,2570.7004108515293,4038.492918821606
2025-12-17,101107.9599033365,96214.98444239497,4892.975460941529,0.0,22507.666839575508,19549.31098716227,4.385884284325698,5069.16740759939,72641.00655035813,2667.0010258655466,0.0,32.28176786927464,75340.28934409295,4038.492918821606,2573.9364220370408
2025-12-18,96141.72539940903,95159.29295908553,982.4324403234825,0.0,23890.921189914057,20047.75831196897,0.0,3949.863114473784,72042.4938354585,537.2476726849949,0.0,0.0,72579.7415081435,2573.9364220370408,1800.4784796608337
2025-12-19,54436.93990133159,52884.8095228036,1784.2706557722156,232.1402772442243,22417.081173068338,16217.064711249437,0.0,3776.4017609847015,23988.83533743778,493.5893652021314,147.44597018852966,0.0,24629.87067282844,1800.4784796608337,3956.890745145189
2025-12-20,60687.54938711155,57432.25351119085,3255.2958759206963,0.0,27305.47384902407,17321.747709006835,0.0,4592.175121173615,25403.267839626707,1095.6586801897276,0.0,0.0,26498.926519816432,3956.890745145189,9285.430865925926
2025-12-21,92463.65025698609,91193.59564531778,2022.7629597785985,752.7083481102934,18207.266545972572,21220.58782169729,0.0,5169.13505437583,70457.57081442351,1094.6955190305187,1045.973274656507,0.0,72598.23960811053,9285.430865925926,2093.5398443042477
2025-12-22,97897.58687036726,97409.0884587512,488.49841161606435,0.0,24571.49117311658,20357.696002598255,20.221617513355888,4278.087822412889,74399.65872573273,305.85020256849185,0.0,115.76271038200088,74821.27163868323,2093.5398443042477,1588.2196749999996
2025-12-23,100902.2195198383,97356.22851045139,3545.991009386911,0.0,24534.071551136793,19557.17737191931,0.0,5121.241797900575,72843.64881278039,1880.3572734571117,0.0,0.0,74724.0060862375,1588.2196749999996,1938.6869911127703
2025-12-24,99027.79287490417,96918.75470156819,2116.6688925938606,7.630719257880287,24086.977755672615,19709.80554887273,0.0,4687.02317810165,72830.00839862046,1192.2374776307115,17.63840756459028,0.0,74039.88428381576,1938.6869911127703,1717.1830280262013
2025-12-25,95420.95901181959,97000.86013762851,120.79891028858657,1700.700036097501,24070.319625886066,19324.33335469129,0.0,4442.425333100402,71382.06689831334,72.52491133952006,2322.8709249922526,0.0,73777.4627346451,1717.1830280262013,1908.9891861111123
2025-12-26,51817.97015093437,51192.52456557832,625.445585356047,0.0,22913.80306825789,17614.782228435783,0.0,2885.8812924228832,23514.60771373322,172.16008989333693,0.0,0.0,23686.767803626557,1908.9891861111123,2959.4316937256754
2025-12-27,60937.68913622502,60069.71521709961,879.9419028516115,11.967983726207194,30033.821171002874,17270.88367286544,0.0,3967.96865229551,25942.489271279024,236.8045776065499,5.207868118459061,0.0,26184.501717004034,2959.4316937256754,10800.0
2025-12-28,88004.77191779716,85840.96423166252,2163.8076861346335,0.0,14054.594316934234,19344.135290718103,9.000491336122423,4330.250946782516,66859.48782944593,1079.6589907590571,0.0,66.68014006366298,68005.82696026865,10800.0,1955.6512288873653
2025-12-29,97349.27049316581,98825.50282367325,28.248004439059287,1504.4803349465037,23730.986162953137,18605.913943121832,0.0,6176.664337175274,72261.29677829197,9.475697981435806,1932.8749795535605,0.0,74203.64745582697,1955.6512288873653,2640.3010609653757
2025-12-30,96492.0939033084,94426.31738941548,2069.6539031804245,3.877389287503661,24494.91527445854,20534.471419121408,25.825306365223355,4267.296240443573,69881.49148060122,884.2150520576549,8.471707854266748,188.0857062579217,70962.26394677107,2640.3010609653757,1869.6454533987255
2025-12-31,99765.73067364188,98423.67170424489,1623.5698423257884,281.51087292878276,24605.79830821878,19414.403380716063,0.0,4585.853843408832,73362.41382226066,774.0598328905135,445.654914273803,0.0,74582.12856942497,1869.6454533987255,2443.3046188888898
