date,g0,g1,g2,g3,g4,g5,g6,g7,g8,g9,g10,g11,g12,g13,g14,g15,g16,g17,g18,g19,g20,g21,g22,g23,g24,g25,g26,g27,g28,g29,g30,g31,g32,g33,g34,g35,g36,g37,g38,g39,g40,g41,g42,g43,g44,g45,g46,g47,g48,g49,g50,g51,g52,g53,g54,g55,g56,g57,g58,g59,g60,g61,g62,g63,g64,g65,g66,g67,g68,g69,g70,g71,g72,g73,g74,g75,g76,g77,g78,g79,g80,g81,g82,g83,g84,g85,g86,g87,g88,g89,g90,g91,g92,g93,g94,g95,g96,g97,g98,g99,g100,g101,g102,g103,g104,g105,g106,g107,g108,g109,g110,g111,g112,g113,g114,g115,g116,g117,g118,g119,g120,g121,g122,g123,g124,g125,g126,g127,g128,g129,g130,g131,g132,g133,g134,g135,g136,g137,g138,g139,g140,g141,g142,g143
2025-01-01,0.0,0.0,0.0,0.0,0.0,0.0,0.0,0.0,0.0,0.0,0.0,0.0,0.0,0.0,0.0,0.0,0.0,0.0,0.0,0.0,0.0,0.0,0.0,0.0,0.0,0.0,0.0,0.0,0.0,0.0,0.0,0.0,0.0,0.0,0.0,0.0,0.0,0.0,0.0,0.0,0.0,0.0,0.0,0.0,0.0,0.0,0.0,0.0,0.0,0.0,0.0,0.0,0.0,0.0,0.0,0.0,0.0,0.0,0.0,0.0,0.0,0.0,0.0,0.0,0.0,0.0,0.0,0.0,0.0,0.0,0.0,0.0,0.0,0.0,0.0,0.0,0.0,0.0,0.0,0.0,0.0,0.0,0.0,0.0,0.0,0.0,0.0,0.0,0.0,0.0,0.0,0.0,0.0,0.0,0.0,0.0,0.0,0.0,0.0,0.0,0.0,0.0,0.0,0.0,0.0,0.0,0.0,0.0,0.0,0.0,0.0,0.0,0.0,0.0,0.0,0.0,0.0,0.0,0.0,0.0,0.0,0.0,0.0,0.0,0.0,0.0,0.0,0.0,0.0,0.0,0.0,0.0,0.0,0.0,0.0,0.0,0.0,0.0,0.0,0.0,0.0,0.0,0.0,0.0
2025-01-02,1434.92145,621.0933333333334,585.1051833333333,1417.09375,1464.5016666666668,1483.3867500000001,1486.1396,1469.5466666666666,1422.1689333333334,1449.1102166666667,677.455,635.1118333333333,640.8249166666667,705.77,684.9959166666666,666.1490833333334,683.6983333333333,681.0096166666666,688.9604333333333,696.5300000000001,1325.56185,1485.1249333333335,1516.5516666666667,687.3103833333333,694.8344666666667,710.04,702.8703666666667,710.3095,723.65,701.3701333333333,1550.3538833333334,742.765,691.4395,1583.0222166666667,894.8966666666666,906.786851276396,886.03034704743,899.7038002258715,907.4275737244898,906.6629137893873,904.5449333333333,894.872742795528,873.1911366064985,822.705945332671,746.947916207139,821.3970131296619,981.8778666666666,133.03765370933172,49.30254693690006,4.602795597895124,0.0,0.0,0.0,579.9328205907244,0.0,0.0,659.1388041133149,641.928791671334,583.2082333333334,0.0,0.0,0.0,0.0,0.0,398.1502333333334,1209.201905308351,1208.666828563417,1214.925797212657,1185.1523220368617,1127.4588304834901,1092.6308333333334,1119.1208888738759,1091.5444402770797,1028.7087673171193,1061.1259164348362,1085.9529340710715,1071.7850333333333,258.2577867248634,283.91279455659935,277.83700331426166,239.45285948356934,249.7409762169092,301.4362500000001,0.0,0.0,0.0,0.0,0.0,5.608430676229217e-05,1356.3306977232187,1430.650020875169,667.7825324037601,1488.5416232445414,1535.6007340182668,760.7750000000001,824.6218745600976,883.0915053173367,931.6555494224983,980.6904806930307,1032.626122946382,1063.4982333333335,1053.2617534364279,1027.6459959541833,1031.6605830446754,1077.267453532647,960.6341795761743,754.9083333333333,748.4221333333334,774.0034333333333,744.8683333333333,745.0775,751.8126000000001,747.695,0.0,0.0,0.0,0.0,0.0,0.0,0.0,0.0,0.0,0.0,0.0,250.94061666666715,758.0383666666667,765.94735,770.15,775.6191333333333,688.6640833333332,560.5,550.9598,578.4886666666666,586.895,593.5879833333333,564.3446666666667,548.3316666666666,629.0425333333334,647.27,587.5233333333333,592.2651500000001,616.1856833333333,616.1166666666667,603.7584833333334
2025-01-03,1437.12685,1451.3716666666667,625.0871,1447.4839666666667,1440.69,1468.2163333333333,1125.6666648148155,1463.9633333333334,1484.5641500000002,1494.7066333333332,647.795,644.2316833333333,1488.61435,1509.33,1527.497,677.9054333333333,653.24,678.0538333333333,690.0798666666666,676.8533333333334,689.7840166666666,713.8835166666667,721.8299999999999,704.1930833333332,700.3314999999999,712.3166666666666,703.1725333333334,678.2314166666666,671.8249999999999,710.4925499999999,721.7514333333334,691.5216666666666,688.3891,1606.9547666666667,901.9316666666667,956.4233952347681,949.0580495660732,922.5538242677485,909.5713806136279,912.8558465442115,921.9314666666667,914.6591012276415,896.9077755896358,832.4063570335921,697.3201128404539,752.017076957831,948.6197666666666,124.46298741252656,36.28706981135758,0.0,0.0,0.0,0.0,0.0,0.0,67.119335522484,493.4738489580292,469.53587493624207,0.0,0.0,0.0,0.0,0.0,0.0,264.2367499999999,1056.9750646301757,1029.1488165784767,1021.7858884672564,1024.4242295855347,979.1101392223317,899.9667500000002,874.0999617283951,909.3798660493828,979.5413250000003,1053.469000617284,1100.254438271605,1120.7842333333333,310.9682512345679,296.3529543209878,254.88400833333333,257.01751234567905,269.5474820987655,272.4371166666667,0.0,0.0,0.0,0.0,0.0,1.672312214201206e-05,1392.0315748419275,1425.4050443949618,724.5171416720008,1541.577230357384,1615.443594794955,805.4778833333332,859.7941663428761,914.502964913306,953.4613958044278,1002.7910591093806,1042.5694215879698,1051.1403166666666,1034.6890885561863,1022.0372607593258,1030.4137606406812,1045.7948488981813,958.1796195630892,804.215,743.7868,747.9326666666666,755.225,738.8777833333334,741.03175,753.7816666666666,0.0,0.0,0.0,0.0,0.0,0.0,0.0,0.0,0.0,0.0,0.0,232.48780000000102,772.2666666666668,756.4289666666667,764.8116666666666,792.1586333333333,731.3947166666667,615.9116666666666,591.5881,594.7760999999999,587.8716666666667,596.2832333333333,579.7073333333334,553.9350000000001,579.7343833333333,606.82325,616.8266666666667,628.2881666666666,571.3670000000001,486.52,492.39181666666667
2025-01-04,493.43503333333337,459.41833333333335,454.1775666666667,439.95568333333335,430.6266666666667,1174.759316872425,521.8418333333333,509.47,1320.5902,490.10921666666667,507.86833333333334,500.10395,476.75458333333336,1300.0166666666667,1325.5487166666667,526.83435,549.0,557.7891666666667,565.0962833333333,571.1033333333334,562.64675,534.0349333333334,525.8566666666667,578.3907166666667,561.9044333333333,490.93,512.4968166666666,557.1438333333333,556.9250000000001,521.7394,537.3937833333333,601.3083333333333,622.2831833333333,583.8953,542.7966666666667,0.0,0.0,0.0,0.0,0.0,0.0,0.0,0.0,0.0,0.0,1.9696670081140517e-05,0.0,0.0,0.0,0.0,0.0,0.0,0.0,0.0,0.0,0.0,0.0,0.0,0.0,0.0,0.0,0.0,0.0,0.0,0.0,0.0,528.014741124248,0.0,0.0,0.0,511.2179166666667,471.5323029098936,477.1554274598076,0.0,417.9061739431995,467.85160158650456,0.0,0.0,0.0,0.0,0.0,0.0,0.0,0.0,0.0,0.0,0.0,0.0,0.0,664.0044483744605,234.35971480804614,299.94231436657435,318.1666866584565,350.6631484897886,408.86636666666664,441.65069297141497,454.3043297210986,481.8111028572583,547.0654383214345,550.5890453885015,497.48723333333334,497.7341525677508,495.26879217560986,474.04851943983743,488.26230164336044,495.06932273577235,212.62905000000023,0.0,0.0,0.0,0.0,0.0,0.0,0.0,0.0,0.0,0.0,0.0,0.0,0.0,0.0,0.0,0.0,0.0,0.0,479.34768333333335,456.58206666666666,441.1266666666667,475.7172166666667,466.8642333333333,413.5733333333333,408.95865000000003,416.0794,410.3433333333333,409.15795,413.0683333333333,421.9066666666667,436.45973333333336,445.81815,448.1566666666667,452.06315,459.1861333333333,460.59,449.46571666666665
2025-01-05,1293.0312833333332,1307.8000000000002,1110.4733666666668,1260.0379166666667,1289.6183333333333,1335.1169666666667,1329.6197,1296.2016666666668,1317.3770166666668,1324.0067666666666,473.23333333333335,493.59471666666667,1340.7514333333334,1336.2533333333333,1348.0695166666667,523.4828,520.01,518.6503,529.0792833333334,537.1383333333333,523.4585333333333,533.9196000000001,550.9366666666666,513.8285166666667,504.93638333333337,536.6750000000001,540.0349333333334,544.7534333333333,565.4033333333333,577.4903666666667,565.6305333333333,546.5266666666666,552.1815,559.3708166666667,553.65,0.0,0.0,0.0,0.0,0.0,0.0,0.0,0.0,0.0,0.0,0.0,0.0,0.0,0.0,0.0,0.0,0.0,0.0,0.0,0.0,0.0,0.0,0.0,0.0,0.0,0.0,0.0,0.0,0.0,0.0,0.0,608.78437283512,0.0,0.0,456.29816955823105,495.54583333333335,466.5108367536386,480.82190501905063,534.8630168029815,555.1448841121754,563.1185189533779,0.0,0.0,0.0,0.0,0.0,0.0,0.0,0.0,0.0,0.0,0.0,0.0,0.0,53.310569725283585,148.82398735687536,157.26795937841928,223.98890339099904,309.9359073618491,377.07588333333337,393.2460258000152,437.3834205047448,514.4178996956483,550.227795620852,520.0576405284828,468.5697833333333,476.87109371338914,492.89353061980484,481.8204602104603,470.65618197656903,470.9227287426778,439.48534999999805,0.0,0.0,0.0,0.0,0.0,0.0,0.0,0.0,0.0,0.0,0.0,0.0,0.0,0.0,0.0,0.0,0.0,0.0,507.24198333333334,490.1867333333333,508.1133333333333,514.89855,460.3778,395.195,419.8485666666666,1268.97499561575,417.34666666666664,431.3325333333333,417.6806166666667,393.4916666666666,442.7318833333333,480.42425000000003,456.1483333333333,416.65793333333335,477.8123666666667,599.25,624.85225
2025-01-06,1455.7540666666666,1468.7766666666666,1427.6847877175837,1453.80175,1449.9250000000002,1471.1817666666666,1485.4844666666668,1476.3216666666667,1457.2229333333335,1450.8999666666668,640.0783333333333,685.192,695.5783333333334,1514.0,1534.3443666666667,706.62255,680.6533333333333,663.0113,672.56565,688.965,678.7183833333333,686.2090666666667,714.1933333333333,713.8311,677.7742,655.9483333333334,708.1278333333333,751.5082000000001,733.755,681.1280333333333,664.0997833333333,679.895,682.9474166666668,782.1280499999999,928.5183333333333,942.3003553647641,906.5399597598372,898.6029789697255,911.1960121122672,896.7778916386347,880.0153666666666,913.3603513941224,891.4275474444073,795.2747767404962,729.8328612053638,829.3758227619846,988.1779333333332,118.26365237887978,38.914853689847064,4.540989020171878,0.0,0.0,0.0,0.0,0.0,0.0,357.52582815136014,403.1141086465053,0.0,0.0,0.0,0.0,0.0,0.0,257.1846833333333,1119.3531468073597,1116.3185551467839,1064.3068048270163,1024.4395256568007,996.9610141115477,977.0996000000001,961.9572614871898,924.4828303332326,879.4335417394982,875.5475475740237,915.668216371512,962.6248333333334,141.89426682040255,143.81441086232485,162.43432249683985,211.70984209502024,272.40181002793827,176.23881245273654,0.0,0.0,0.0,0.0,0.0,0.0,1451.0463419390444,1504.2292027801523,1524.9756932650625,1592.432657468848,1658.8807454773837,860.6731333333335,887.2402918482014,912.7357849606773,949.096840834761,1008.5396709677866,1045.0446035237553,1048.18815,1054.814862223723,1048.5634157204395,1051.015557534954,1086.5853347120715,954.8388776299298,734.0416666666666,723.1414166666667,767.9411166666667,754.3649999999999,726.7196666666667,731.6929666666666,760.5666666666666,0.0,0.0,0.0,0.0,0.0,0.0,0.0,0.0,0.0,0.0,0.0,207.20578333333287,752.2540333333333,748.3642333333333,767.81,788.7005166666667,694.5243333333333,548.0883333333334,539.5484166666666,1396.3892833333334,564.3383333333334,589.8358,582.0661833333334,557.335,592.1239833333333,604.0571166666667,586.6166666666667,614.9030666666666,627.32955,608.2516666666667,607.3944666666666
2025-01-07,1444.5607166666668,1442.2266666666667,1443.1411666666668,1458.96935,1471.85,1457.1436666666668,1477.8899833333335,1512.2016666666668,1476.7926666666667,1466.2114166666668,1500.7416666666668,672.91,675.2263166666667,682.6966666666667,1207.5666500000002,647.2983333333333,644.795,679.2211666666667,703.0744,698.15,690.0639333333334,696.3362999999999,708.8283333333334,707.1996333333333,713.0952000000001,719.2283333333334,695.8064166666667,680.2819166666667,694.1416666666668,720.0062666666666,719.7377,692.5566666666667,687.0100833333332,774.3374833333334,897.25,917.0852695087591,902.2629820576585,906.9132436806321,915.96292707828,909.1129549512026,885.2855500000001,852.3874800967325,826.0547672973344,775.7715239115505,676.6920622491257,755.832144619805,941.9403833333333,83.38259897554906,13.228142811562861,0.0,0.0,0.0,0.0,0.0,0.0,0.0,166.49072286257734,445.91205973464946,0.0,0.0,0.0,0.0,0.0,0.0,280.10669999999993,1080.5719550656409,1035.7947282617981,1014.0584894708921,1011.5576919086768,989.1946387909061,942.1139000000001,903.7079162680946,900.1031794653102,908.1362528477111,883.2096663380281,891.9630998589919,939.3599166666665,132.15003639289478,156.37920263097226,178.8887229124772,178.92418810232027,190.3469723987463,0.0,0.0,0.0,0.0,0.0,0.0,0.0,1355.321281622869,1384.5980729549578,1398.3074563941577,1484.2015476716924,883.2706031674027,729.4807333333335,804.9296451622928,882.9949917225784,933.5712017503414,986.9284706483986,1033.1980604862347,1054.4649666666667,1052.3479053529338,1032.7415404073108,1024.1151804478352,1046.417650759211,945.3134099594757,759.2116666666667,698.3793333333333,715.2248,746.9366666666666,775.4515,756.72815,709.5566666666667,0.0,0.0,0.0,0.0,0.0,0.0,0.0,0.0,0.0,0.0,0.0,265.3931333333336,763.4571166666666,737.8627833333334,730.0516666666667,771.5217166666666,715.6154,585.9316666666667,1393.0292833333333,1404.2937333333334,566.3416666666667,1396.8507666666667,562.2307166666667,573.1433333333333,1441.2921213853213,619.9824333333333,601.48,1420.3133666666668,1400.44495,567.9683333333334,588.2882666666667
2025-01-08,601.5881166666667,621.0933333333334,585.1051833333333,583.7604166666666,1464.5016666666668,1483.3867500000001,652.8062666666666,1469.5466666666666,1422.1689333333334,1449.1102166666667,677.455,635.1118333333333,640.8249166666667,705.77,684.9959166666666,666.1490833333334,683.6983333333333,681.0096166666666,688.9604333333333,696.5300000000001,658.8951833333333,1063.0651775720164,683.2183333333334,687.3103833333333,694.8344666666667,710.04,702.8703666666667,710.3095,723.65,701.3701333333333,717.0205500000001,742.765,691.4395,1583.0222166666667,894.8966666666666,906.6622330927063,885.5360681188824,898.6011087006142,905.4840084599873,903.6523043524206,900.2474,890.2066822529779,869.5390727513623,820.4454689685379,745.4516850445572,819.0327517861382,976.0083666666666,119.43440876868829,24.037574286443146,0.0,0.0,0.0,0.0,0.0,0.0,0.0,556.4337863916725,537.0236214485898,264.173138994504,0.0,0.0,0.0,0.0,0.0,384.8425166666667,1204.3589104938271,1212.617061728395,1227.6719666666668,1206.3713382716048,1156.5018061728397,1128.5230833333335,1161.1450962962963,1139.257987037037,1081.3692333333336,1117.6910796296297,1145.0807703703704,1131.8337166666668,328.3130427206336,379.98728003936014,409.9426423580868,411.60084341205356,459.9417636031668,541.6995666666668,0.0,0.0,0.0,0.0,0.0,657.5550666666666,1572.3178959077625,1628.0849085319715,1633.9038957296302,1641.2040820244083,1665.3489586066416,1127.5193485866532,911.1540178071851,944.4900284257633,968.175896905034,995.823404960964,1033.0976843095195,1059.2698,1050.290374452229,1025.7219345581123,1030.565710408407,1076.7752487605376,960.5097297052605,754.9083333333333,748.4221333333334,774.0034333333333,744.8683333333333,745.0775,751.8126000000001,747.695,0.0,0.0,0.0,0.0,0.0,0.0,0.0,0.0,0.0,0.0,0.0,250.94061666666715,758.0383666666667,765.94735,770.15,775.6191333333333,688.6640833333332,560.5,550.9598,578.4886666666666,586.895,593.5879833333333,564.3446666666667,548.3316666666666,629.0425333333334,647.27,587.5233333333333,592.2651500000001,616.1856833333333,616.1166666666667,603.7584833333334
2025-01-09,1488.0736166666668,1456.45,914.8094691358007,1447.4839666666667,1440.69,634.8829999999999,642.5204333333334,1463.9633333333334,1551.3866166666667,697.4008333333334,647.795,693.3356833333333,1535.4173333333333,1509.33,1527.497,1544.6661333333334,1486.5733333333333,1511.3871666666666,690.0798666666666,693.1583333333333,748.38515,786.4563833333334,0.0,187.22928333333346,719.0967666666666,712.3166666666666,716.0654333333334,693.9413,671.8249999999999,1543.8258833333334,721.7514333333334,691.5216666666666,702.5699833333334,1673.0387666666668,950.6366666666667,970.5307068960203,968.7583676228207,962.0542089051767,912.2723741345303,909.1658943880778,925.95245,908.3267209358173,890.4839594049106,827.2157895080394,692.1380445534492,747.4040107048241,944.0316666666665,119.23086649989807,30.015789909068985,0.0,0.0,0.0,0.0,0.0,21.073289934093168,529.6648809292092,0.0,0.0,0.0,0.0,0.0,0.0,0.0,0.0,135.48068333333322,956.361629155269,962.5514984820459,990.9139557717858,1026.8227321492768,1008.1599087393079,944.8844000000001,919.0098357051367,940.2594567396122,988.6220358948813,1039.2361459623987,1067.4472430669534,1080.3958333333335,936.586951234568,253.6560709876543,210.04353333333313,210.0334456790123,220.91449876543209,223.1445666666666,0.0,0.0,0.0,0.0,0.0,0.0,625.4987899725991,1475.747034939688,1471.4740249969532,1545.130183573414,765.7424840980897,778.4450666666665,1259.839530929246,888.2174455075067,932.2270959521003,987.649688036968,1033.0051849802285,1045.0799166666666,1066.2607241725088,1081.5376308667371,1037.4321984396431,1045.0894206753876,958.0012593545772,804.215,743.7868,747.9326666666666,755.225,0.0,741.03175,753.7816666666666,0.0,0.0,288.23076666666685,0.0,0.0,0.0,0.0,0.0,0.0,0.0,0.0,783.6633333333334,782.0714833333335,1589.762116447846,764.8116666666666,792.1586333333333,67.3789486772451,615.9116666666666,591.5881,1428.1094333333333,1421.205,1429.6165666666666,1413.0406666666668,0.0,0.0,606.82325,624.0450000000001,169.99960000000027,0.0,0.0,492.39181666666667
2025-01-10,126.66703982275465,468.67833333333334,1295.9350903852946,1301.3411333333333,482.40833333333336,511.7317333333334,1377.5840666666668,1373.46,1387.4126666666666,526.1367500000001,544.575,549.20795,1356.8908999999999,1302.3516666666667,1325.5487166666667,1393.59505,601.64,574.1833333333334,1398.4296166666668,1420.7416666666668,621.2478833333333,471.6079292879118,582.745,632.7085833333334,580.6696999999999,490.93,525.3897166666667,1406.18705,1433.2600000000002,531.1832666666667,547.65545,627.5733333333334,636.4640666666668,649.9793000000001,591.5016666666668,0.0,0.0,0.0,0.0,571.7041426404742,632.8868833333333,0.0,313.81810533587156,0.0,0.0,0.0,0.0,0.0,0.0,0.0,0.0,0.0,0.0,0.0,0.0,0.0,0.0,0.0,0.0,0.0,0.0,0.0,0.0,0.0,0.0,774.4165899714889,759.8029733335379,693.549302218442,685.1922775744553,696.2390138253518,674.0326333333323,642.2011173778316,682.0287118324109,766.8965746120759,730.6063501070092,735.5850109632306,795.6216666666655,0.0,0.0,32.24070988193944,28.029071641975634,76.56220211805896,0.0,0.0,0.0,0.0,0.0,0.0,0.0,187.02860295658263,1077.0425844554156,1152.8317705361694,300.75288723851514,329.5553272687907,416.38465000000014,426.2142651075619,428.0848690585041,461.07838424823336,532.2752270124291,541.0236068683689,491.25533333333334,529.1808356154492,554.6854452174045,501.4838933583756,487.53407044331396,494.88502756909116,367.90006666666693,0.0,0.0,0.0,0.0,0.0,0.0,0.0,0.0,0.0,0.0,0.0,0.0,0.0,0.0,0.0,0.0,0.0,0.0,493.97926666666666,456.58206666666666,441.1266666666667,475.7172166666667,477.8483166666668,413.5733333333333,1242.2919833333335,1249.4127333333333,1243.6766666666667,409.15795,1285.37945,1320.175,1269.7930666666666,1279.1514833333333,1288.7083333333335,462.5048666666666,459.1861333333333,460.59,449.46571666666665
2025-01-11,510.6447166666667,1317.06,1285.5643833333334,1288.0900333333334,508.06666666666666,529.7351833333335,518.6952666666666,493.525,550.8661500000001,877.0332545267487,1343.2733333333335,542.6987166666668,554.2210833333334,547.5983333333334,533.8515833333333,556.9101666666667,572.65,535.0444666666667,0.0,0.0,582.0596666666667,606.4924666666668,607.8249999999999,568.1463833333335,523.70165,1384.73,589.3479333333335,574.5709499999999,608.4050000000001,1006.1232133173323,609.0436166666667,0.00018954629423803502,566.3623833333335,1458.78815,602.3549999999999,0.0,0.0,0.0,0.0,0.0,0.0,0.0,0.0,0.0,0.0,165.67497960450817,0.0,0.0,0.0,0.0,0.0,0.0,0.0,0.0,0.0,0.0,0.0,0.0,0.0,0.0,0.0,0.0,0.0,0.0,0.0,0.0,644.4501650894778,613.0140775541875,569.7138716005767,560.0213524677728,557.5413833333333,521.3954253654649,531.2117796150608,585.7351077452964,533.8287745611982,510.8061231236213,117.03211383085096,0.0,0.0,0.0,0.0,0.0,0.0,0.0,0.0,0.0,0.0,0.0,0.0,99.4675450026034,285.0907579628125,228.78080605552657,254.3214787386193,330.873928392426,422.96871666666686,412.33949432510985,438.3657635390754,511.9336625712659,544.9657236246566,513.3911887504878,462.5571166666666,508.46129097646667,552.3964448202478,509.3012128149412,469.9467220965874,470.7427771598132,484.41666666666663,0.0,0.0,275.0475333333351,0.0,0.0,0.0,0.0,0.0,0.0,0.0,0.0,0.0,0.0,0.0,0.0,0.0,0.0,0.0,521.8735666666666,500.7094166666666,580.6816666666666,551.4107666666666,473.2617666666667,419.9916666666666,1253.1819,1268.9751,1253.0416666666667,1274.9527166666667,1289.9917333333333,1291.76,1291.3724499999998,1320.3509333333334,1296.7,1260.4329833333334,1311.1457,1432.5833333333335,624.85225
2025-01-12,673.3675,644.7033333333333,646.5377333333333,695.4117016460904,668.3733333333333,665.7999833333334,674.5600333333334,673.645,690.7120666666667,653.5941666666668,683.0833333333333,734.296,742.3813166666666,725.345,720.1264333333334,740.0499166666667,733.2933333333333,4.405466666666825,683.7697333333333,721.8800000000001,737.3195166666667,758.7819333333334,771.0816666666666,768.1489666666668,708.4465666666665,670.6700000000001,1590.7741666666668,781.3257166666667,0.00019271593737995647,732.8298999999998,1540.8462,849.9569431490486,709.6138666666667,848.21205,977.2233333333332,963.8405175817102,926.0227430171817,937.6294402998276,940.7441303007216,933.9129305011426,882.3270166666666,903.6365499297816,878.0015531834937,778.1728916540493,762.9942618883977,883.1213141312321,971.5219999999999,89.20085525012416,6.374847375796321,0.0,0.0,0.0,14.006396349564739,0.0,0.0,0.0,0.0,379.1321711251686,0.0,0.0,0.0,0.0,0.0,0.0,290.9324833333336,1192.9963349842337,1196.951042801703,1106.3593608322103,1049.853408604837,1029.38215245753,1016.1454000000001,1044.2371077470584,1046.9594033091053,1017.821311246078,1011.6006751367291,1080.151785031588,1174.4793166666668,364.2982720259215,343.00070633618975,1069.282976251989,492.3774485256206,586.5763664293768,0.0,0.0,0.0,0.0,0.0,0.0,0.0,1547.3127680408288,1565.7672082607983,1570.375049446638,1565.8388324570296,1609.5368782552696,827.9748666666671,829.2330568583927,1384.9182398794542,1734.2589300637105,977.4692280324008,1028.533166023625,1039.3563,1084.4078297613828,1106.7628462427183,1077.7488937026505,1111.1272701556795,957.7812622014278,742.5899999999999,728.1900666666668,767.9411166666667,754.3649999999999,728.7632666666668,777.4123833333333,571.8106999999998,0.0,0.0,0.0,0.0,0.0,0.0,0.0,0.0,0.0,0.0,0.0,764.5183333333333,766.8856166666666,758.8869166666666,840.3783333333333,825.2127333333333,707.4083,572.885,1283.5069763374486,1396.3892833333334,606.3766666666668,600.1226499999999,621.0439666666666,622.27,607.4312166666666,610.6504666666667,593.835,636.6817166666666,0.0,0.0,640.4900666666666
2025-01-13,1495.5074833333333,1451.4866666666667,1456.0750666666668,1473.7354833333334,650.395,651.7618833333335,1477.8899833333335,713.225,686.95075,1485.3932833333333,1543.7466666666667,1523.4383166666667,1053.3839549382699,727.375,688.4396833333333,662.4670333333333,1530.7683333333334,1528.9486666666667,703.0744,714.4549999999999,696.3061833333334,696.3362999999999,765.7166666666667,727.9365666666665,743.7675666666667,761.5033333333333,708.6993166666667,710.0994333333333,1537.0633333333335,739.3362000000001,775.7012666666667,743.7833333333333,713.6765333333332,774.3374833333334,941.1566666666665,938.6172677797967,911.1458698583119,922.5412027363344,945.4233026795872,429.4665629730565,44.85316666666665,843.4619203738017,816.0966308763605,794.2009296763803,1542.6046031378876,1625.949427037836,941.7724499999999,92.18998025951907,33.52408169513035,7.93712470159096,0.0,0.0,0.0,0.0,0.0,218.45369284024423,589.0186657498218,574.7364496395409,0.0,0.0,0.0,0.0,0.0,0.0,333.1165666666665,1120.754474116749,1058.866068737259,1076.9190257680661,1068.498331319348,1030.1279180318636,984.6706666666668,977.8042636802436,994.0837608138161,971.5341053725334,936.8143586646695,946.6215943271434,992.42945,884.6347635391687,243.2121816927139,285.0307852714361,437.30847175280246,527.5897552809458,512.5944666666667,0.0,0.0,0.0,0.0,0.0,254.41286714743825,1542.5371929335092,1553.7599438114362,1568.899769628748,1595.1283207137449,1635.0017598852446,814.125316666667,884.1134922668359,969.2374007309432,977.8636763976515,998.0056483046893,1032.8212327171423,1062.3182500000003,1066.8464502128065,1052.0105758705959,1044.5363324508735,1071.5194976252092,948.3971544662113,782.8683333333333,703.4279833333333,715.2248,746.9366666666666,805.04675,802.4475666666667,742.2116666666667,0.0,0.0,0.0,0.0,0.0,0.0,0.0,0.0,0.0,0.0,0.0,561.0605000000025,773.2619333333333,737.8627833333334,802.6200000000001,808.0339333333333,728.4993666666667,600.9833333333333,573.8593166666666,578.5212166666666,573.25,573.8042833333333,1395.9435345271615,612.8566666666667,632.6449166666667,553.0560253663324,0.0,597.42175,595.5835,581.5216666666668,656.5974333333334
2025-01-14,639.9408166666666,1409.4183333333335,1454.94415,1502.19645,1499.2366666666667,1516.8367,664.2712,1468.88,1482.3296166666667,652.0070166666667,703.4083333333333,812.1121843621368,678.7888166666665,691.4016666666666,0.0,691.3064833333333,691.8433333333334,658.2194166666667,648.51725,1494.81,1501.0274,1503.0454166666668,1524.1216666666667,716.3009333333332,728.5782333333334,724.1533333333333,704.0636333333335,752.9531833333333,755.2383333333333,757.0052333333332,759.3423666666666,727.1583333333333,1544.0764166666668,1627.4091,937.7016666666666,897.2317562641967,895.2034258823126,947.9758618601686,943.9016420451139,909.0968319218192,886.3572166666667,865.4347105323466,881.7058413941596,792.7799133514785,730.4125854796898,798.6852017142675,927.9560999999999,56.4410802640931,0.0,0.0,0.0,0.0,0.0,0.0,319.7432195735283,0.0,0.0,464.71268649630167,0.0,0.0,0.0,0.0,0.0,0.0,266.2176333333334,1020.5355166897365,984.4703798232756,1057.1982282457695,1022.8394602820082,966.7851513612757,916.3812166666667,914.6770733087101,973.1745282915754,988.0292592003667,983.0740099847817,1016.9166339580179,1058.1986666666667,200.86509195509382,239.22499775199105,310.37922694725694,392.21173332066064,431.85891141593083,462.53846666666664,0.0,0.0,0.0,0.0,0.0,0.0,1374.3804801800177,1414.3725635431397,1494.0520311480318,706.1280186480758,1601.889527415885,1651.5520000000001,1161.7994135834658,892.573723075679,977.6126570600295,1050.4335984776371,1072.0639538616351,1024.0971166666666,1021.0781160651484,1037.5378007541863,1081.4270074538629,1117.8381272566098,946.5844796113076,720.7216666666666,699.2514166666667,769.1571166666665,729.9816666666667,752.1975500000001,784.0313833333335,337.4871333333328,0.0,0.0,0.0,0.0,0.0,0.0,0.0,0.0,0.0,0.0,0.0,713.4483333333335,738.7927833333333,791.9438166666667,765.48,811.1149666666668,722.8855333333335,574.3433333333332,1273.2409413580247,583.1818,0.0,555.0075166666667,588.1092666666666,597.6750000000001,598.8371666666667,594.66525,1432.1083333333336,659.3713833333333,599.4592,0.0,637.5230833333334
2025-01-15,673.9784,635.4316666666667,574.5303666666667,1415.2724166666667,1465.0283333333334,643.8758166666667,1453.1942333333334,1466.7016666666668,1533.0954166666668,687.8319500000001,657.2866666666667,1534.74415,691.9549166666666,1477.3683333333333,1503.9421666666667,1566.33715,724.3216666666666,684.3706333333333,697.5121166666667,1579.0833333333335,1598.24755,758.3497833333336,783.7550000000001,762.3651833333333,742.4791666666667,703.53,730.3235666666668,755.8368999999999,1117.10691893004,713.8069999999999,731.5403500000001,734.4683333333334,719.8035666666668,1649.1062166666668,987.5083333333331,942.2853037501376,913.9303664448844,953.3136719761754,937.3686773342135,930.3422465284655,904.9893000000001,867.6522218547842,846.8899250048511,825.7911999566692,780.6821441175495,837.6822329161158,961.6166000000001,97.6426689972999,35.694517056106974,10.760387302760478,0.0,0.0,0.0,0.0,284.4622887501235,498.50857366513276,0.0,0.0,0.0,0.0,0.0,0.0,0.0,0.0,287.6930500000001,1103.4044443652506,1072.9692940249602,1039.2785466526714,979.0978701799019,966.0732700638005,959.5329500000001,903.6789118905483,880.9038121623754,843.4967601290248,807.5392981352992,814.3038112228365,845.3588500000001,13.651160258146547,39.375593566809584,78.44144375176995,194.99174886201365,237.45202104381872,228.67155000000014,0.0,0.0,0.0,0.0,0.0,0.0,1318.6698077737526,1349.2119369227419,1389.3839534722747,1279.3568702182079,651.9122481427796,740.1494500000001,754.8771875987102,777.2016773416651,878.7520767228388,970.0144812767147,1000.2977395276498,1009.2257833333334,1108.2731339444215,1109.4516899760847,1060.537431287851,1072.9015685409486,920.4509735311818,726.3383333333335,693.56275,730.1875666666666,730.1350000000001,730.8774000000001,753.2622166666666,728.1533333333333,0.0,0.0,0.0,0.0,0.0,0.0,0.0,0.0,0.0,0.0,0.0,478.20244999999966,782.4747666666667,758.7046666666668,753.3583333333333,796.5702333333334,710.6322500000002,548.935,521.0774833333332,1383.6765685652406,560.6616666666666,1380.9148666666665,1440.5454833333333,652.9799999999999,0.0,572.27765,629.6466666666666,0.0,0.0,449.80586279548857,597.0422
2025-01-16,1454.3015333333333,1474.1799999999998,1479.7786833333334,1503.5882000000001,1504.35,685.2662333333334,696.7705166666667,695.6433333333333,684.3938333333333,1523.70045,723.3283333333333,678.6216499999999,1497.2683833333333,1526.0366666666664,649.6470499999999,1523.8538333333333,1081.5256666666653,710.8421666666667,1539.1672,1558.8466666666668,720.27985,699.6559333333335,727.9916666666668,717.3054666666665,717.1382166666667,685.48,684.9114333333334,720.87555,735.9866666666667,750.4531499999999,779.5389666666666,762.2233333333335,657.8408500000002,1575.551,989.7449999999998,962.1072586391352,224.421081348936,912.5862450434288,922.3321664015756,922.1029524549347,883.4491666666667,876.068889800915,859.7977034409199,815.029732468122,787.3483419981376,1693.0012918345624,956.1718666666667,28.92172747447023,0.0,0.0,0.0,0.0,0.0,0.0,0.0,358.73914809424303,537.4902770941303,0.0,0.0,0.0,0.0,0.0,0.0,0.0,274.2696000000003,1064.348590756953,1028.0037401608345,1014.8179569533241,974.9108718112481,914.5470795617124,874.2275333333336,859.8660817545654,876.4944117219281,884.4855661280847,825.2143568845102,853.3582423744589,936.6075833333334,68.10674752893283,40.26406376930606,138.63531040441399,203.48345921533303,278.1070418364667,0.0,0.0,0.0,0.0,0.0,0.0,0.0,1344.3230526100813,1397.719032054165,1435.0914296805486,622.8958514160207,1535.9115458055403,1170.4754053704341,822.1610105396209,905.74652564847,947.0727044161806,966.8692731978814,1003.6564357677827,1045.1623166666668,1064.3561517053015,1062.7110610063073,1079.8578808029345,1067.4293924220099,907.7234539976189,750.4433333333334,714.6034000000001,746.7409666666667,753.7033333333334,740.4394666666667,765.4489833333333,424.9748666666665,0.0,0.0,0.0,0.0,0.0,0.0,0.0,0.0,0.0,0.0,0.0,789.4716666666666,801.5298333333334,766.6494,791.6350000000001,806.3043833333334,717.2789166666669,569.2283333333334,549.2560333333333,1424.7748166666665,579.95,598.775,552.7308630954356,683.805,599.09715,1410.9399515282685,642.1366666666667,0.0,0.0,465.18333333333345,1268.6329833333334
2025-01-17,1297.3540666666665,1291.3116666666667,1296.6371333333334,472.7138333333334,817.522542386834,1330.1525333333334,1345.9040333333332,499.86166666666674,535.1483666666666,545.3186166666667,1365.2566666666667,479.1607333333334,1337.3536333333334,1351.9933333333333,1363.7795166666665,1365.2706166666667,1387.73,558.0571833333333,567.0211,0.0,0.0,533.4841666666669,1423.1766666666667,563.2008333333333,541.6114666666667,546.4916666666667,598.3168000000001,616.7788666666665,587.6733333333333,603.958,628.3327333333333,612.46,576.7131166666667,1437.0365500000003,602.1500000000001,0.0,0.0,0.0,0.0,0.0,0.0,0.0,0.0,0.0,93.59765951432337,452.82904967360423,0.0,0.0,0.0,0.0,0.0,0.0,0.0,0.0,0.0,0.0,0.0,0.0,0.0,0.0,0.0,0.0,0.0,0.0,0.0,0.0,547.1618528927735,547.1877059088782,567.6735868220389,566.8646348744716,562.4195166666667,594.2221083120686,604.4560093243431,434.4674583254817,611.5530895419461,621.8475857364876,0.0,0.0,0.0,0.0,0.0,0.0,0.0,0.0,0.0,0.0,0.0,0.0,0.0,147.06410606012287,585.101338599175,283.4158814919672,306.41528892996354,338.5074959817318,404.8502833333332,451.41903220144627,463.81316986764,483.2471017800431,543.00245947743,538.4507851837191,467.2155499999999,476.74179487644136,510.0380390266029,496.96614923672564,504.97854734348016,506.79976791983785,508.71000000000174,0.0,0.0,0.0,110.86930000000284,0.0,0.0,0.0,0.0,0.0,0.0,0.0,0.0,0.0,0.0,0.0,0.0,0.0,0.0,456.9702333333333,477.6274333333333,568.0500000000001,537.0179333333333,487.93008333333336,463.1666666666666,441.14385000000004,1272.3619987945267,442.3383333333333,433.3976666666666,462.6902666666667,476.74499999999995,472.86454999999995,0.0,237.33595280976616,419.18686666666673,439.0463499999999,440.2583333333334,439.1719166666667
2025-01-18,1313.4857666666667,1187.7317490002847,499.2202833333334,1289.5701833333335,1294.065,1338.1438666666668,523.8847499999999,1351.3366666666666,1367.14235,527.12585,555.0649999999999,1351.9741833333333,1359.9482000000003,1357.9233333333334,529.6099666666667,549.6753666666667,564.0633333333334,530.6955,561.8137833333334,1438.3583333333336,577.1186833333334,535.4753499999999,561.2516666666668,573.0602833333332,566.2811166666665,567.0716666666667,559.5152,1397.58845,561.5966666666667,3.664699579530861e-05,598.5732666666667,1313.5121152506226,608.24565,596.1408833333335,565.8633333333331,0.0,0.0,0.0,0.0,0.0,0.0,0.0,0.0,0.0,0.0,0.0,0.0,0.0,0.0,0.0,0.0,0.0,0.0,0.0,0.0,0.0,0.0,0.0,0.0,0.0,0.0,0.0,0.0,0.0,0.0,748.6614942650378,691.8742033789102,667.0137688689083,700.5893220863762,699.61666181597,636.4523666666666,662.941531090511,688.037196221381,733.7304008657874,764.2982207434401,770.3101430408959,530.8380078739654,0.0,0.0,0.0,0.0,0.0,0.0,0.0,0.0,0.0,0.0,0.0,0.0,683.4882022547815,1101.241357505269,339.45529304412753,337.05637499667165,324.13392446206484,342.5721999999999,386.8102501119889,440.53162595543813,495.9737874052792,533.8771537604167,517.3180883382524,457.6689666666666,456.79032032183204,493.9135959064446,518.4217155019545,530.9398476285313,499.1606318978049,487.31833333333327,0.0,0.0,0.0,0.0,303.03506666666743,0.0,0.0,0.0,0.0,0.0,0.0,0.0,0.0,0.0,0.0,0.0,0.0,0.0,521.3570166666666,491.3025833333333,540.6966666666667,521.8469,481.44365000000005,409.9783333333333,1245.25665,1297.8275666666666,1322.3516666666667,1271.4191333333333,1286.38195,1322.9383333333333,1265.59165,1253.7519,1294.1916666666666,1317.2978166666667,534.7561333333333,628.3816666666667,671.7563666666667
2025-01-19,648.0863,1333.10247189947,669.5621333333333,663.2458333333333,0.00011476142805681572,621.1437500000001,664.5486166666667,711.7016666666667,710.8724333333332,649.2334333333333,1477.5416666666667,647.2706666666667,655.3202333333334,659.61,701.52345,753.7218000000001,724.3366666666667,667.3450333333334,680.6796333333333,733.4733333333334,715.6256333333333,685.8391333333334,733.8466666666667,1554.1068666666665,737.326,45.20666666666682,726.4133333333333,1560.42915,720.26,730.9747000000001,763.4764333333334,766.1899999999998,710.5269,767.8546333333333,926.4999999999999,945.18966219229,920.8602663336927,925.3819322052058,925.165937762689,224.3528811924216,871.2361833333334,852.4545900319355,832.903418775066,808.0881553783668,737.3862032516587,1620.2138583078595,908.4949666666666,21.780292921735622,0.0,0.0,0.0,0.0,0.0,0.0,0.0,0.0,0.0,0.0,0.0,0.0,0.0,0.0,0.0,0.0,0.0,944.954291112271,935.094902717365,969.8461786221068,933.0254652741231,848.8658316778813,793.0902666666666,870.457233229621,903.4119772705325,910.3358574169888,916.1676155448554,962.1273018845941,1031.9293833333331,230.60016840354967,235.47052641424216,253.50223213898767,305.6867436846992,330.7595210759555,0.0,0.0,0.0,0.0,0.0,0.0,0.0,1334.7349103045187,1404.6607003972963,1258.7757322737612,1504.2920189374577,1576.040001463209,742.6958999999998,838.7290375565375,893.2179497578359,919.14004622161,952.6248732113728,1006.0425837325299,1047.3533166666666,1070.6570881386988,1066.0650389462014,1071.788073691749,1095.6553913706318,967.8909250811001,779.0683333333334,720.22305,741.2275166666666,731.28,758.3585166666667,785.9685833333333,765.5916666666666,0.0,0.0,0.0,0.0,0.0,0.0,0.0,0.0,0.0,0.0,0.0,399.22059999999925,763.8500333333333,733.2635333333334,777.8366666666666,769.2450333333333,686.1407666666668,598.5183333333333,610.5934666666666,617.4931833333333,599.0600000000001,595.3999166666666,621.4237499999999,636.6466666666666,633.6308833333333,616.9855833333332,588.755,651.68905,630.6172499999999,596.0016666666666,624.6122833333334
2025-01-20,645.5036833333334,620.25,1479.5637333333334,1452.5794166666667,601.245,668.6737,1532.1400666666668,1506.4833333333333,685.9295333333333,659.9820166666667,1508.5066666666667,1504.0758166666665,1511.3685333333333,654.6099999999999,674.84375,1561.26655,1554.165,704.3566333333334,703.3837166666667,702.2733333333334,725.1002166666667,1565.1370666666667,753.0733333333335,626.8894943333335,710.5875500000001,704.6016666666667,746.8737000000001,756.3614833333334,733.0216666666668,776.1165166666666,794.6803166666667,743.495,1534.2310666666667,1608.3378,919.2266666666667,923.7849134655323,893.3169330006601,905.578780208841,927.44719702255,902.5059523734469,877.0263833333333,893.1583457559832,885.9380685189425,131.99319036333281,716.4120119995735,1641.1924072140682,990.9824500000002,120.45958252346861,4.0439903455713875,0.0,0.0,0.0,0.0,0.0,0.0,0.0,149.8832818859148,0.0,0.0,0.0,0.0,0.0,0.0,0.0,185.59326666666675,1005.7166575905386,949.2067434234783,890.243750864449,928.5628906357229,902.1549705983709,791.0645499999998,782.7159047024096,804.760116051502,802.9334727345533,846.5635597505376,903.1393324702651,928.5147833333335,760.5429147211236,182.63041900606004,309.624953765613,305.56367657725195,304.7731116851131,0.0009993440550419871,0.0,0.0,0.0,0.0,0.0,0.0,1479.7205520030243,1497.2869423386942,1551.0181017152959,1580.8768502558069,1630.3290854436436,1000.2758951991037,871.0064112880416,947.5012773690141,957.8445862618073,971.5973297457302,997.7017457576466,1019.58145,1012.9974526959231,1010.5351882034673,1065.561362080218,1093.3917244425984,945.5545429114449,758.7500000000001,737.7768833333333,779.1054999999999,751.9966666666667,707.1509833333334,696.5728666666668,500.1060833333341,0.0,0.0,0.0,0.0,0.0,0.0,0.0,0.0,0.0,0.0,0.0,744.1366666666667,819.2103333333334,829.6961833333334,787.9816666666668,809.6634166666666,737.7144833333335,595.8616666666667,624.3241666666667,619.7484333333333,559.5666666666666,577.4354166666666,1487.8450666666668,665.2099999999999,573.4068166666666,594.9986166666666,684.2633333333333,665.9657333333333,0.0,566.8744166666665,619.7386166666666
2025-01-21,1464.0504333333333,625.4233333333333,629.0503833333333,660.4650999999999,683.6249999999998,680.6305666666667,1511.8471,1490.7483333333334,914.7452738683097,693.5362333333333,721.8266666666666,1547.9958000000001,702.4523833333334,682.4533333333333,1503.0839166666667,1522.1538500000001,705.0366666666667,696.5678333333334,1555.767,1586.88,756.2876166666667,737.3011333333335,757.7466666666668,734.5072166666665,710.8846333333333,682.075,1562.8009333333334,1595.6239,746.99,729.3063166666667,741.5780333333333,746.0683333333333,1547.6033499999999,790.5369333333333,937.3266666666666,927.4323463357715,892.546151244675,936.4119465543404,981.3353129351148,306.773465212481,909.2231333333333,862.9689728230387,836.1452566453232,786.5228455621939,699.8197197646001,1612.6777889611076,957.9034666666668,65.23235383721669,0.0,0.0,0.0,0.0,0.0,0.0,0.0,0.0,0.0,413.7004186739507,0.0,0.0,0.0,0.0,0.0,0.0,304.4227000000002,1023.9578979287046,996.7088905339261,1003.8190272335564,1022.824603792725,959.2478492153706,912.4267666666666,867.6397994481662,881.5644342251367,859.06983999713,878.8955737986859,929.3891810927232,1000.5606166666664,177.02605468012018,164.39486789995476,224.42368055960253,298.66107237315816,351.7434455105505,0.0,0.0,0.0,0.0,0.0,0.0,0.0,1449.132157961484,1482.4299347148399,1500.1057003611336,1511.2402110278176,1572.0029983464,957.4887732980376,827.2810300380281,897.5341898701798,925.2147789727876,939.5712172492704,973.2032707606011,1027.8442833333334,1072.0387365048384,1063.190332142307,1047.3855365834997,1083.8516178048244,950.0687900269553,754.9133333333335,705.9761166666667,753.87255,752.8,757.4933500000001,771.5784500000001,573.1192333333338,0.0,0.0,0.0,0.0,0.0,0.0,0.0,0.0,0.0,0.0,0.0,737.0916666666666,754.0774000000001,750.8363999999999,773.8616666666667,759.2887999999999,676.7357333333334,572.3933333333333,639.98245,627.2523666666666,577.8366666666666,1404.56,1471.9116833333333,687.3566666666667,0.0,618.25365,661.3666666666667,640.6852833333334,626.8828166666666,636.6633333333332,606.8490666666668
2025-01-22,624.1661833333334,653.2683333333333,726.3247674897115,1471.57875,1517.0933333333332,1497.2293333333332,663.9965666666667,689.025,1487.4637,1492.2864333333332,701.5199999999999,695.6125833333333,676.2191333333334,1489.7433333333333,652.3050833333333,1499.5521833333335,654.8166666666667,689.3602500000001,729.3688666666668,725.5333333333333,697.9303833333333,715.1918666666668,753.9950000000001,1556.68525,1557.1861666666668,733.1733333333334,728.0688499999999,728.1952166666666,724.5016666666667,744.3237333333333,768.2491666666667,759.5083333333333,683.8756999999999,1603.1435000000001,959.8566666666667,921.0350365449601,219.39606991407868,960.8936270172924,941.8689336072555,910.6144274709461,877.3212666666667,856.5858539448026,819.9508452061415,735.0305004715267,612.4661658574105,1525.1502430729374,904.3251166666668,38.06537419684548,0.0,0.0,0.0,0.0,0.0,0.0,0.0,0.0,304.49759926208793,462.74274556786554,0.0,0.0,0.0,0.0,0.0,0.0,329.51250000000016,1132.5173515317106,1139.3453941828113,1092.396372518696,1116.0765349493504,1096.2098764602688,1032.8342166666666,1040.5536890724698,1053.2049736155013,1034.529735635037,1043.6995285053413,1104.4692115587918,1206.4269666666667,416.3692655938536,425.49298499604083,425.78073317215467,469.0393350877903,529.1192798835855,0.0,0.0,0.0,0.0,0.0,0.0,0.0,1381.683455151811,1404.116411552703,1490.5704133037384,1560.1225080537997,1584.0510322034122,762.7908166666665,820.8580684316689,1734.2858689021978,950.8716978503743,983.4030688996478,1014.8705681568716,1053.6587666666667,1075.568856166349,1055.4927537534854,1050.9829881512649,1113.8213897215248,976.3125017370353,758.4466666666666,710.4577499999999,749.3052500000001,720.565,717.97385,744.3548166666668,751.0866666666667,0.0,0.0,0.0,0.0,0.0,0.0,0.0,0.0,0.0,0.0,0.0,688.4522166666673,774.7934333333333,753.3717999999999,790.6149999999999,772.5377000000002,690.7271499999999,605.3333333333333,616.3300166666667,620.3946666666666,611.2,563.5302333333333,557.6338499999999,582.32,582.5649999999999,596.6223666666666,619.87,624.8963666666667,609.5664500000001,596.1149999999999,587.8245166666667
2025-01-23,1443.9144333333334,1451.3133333333335,1454.6347166666667,643.4484166666666,677.5666666666666,698.6397666666667,672.06575,642.98,1510.1912166666666,669.4517333333334,636.8283333333333,1507.8278333333333,1546.5479500000001,700.0383333333333,1505.8186,1537.8277166666667,773.2965302469136,663.0036666666667,1518.8543,727.6516666666666,712.0882833333333,705.6843333333335,694.2533333333333,684.5013166666666,1546.2669166666665,1585.7716666666668,735.4662500000002,734.4733666666665,742.2699999999999,733.9454999999999,735.2063333333332,745.9533333333334,743.97725,1650.9466166666666,942.5349999999999,956.4137514143798,953.9581416038714,943.4762008264996,155.6509442377402,914.4428181830101,925.7627000000001,887.241531190174,847.3947185714748,770.4179157808766,682.8320061656607,1577.9900231960846,917.8376500000002,80.44193289343775,12.584917267745936,0.0,0.0,0.0,0.0,0.0,0.0,0.0,0.0,0.0,0.0,0.0,0.0,0.0,0.0,0.0,0.0,955.4896606516857,981.978951918487,946.4310101746779,999.8617923057909,1031.0162851061993,986.6220166666667,928.4249147535011,936.6264598090438,977.8518433446509,961.9211270952654,995.5528499995529,1067.0348166666668,222.45688130250926,268.056126687665,365.95859953606157,413.40731322829697,451.7938453200112,222.5683221687725,0.0,0.0,0.0,0.0,0.0,0.0,1500.5095677238728,1506.071281537053,1498.2203614466953,1535.280731557159,1569.8304142655245,765.8071999999999,827.3246026215738,874.7308134041525,884.6502775522335,952.1204955838418,1021.9489201782287,1046.5308499999999,998.643579001685,1002.2413488913005,1070.3458085699665,1099.8288554308547,940.7884552096343,751.0766666666667,713.5676166666666,762.8081333333332,753.98,770.4031500000001,773.7729166666666,729.4483333333334,0.0,0.0,0.0,0.0,0.0,0.0,0.0,0.0,0.0,0.0,0.0,500.8300666666685,771.7372166666665,750.18315,761.0133333333332,804.5556833333334,708.9701666666667,536.4433333333333,1440.3257021594845,644.8792333333333,0.0,581.5738666666666,617.8353666666666,649.54,594.3480500000001,603.5063833333332,667.8750000000001,666.6913166666667,520.6231554174843,468.85333333333324,382.07373333333334
2025-01-24,1237.89695,1315.5116666666665,513.1339833333334,1326.2523,1305.66,1307.299,1299.4020666666668,1321.95,879.3078780306943,496.1190666666668,510.71166666666664,520.6032,1347.7669999999998,1337.755,1333.8907666666667,522.4464166666667,517.5833333333333,535.1162333333332,545.5935333333333,560.8533333333334,1383.6359499999999,568.3573833333335,587.8183333333334,616.1658,590.3545666666666,568.475,589.0096333333336,618.4249000000002,0.00015671098378788884,0.0,584.3499833333333,1417.785,1442.1727333333333,598.4316833333332,513.3643335868626,0.0,0.0,0.0,0.0,0.0,0.0,0.0,0.0,0.0,0.0,0.0,0.0,0.0,0.0,0.0,0.0,0.0,0.0,0.0,0.0,0.0,0.0,0.0,0.0,0.0,0.0,0.0,0.0,0.0,0.0,0.0,442.92371153314434,0.0,520.6079500185881,0.0,0.0,0.0,0.0,441.5722892061564,456.63183617690663,476.4924327770974,0.0,0.0,0.0,0.0,0.0,0.0,0.0,0.0,0.0,0.0,0.0,0.0,0.0,111.22696880784139,257.5263173881759,177.20332181135524,221.12936036437912,269.13292877566437,299.8499333333331,341.95801382889215,395.7923068183187,476.025630503376,522.6888831271696,487.91722627909894,425.88005000000004,481.99977632462395,488.93937109247815,445.7880525966055,473.6641281043691,461.1282332719747,472.705,119.85840000000007,0.0,0.0,0.0,0.0,0.0,0.0,0.0,0.0,0.0,0.0,0.0,0.0,0.0,0.0,0.0,0.0,0.0,522.7356499999999,497.0074666666667,464.88666666666654,545.7969500000002,532.6024000000001,436.0333333333333,446.33,1275.3287833333334,408.8483333333333,399.48645,469.99048333333326,526.6066666666666,0.0,214.36648333333312,495.23166666666674,464.01203333333336,442.73750000000007,466.7883333333333,463.3796500000001
2025-01-25,1294.1671833333335,1291.34,1303.1661166666668,1358.2884666666664,563.135,490.20453333333336,439.29859999999996,1316.25,464.8850666666667,1344.3477500000001,1405.165,515.8878833333333,1335.4175,1368.6750000000002,508.0424333333333,534.3766,544.405,1372.2473333333332,511.56926666666664,495.34999999999997,729.8177343049393,569.1230333333335,600.6433333333334,568.6333666666666,543.6144333333334,557.9549999999999,592.4230000000002,599.0797000000001,563.7250000000003,586.2328833333335,0.00013604633372308288,566.0533333333334,1405.6110666666666,1412.7900666666667,391.28613100456425,0.0,0.0,0.0,0.0,0.0,0.0,0.0,0.0,0.0,0.0,0.0,0.0,0.0,0.0,0.0,0.0,0.0,0.0,0.0,0.0,0.0,0.0,0.0,0.0,0.0,0.0,0.0,0.0,0.0,0.0,0.0,505.47293809329415,0.0,0.0,504.9039716726819,456.777457099039,0.0,0.0,0.0,415.9570680241866,412.30251692449826,0.0,0.0,0.0,0.0,0.0,0.0,0.0,0.0,0.0,0.0,0.0,0.0,0.0,34.77036629971195,94.22754434931988,144.75586650884475,245.04821938093409,291.0607085271969,294.9879833333333,321.21163732160227,382.9519964095264,461.45519166609716,495.6536891383316,478.10429662564434,454.85960000000006,489.26550704144216,488.94226663222764,473.24649884083027,474.25853692903377,465.6129883042272,492.20500000000015,0.0,0.0,148.8443333333347,0.0,0.0,0.0,0.0,0.0,0.0,0.0,0.0,0.0,0.0,0.0,0.0,0.0,0.0,0.0,525.7728000000002,495.7973,508.82166666666666,506.00740000000013,485.0744000000001,455.93833333333333,1286.96075,1312.4226166666667,1316.0033333333333,1279.10755,1258.8546833333335,1287.5616666666667,1278.1384666666665,1285.4616833333334,1289.4250000000002,1272.0527333333334,1359.1921666666667,661.8233333333333,0.0
2025-01-26,602.7839666666667,625.0096578189255,1474.2808333333332,658.5777166666668,665.075,656.4,667.4016,686.7316666666666,679.3043666666665,661.2685333333335,700.9449999999998,693.2831333333334,707.0516833333334,707.515,646.84315,663.6127333333334,694.5183333333333,717.0460333333333,0.0,693.8083333333334,696.8712528806576,671.2521666666665,713.6533333333333,691.0743333333332,690.4563,719.8416666666665,715.9062666666669,703.1989833333334,686.3800000000002,721.7186833333335,759.9812833333335,738.5483333333333,693.5365833333333,1588.3507666666667,915.7916666666666,918.2062218957257,237.13702858484112,936.2385191282451,924.2023183495251,917.3379832458713,890.3816333333333,833.7464744309137,785.8565635627633,730.0936909189991,666.3194226274143,1597.7785219843613,941.1052999999999,26.93439849545689,0.0,0.0,0.0,0.0,0.0,644.4051597011492,0.0,0.0,0.0,472.1134616702391,95.00128152245108,0.0,0.0,0.0,0.0,0.0,468.6697166666669,1205.1371351708835,1230.2427277873267,1309.469253946484,1276.6054928630078,1242.2848577811728,1185.9922666666664,1163.1801856342643,1213.7909652414878,1268.0709653873726,1249.961332839553,1295.4906592379377,1363.9473833333332,519.9859306596361,501.2357086492366,573.2297155259794,559.9197695179372,525.7672165783656,529.4302499999998,0.0,0.0,0.0,0.0,0.0,0.0,1513.2452903634423,1491.4556637767912,1513.8628977267085,1563.6230198251092,1587.7050065539734,1556.184411312517,782.8630103123676,822.3595908245419,904.9559551189675,964.5810734469277,972.5410491672025,966.1399499999999,1021.4537303514122,1044.6234687926255,1037.8605939377999,1081.5952254073236,954.6029032137593,766.5000000000001,735.8357,777.7622833333334,768.8516666666667,737.5702333333335,757.9035,790.9799999999999,0.0,0.0,0.0,0.0,0.0,0.0,0.0,0.0,0.0,0.0,0.0,382.0765666666678,778.2482666666668,771.9369166666667,756.315,776.3991833333334,721.5876500000002,587.6033333333334,569.7339000000001,1441.2240666666667,630.375,0.0,605.2553499999999,642.6483333333334,623.1693333333333,600.4974000000001,586.9799999999999,571.0946500000001,590.7027833333334,633.62,612.0817666666666
2025-01-27,613.7677833333333,1465.5833333333335,1471.8315166666666,1488.5754666666667,1532.4616666666666,1524.9862,661.0708999999999,648.9416666666667,639.0057833333334,1493.5944333333332,1549.7283333333332,719.6836000000001,712.5609,685.5966666666666,659.6252,668.4673000000001,686.22,677.3691666666666,677.599,1529.8683333333333,1523.0455166666666,1254.0927623456769,706.0816666666667,732.4634333333333,741.7489999999999,743.0899999999999,724.9900500000001,710.25965,703.0033333333333,734.3114499999999,761.1820500000001,738.3366666666667,1568.106,1631.4437333333333,930.7966666666667,925.1899289670384,237.5596062233989,939.2019589799997,962.7871180503703,951.7229500839159,897.5049833333335,879.066731548533,846.0371656957211,784.8689895971123,662.4018862245907,1556.6365755101676,930.6656166666668,57.403581919105704,0.0,0.0,0.0,0.0,0.0,0.0,0.0,0.0,0.0,357.97491907093104,0.0,0.0,0.0,0.0,0.0,0.0,262.49576666666655,1010.2757319409882,985.0353117733526,971.2527687288549,909.2967851567521,855.601012542124,786.6704499999996,773.7904081485714,810.9821936380978,867.9405719680024,852.8664105923923,910.4622069397475,988.1923833333333,150.95714484040116,132.1750030387392,161.16683392182426,199.733227637097,227.09963496855062,0.0,0.0,0.0,0.0,0.0,0.0,0.0,1312.8251867911977,1351.6647198377395,1369.5070164906992,889.5394228209129,635.5286544688649,633.6226166666667,722.3456038911323,821.3885062112328,867.2891807666907,889.1168924612768,941.4321994271443,1021.9190666666669,1059.2482882011122,1040.1052475809822,1027.3609156672871,1081.1046412460303,936.6972266355511,714.3216666666667,729.9231666666666,760.7405166666667,720.1233333333334,767.927,805.6196833333333,391.74594999999965,0.0,0.0,0.0,0.0,0.0,0.0,0.0,0.0,0.0,0.0,0.0,752.21,762.4146000000001,751.2326999999999,752.0566666666666,792.5596333333335,713.9613166666668,576.7583333333333,556.94735,602.2894333333334,607.2116666666666,583.5393666666666,573.1023,577.8916666666668,582.7207166666667,592.7378333333334,614.3583333333332,615.2967333333332,633.8972333333334,641.5466666666666,608.2372333333333
2025-01-28,1448.5564666666667,1469.9383333333335,1457.7876666666666,1458.1172000000001,1488.5783333333334,1461.1448166666669,646.6358666666667,711.8083333333334,1086.4038239745275,640.7071166666667,1504.335,1511.7775666666666,692.8547833333332,688.4466666666666,1518.6797333333334,1517.6163666666666,663.3183333333333,664.7546,697.23745,737.9533333333334,689.8566666666666,709.1243833333334,763.2633333333333,763.2066333333333,751.5321333333331,738.1566666666665,691.9942500000001,1523.2267833333333,718.9016666666665,734.09525,763.3576,763.8183333333334,744.4125833333333,1650.0681666666667,963.2149999999998,921.5305048111363,879.5534242780722,917.5774205309133,941.7310059635515,947.4855313372653,902.0955666666667,810.5727577079723,763.1252084979212,760.0185458797465,692.6580675876521,729.1440386066071,878.6288833333335,1.125983566428772,0.0,0.0,0.0,0.0,0.0,0.0,0.0,0.0,208.4946434311083,435.3756831930125,0.0,0.0,0.0,0.0,0.0,0.0,283.86898333333306,1057.649649816869,1094.5013520618882,1179.8173397014732,1193.3556321528715,1178.1226846358186,1118.5096833333332,1111.2650410521255,1146.6649300405825,1193.5813479805283,1184.2929502798663,1186.7713159015157,1211.07465,371.34919637290363,362.3376301131634,360.83651291410786,323.49840395636215,328.9208563904375,382.7758,0.0,0.0,0.0,0.0,0.0,0.0,1392.148784635137,1438.3631619147168,1497.064262356757,703.7752516922627,704.4233416991027,1492.4799922143898,767.7781682125307,837.6614623170279,897.1071229947815,933.26322878458,955.8029003221801,994.4522500000002,1024.297409998583,1034.7147569241451,1048.4648642058705,1062.1284357324264,950.6638252404312,786.72,732.0971500000002,725.17975,704.2633333333334,763.4541333333334,772.2296166666666,190.17323333333252,0.0,0.0,0.0,0.0,0.0,0.0,0.0,0.0,0.0,0.0,0.0,764.0966666666667,785.1648,764.5565166666667,746.3766666666666,779.5031166666668,711.4850500000001,564.9499999999999,556.8785999999999,1414.072133333333,592.155,594.3175666666666,584.3066166666666,577.49,606.9726666666666,1333.2056429681238,599.2766666666668,645.7877666666667,0.00039986248663429077,0.0,587.7753833333334
2025-01-29,1436.2286666666669,1437.6266666666668,813.2119172839512,1459.7828166666668,1531.6999999999998,1505.0799000000002,1509.1548833333334,1505.1966666666667,1499.3355666666666,646.3788333333334,693.7499999999999,656.8392833333335,1499.3021833333332,688.7816666666666,669.9627166666667,679.6211166666667,710.29,689.9820999999998,1523.8905333333332,1566.4083333333333,704.4361333333335,715.7590333333335,728.2983333333333,735.1496833333334,739.2597666666666,762.6516666666666,756.6769833333334,709.6810666666668,676.8966666666666,742.10715,803.4402500000001,773.7950000000002,738.184,1612.9342666666666,902.4233333333332,943.677800533969,103.0380110356623,890.3362640610134,902.4853306073738,908.2014599330371,592.203647935699,815.2610227955411,831.929112044946,785.4315601306926,659.949842394025,1489.6824959874093,808.5465833333335,0.0,0.0,0.0,0.0,0.0,0.0,0.0,0.0,0.0,0.0,0.0,0.0,0.0,0.0,0.0,0.0,0.0,0.0,1023.5147587023318,1037.2794722613007,1079.8821755804768,1060.1543107756888,975.4553814741688,897.3305000000004,900.2716045203941,914.3342999685852,908.2378833016741,918.698923564035,921.78686691959,939.5901500000002,97.4781484417382,63.97029689933504,64.24225843807801,78.29863018937147,204.14653218918136,0.0,0.0,0.0,0.0,0.0,0.0,0.0,1248.9134583308655,1279.5952368957564,504.3320964094362,573.3873670281409,600.5972299137587,614.8228499999999,1535.368598369123,775.7174914159175,842.5974698135099,911.4502726398323,963.727779593804,1013.2915833333334,1051.2633892621536,1054.217251862997,1057.260617604656,1076.731298480312,948.5011914676759,752.7133333333334,706.7812333333336,738.2696333333333,736.6850000000001,799.8490333333333,805.6949833333333,474.1538333333333,0.0,0.0,0.0,0.0,0.0,0.0,0.0,0.0,0.0,0.0,0.0,764.9849999999999,786.9958166666668,776.9622166666667,792.4166666666667,824.2259333333333,751.2852833333335,603.9499999999999,583.3038999999999,1448.6438333333335,631.0633333333333,517.0301666666668,605.4459999999999,650.7033333333333,619.4844333333333,605.0623833333333,610.7066666666667,601.0451833333333,595.3476833333334,618.1899999999999,0.0
2025-01-30,615.0833666666667,1463.3266666666668,1487.8945833333332,1491.19765,672.985,647.4463333333333,668.4891333333334,689.8566666666667,686.2604833333334,671.3599333333334,1546.7816666666668,1483.3327166666668,1465.2395000000001,1462.445,1475.4964166666668,965.3403137860066,734.5066666666667,706.0005666666665,668.4721166666666,716.4233333333334,1542.944766666667,724.7274166666667,723.6016666666667,719.7083833333332,699.7518166666667,687.4999999999999,741.5548833333335,767.3262000000002,735.54,703.4332166666667,744.7318,764.0333333333334,744.4710666666666,1618.2776166666667,907.5899999999999,937.0987131665692,100.28149201972045,915.3045986574666,898.0172058162569,902.9797176846982,884.2072333333334,847.0757090669938,799.9309702739002,772.6970098982642,886.9911521714604,1582.6658299497708,955.4441833333333,76.09486548563325,0.0,0.0,0.0,0.0,0.0,0.0,0.0,0.0,247.05964612838784,0.0,0.0,0.0,0.0,0.0,0.0,0.0,179.9911333333331,988.0765362103701,998.9501290916293,994.5768481009137,971.3021032409512,892.9408826925413,811.0137833333337,822.739565463579,840.5539175052775,857.3161914536471,812.4170399073906,809.9997039230416,858.6301166666667,0.0,0.0,89.50136197246547,84.46146322758148,141.72469683804263,0.0,0.0,0.0,0.0,0.0,0.0,0.0,1238.0624728206137,1259.022944605883,1308.7989810165075,1383.1575484494356,677.2064617538474,658.3249833333333,704.9254382988914,771.9017776176933,852.8526565351387,897.4301529364598,963.40055040803,1036.6400333333333,1032.9508262540485,1019.9426908340668,1063.8280032225694,1092.1284652662357,945.1850347919807,737.1216666666668,721.9444000000003,757.7643666666667,733.5633333333333,749.9280166666668,776.065,387.4311999999983,0.0,0.0,0.0,0.0,0.0,0.0,0.0,0.0,0.0,0.0,0.0,769.4683333333334,765.0641833333334,756.4390666666667,774.9549999999999,766.3921999999999,703.3283166666666,619.2866666666666,589.7951666666667,1443.4278,637.3583333333333,596.4997,604.2434166666666,618.8483333333334,566.3731666666666,530.2359833333334,0.0,654.19395,571.7950166666667,461.73999999999995,422.73320000000007
2025-01-31,1263.3601500000002,1288.72,1337.4837,1337.2347666666667,501.18499999999995,1329.8975166666667,496.5481166666667,494.0216666666667,1350.7547333333332,506.3133500000001,535.6233333333333,537.7160333333335,549.3325499999999,539.7233333333334,548.5865333333334,1051.7923387263454,578.9,551.7714000000001,1347.1174166666665,1355.525,1370.3547333333336,536.1277333333334,534.155,562.6097666666667,574.0634166666666,567.0550000000001,591.7115500000001,591.3780166666668,554.16,560.4284333333333,576.78215,557.2616666666667,1435.2325833333334,1426.9014166666666,0.0,0.0,0.0,0.0,0.0,0.0,0.0,0.0,0.0,0.0,0.0,0.0,0.0,0.0,0.0,0.0,0.0,0.0,0.0,0.0,0.0,0.0,0.0,0.0,0.0,0.0,0.0,0.0,0.0,0.0,0.0,0.0,446.66968825149445,0.0,432.03301759934334,377.5766075831284,356.5530166666664,0.0,378.4062445651276,466.61920980426135,0.0,466.0606020633336,0.0,0.0,0.0,0.0,0.0,0.0,0.0,0.0,0.0,0.0,0.0,0.0,0.0,55.82834293273004,256.5524121790254,176.55401657845005,213.7048021294488,234.57582406414525,274.9831333333334,306.9210192898956,331.16786269737264,364.04809920003595,435.852075030186,423.4065946002448,369.8451166666666,446.2570533436171,489.0710906834522,463.04417214597015,464.47495502880395,459.9635435432279,446.2366666666668,0.0,0.0,25.809449999999742,0.0,0.0,0.0,0.0,0.0,0.0,0.0,0.0,0.0,0.0,0.0,0.0,0.0,0.0,0.0,487.8635166666666,485.80655,535.7483333333333,536.5193333333335,468.27558333333343,393.41166666666663,1255.7016333333333,1290.9899500000001,0.0,0.0,451.6531499999999,461.425,429.5580999999999,0.0,419.7766666666668,1297.773849342676,263.8299243657664,0.0,467.91596666666675
2025-02-01,1296.6215166666666,1312.3283333333334,1330.60465,1341.3707000000002,1339.605,1346.4384166666669,501.4538833333333,1329.035,1345.8897666666667,518.1743833333333,529.9499999999998,1357.1984500000003,1377.8864833333332,1327.8078820739663,510.54980000000006,526.0130999999999,537.6183333333333,547.6602833333333,538.6267166666667,529.6366666666667,526.9667833333335,536.8605166666666,558.1199999999999,548.2086499999999,548.7835833333334,572.0766666666667,578.2019166666668,579.4868666666667,569.775,545.7249999999999,565.3349000000001,587.195,616.1834333333333,591.5039166666668,0.0,0.0,0.0,0.0,0.0,0.0,0.0,0.0,0.0,0.0,0.0,0.0,0.0,0.0,0.0,0.0,0.0,0.0,0.0,0.0,0.0,0.0,0.0,0.0,0.0,0.0,0.0,0.0,0.0,0.0,0.0,417.3120749770697,428.7710789782533,0.0,0.0,0.0,0.0,0.0,563.2748935603682,516.0592865104569,540.5437776105335,578.2709261948738,0.0,0.0,0.0,0.0,0.0,0.0,0.0,0.0,0.0,0.0,0.0,0.0,0.0,226.7457574570248,822.8900807073551,304.8329677970647,337.8622176903881,391.6974738568297,438.0933833333334,428.3304756339278,446.2723181506282,490.08636882147766,510.0053391811672,468.9470459447183,432.46641666666665,453.05438187185996,469.96216652712155,466.07866944264754,463.9485572005815,467.13792153256287,477.9283333333333,0.0,0.0,0.0,0.0,256.93809999999957,0.0,0.0,0.0,0.0,0.0,0.0,0.0,0.0,0.0,0.0,0.0,0.0,0.0,516.8358166666667,486.8260833333334,471.3283333333332,502.7862000000002,497.74545000000006,463.50333333333333,1257.94125,1266.5305333333333,1302.3433333333335,1284.2035833333334,1270.622,1267.6950000000002,1243.8676,1260.499,1294.5666666666668,450.75023333333337,506.7263333333334,1422.3046572546173,616.6141833333334
