date,same_plan_initial_soc_kwh,planned_cost,ldr_emergency_cost,beta1_emergency_cost,beta0_emergency_cost,ldr_total_cost,beta1_total_cost,beta0_total_cost,ldr_final_soc_kwh,beta1_final_soc_kwh,beta0_final_soc_kwh
2025-01-02,6000.0,71012.97361598053,9742.260166039516,9742.260166039516,9274.264946501331,80755.23378202005,80755.23378202005,80287.23856248186,1365.1683916666666,1365.1683916666666,1365.1683916666666
2025-01-03,1365.1683916666666,57642.25717075377,0.0,0.0,0.0,57642.25717075377,57642.25717075377,57642.25717075377,7928.118779814818,7928.118779814818,7928.118779814818
2025-01-04,7928.118779814818,20564.59042102546,3564.10495385608,3564.10495385608,2840.821546211597,24128.69537488154,24128.69537488154,23405.411967237058,1200.0,1200.0,1200.0
2025-01-05,1200.0,30816.396563085385,244445.9896481392,244445.9896481392,262212.4831452587,275262.3862112246,275262.3862112246,293028.87970834406,1200.0,1200.0,1200.0
2025-01-06,1200.0,73614.1131106291,6525.171700464847,6525.171700464847,5167.561855261673,80139.28481109395,80139.28481109395,78781.67496589078,1315.5818699999998,1315.5818699999998,1315.5818699999998
2025-01-07,1315.5818699999998,72626.82845079698,15087.526714962574,15087.526714962574,15325.686805651976,87714.35516575955,87714.35516575955,87952.51525644895,1453.073751851853,1453.073751851853,1230.899677777778
2025-01-08,1453.073751851853,72513.12176687349,2869.377254172796,2869.377254172796,3282.6558275923435,75382.49902104629,75382.49902104629,75795.77759446584,1539.2498677777792,1539.2498677777792,1533.5991825925946
2025-01-09,1539.2498677777792,74580.9593993777,669.6593918511917,669.6593918511917,0.0,75250.61879122889,75250.61879122889,74580.9593993777,1714.080101851853,1714.080101851853,1687.302861111112
2025-01-10,1714.080101851853,23530.46399410918,1572.8192697742859,1572.8192697742859,0.0,25103.283263883466,25103.283263883466,23530.46399410918,1585.1024699051225,1585.1024699051225,1460.5010953019473
2025-01-11,1585.1024699051225,24194.042626174094,598.0500992685659,598.0500992685659,0.0,24792.09272544266,24792.09272544266,24194.042626174094,1736.872635010583,1736.872635010583,1711.7140873915346
2025-01-12,1736.872635010583,75624.61994114178,684.85143341857,684.85143341857,0.0,76309.47137456035,76309.47137456035,75624.61994114178,1773.3279790740742,1773.3279790740742,1739.056501296296
2025-01-13,1773.3279790740742,74018.52404093803,1277.308917028323,1277.308917028323,0.0,75295.83295796636,75295.83295796636,74018.52404093803,1332.9067028148158,1332.9067028148158,1285.7107361481496
2025-01-14,1332.9067028148158,73685.9484801841,1199.6759802441666,1199.6759802441666,0.0,74885.62446042827,74885.62446042827,73685.9484801841,1324.0570981481492,1324.0570981481492,1324.0570981481492
2025-01-15,1324.0570981481492,73355.99133802805,4212.767101521436,4212.767101521436,936.7368779980822,77568.75843954948,77568.75843954948,74292.72821602612,1451.6706355451518,1451.6706355451518,1451.6706355451518
2025-01-16,1451.6706355451518,73516.06933341859,3439.522413924546,3439.522413924546,1089.8846953083316,76955.59174734313,76955.59174734313,74605.95402872692,1725.6325397037037,1725.6325397037037,1725.6325397037037
2025-01-17,1725.6325397037037,23776.13894707217,294.23013750167024,294.23013750167024,0.0,24070.36908457384,24070.36908457384,23776.13894707217,1763.8967797724877,1763.8967797724877,1729.2744131058214
2025-01-18,1763.8967797724877,23859.86904014052,800.0560564423748,800.0560564423748,0.0,24659.925096582894,24659.925096582894,23859.86904014052,1968.8171069523814,1968.8171069523814,1909.658900359791
2025-01-19,1968.8171069523814,72318.75792946547,2334.611019132527,2334.611019132527,0.0,74653.368948598,74653.368948598,72318.75792946547,1808.556613333332,1808.556613333332,1808.556613333332
2025-01-20,1808.556613333332,72545.359859786,2991.109600950487,2991.109600950487,362.47812841904715,75536.46946073648,75536.46946073648,72907.83798820505,2171.875470000003,2171.875470000003,2066.646907037039
2025-01-21,2171.875470000003,71041.05597702105,332.3821394988104,332.3821394988104,0.0,71373.43811651986,71373.43811651986,71041.05597702105,2388.6439247777776,2388.6439247777776,2388.6439247777776
2025-01-22,2388.6439247777776,71371.27408221515,1058.797267655608,1058.797267655608,0.0,72430.07134987076,72430.07134987076,71371.27408221515,1765.4376082592605,1765.4376082592605,1690.6272087883624
2025-01-23,1765.4376082592605,72632.67229803931,3979.0493555955845,3979.0493555955845,88.36664205875437,76611.7216536349,76611.7216536349,72721.03894009806,1985.9185464281811,1985.9185464281811,1602.9462464281796
2025-01-24,1985.9185464281811,22304.603101156004,414.3103611333262,414.3103611333262,0.0,22718.91346228933,22718.91346228933,22304.603101156004,2181.964815925923,2181.964815925923,2153.789466719576
2025-01-25,2181.964815925923,21873.487596941424,70.14762414641962,70.14762414641962,0.0,21943.635221087843,21943.635221087843,21873.487596941424,2107.147290518521,2107.147290518521,2095.6234042751366
2025-01-26,2107.147290518521,70142.83856818364,792.5095697810434,792.5095697810434,0.0,70935.34813796468,70935.34813796468,70142.83856818364,1963.8473898624352,1963.8473898624352,1960.9149803386254
2025-01-27,1963.8473898624352,69350.1903191122,471.572109347616,471.572109347616,0.0,69821.76242845981,69821.76242845981,69350.1903191122,1692.0555604285719,1692.0555604285719,1692.0555604285719
2025-01-28,1692.0555604285719,68295.78466908656,2766.9158732007345,2766.9158732007345,0.0,71062.70054228729,71062.70054228729,68295.78466908656,1625.3136075714403,1625.3136075714403,1603.9171186825517
2025-01-29,1625.3136075714403,68717.2783456959,0.0,91.42280356071383,0.0,68717.2783456959,68808.70114925661,68717.2783456959,2381.5342536507924,2381.5342536507924,2381.5342536507924
2025-01-30,2381.5342536507924,67704.33156768171,0.0,1045.255682984531,0.0,67704.33156768171,68749.58725066624,67704.33156768171,1833.1378673015854,1953.2695392592589,1833.1378673015854
2025-01-31,1833.1378673015854,20742.192062334536,0.0,493.0074337761931,0.0,20742.192062334536,21235.19949611073,20742.192062334536,2197.4519697354485,2240.696414179893,2197.4519697354485
2025-02-01,2197.4519697354485,19425.256852445564,0.0,248.10379252380932,0.0,19425.256852445564,19673.360644969373,19425.256852445564,2636.903324708997,2636.903324708997,2636.903324708997
2025-02-02,2636.903324708997,64219.45069187173,0.0,81.71609916666674,0.0,64219.45069187173,64301.1667910384,64219.45069187173,2500.229029947094,2500.229029947094,2500.229029947094
2025-02-03,2500.229029947094,63966.75974478416,0.0,529.8611614273821,0.0,63966.75974478416,64496.620906211545,63966.75974478416,2438.6923393386246,2438.6923393386246,2438.6923393386246
2025-02-04,2438.6923393386246,64505.67347964643,0.0,1729.2197896157572,0.0,64505.67347964643,66234.89326926219,64505.67347964643,2397.6425940476183,2397.6425940476183,2397.6425940476183
2025-02-05,2397.6425940476183,63702.93956099251,0.0,520.2011536773801,0.0,63702.93956099251,64223.14071466989,63702.93956099251,2168.1985894708996,2168.5319228042335,2168.1985894708996
2025-02-06,2168.1985894708996,64869.012077611056,91.4762744190477,100.32306341904798,91.4762744190477,64960.4883520301,64969.335141030104,64960.4883520301,2217.6556684763154,2218.3945573652045,2217.6556684763154
2025-02-07,2217.6556684763154,18451.110149973352,0.0,0.0,0.0,18451.110149973352,18451.110149973352,18451.110149973352,1830.816638465607,1830.816638465607,1830.816638465607
2025-02-08,1830.816638465607,16880.36967305708,0.0,130.63907023214801,0.0,16880.36967305708,17011.00874328923,16880.36967305708,1863.746729259256,1882.9289080952371,1863.746729259256
2025-02-09,1863.746729259256,59884.19598349309,0.0,1068.0569452595214,0.0,59884.19598349309,60952.25292875261,59884.19598349309,1671.659856878309,1707.2170896825398,1671.659856878309
2025-02-10,1671.659856878309,59488.5037349256,0.0,10.883375000000118,0.0,59488.5037349256,59499.3871099256,59488.5037349256,1682.072861693121,1682.072861693121,1682.072861693121
2025-02-11,1682.072861693121,58401.47798099255,28.397929200000082,28.397929200000082,28.397929200000082,58429.87591019255,58429.87591019255,58429.87591019255,1610.1516260317444,1610.1516260317444,1610.1516260317444
2025-02-12,1610.1516260317444,57626.625480595874,0.0,132.5603947952496,0.0,57626.625480595874,57759.18587539112,57626.625480595874,1604.0954840740708,1609.547973492063,1604.0954840740708
2025-02-13,1604.0954840740708,57066.2538151826,0.0,281.9391597554511,0.0,57066.2538151826,57348.19297493805,57066.2538151826,1757.3726467460353,1757.3726467460353,1757.3726467460353
2025-02-14,1757.3726467460353,15622.598931793063,0.0,745.1263038333402,0.0,15622.598931793063,16367.725235626403,15622.598931793063,1762.0464393121692,1947.1391086243375,1762.0464393121692
2025-02-15,1762.0464393121692,15831.699451120061,0.0,490.30135661094863,0.0,15831.699451120061,16322.00080773101,15831.699451120061,1402.610805634919,1416.2022315608451,1402.610805634919
2025-02-16,1402.610805634919,55381.04387144787,0.0,1407.4322408535436,0.0,55381.04387144787,56788.47611230142,55381.04387144787,1547.8646205291047,1565.8525873280473,1547.8646205291047
2025-02-17,1547.8646205291047,54459.278512163146,0.0,627.433538744041,0.0,54459.278512163146,55086.71205090719,54459.278512163146,1628.9952873280433,1681.508356111113,1628.9952873280433
2025-02-18,1628.9952873280433,53725.880681172566,0.0,279.3951751238085,0.0,53725.880681172566,54005.27585629637,53725.880681172566,1860.4561543121715,1905.1126146296326,1860.4561543121715
2025-02-19,1860.4561543121715,52732.79455864586,196.09633499999984,570.5408044490009,196.09633499999984,52928.89089364586,53303.33536309486,52928.89089364586,1330.150400291005,1330.150400291005,1330.150400291005
2025-02-20,1330.150400291005,53618.853239031385,6.735872791665675,746.922213051189,6.735872791665675,53625.58911182305,54365.77545208258,53625.58911182305,1663.0022790211706,1745.4009278042367,1663.0022790211706
2025-02-21,1663.0022790211706,15355.090440459859,0.0,155.56253708809552,0.0,15355.090440459859,15510.652977547954,15355.090440459859,1678.1423524338647,1706.907595820107,1678.1423524338647
2025-02-22,1678.1423524338647,15343.337651991005,0.0,578.4652192142856,0.0,15343.337651991005,15921.802871205291,15343.337651991005,1838.7078626658263,1939.9917700732371,1838.7078626658263
2025-02-23,1838.7078626658263,52080.71943173898,22.695742714286258,289.6861938428615,22.695742714286258,52103.415174453265,52370.40562558184,52103.415174453265,1624.280640079364,1644.0774548941797,1624.280640079364
2025-02-24,1624.280640079364,51503.65910582917,217.3102404654755,946.9635178833363,217.3102404654755,51720.969346294645,52450.6226237125,51720.969346294645,1802.3950637301562,1894.262318518516,1802.3950637301562
2025-02-25,1802.3950637301562,50615.30414763618,0.0,63.00566228666657,0.0,50615.30414763618,50678.30980992285,50615.30414763618,1574.7909196825403,1574.7909196825403,1574.7909196825403
2025-02-26,1574.7909196825403,50972.172999706425,0.0,1637.5661206338325,0.0,50972.172999706425,52609.73912034026,50972.172999706425,2007.5465062433866,2259.432166058202,2007.5465062433866
2025-02-27,2007.5465062433866,48568.000075851596,0.0,908.9959812065636,0.0,48568.000075851596,49476.99605705816,48568.000075851596,1838.1420158730161,1848.2020529100537,1838.1420158730161
2025-02-28,1838.1420158730161,14622.039919919178,0.0,23.22037916666659,0.0,14622.039919919178,14645.260299085845,14622.039919919178,1784.436673174066,1784.436673174066,1784.436673174066
2025-03-01,1784.436673174066,14652.945739823597,0.0,371.7017600178542,0.0,14652.945739823597,15024.647499841452,14652.945739823597,1868.847168359795,1868.847168359795,1868.847168359795
2025-03-02,1868.847168359795,49326.72588695216,15184.012012013773,14774.218868688635,15184.905289309701,64510.737898965934,64100.9447556408,64511.631176261864,1518.443331111111,1794.3520453968258,1518.443331111111
2025-03-03,1518.443331111111,49685.95855724475,8714.337557667057,9866.731771793136,10675.74351857709,58400.296114911805,59552.69032903788,60361.702075821835,1501.5711505555555,1706.8096593121709,1501.5711505555555
2025-03-04,1501.5711505555555,50887.746582499014,0.0,148.9663336671435,0.0,50887.746582499014,51036.71291616616,50887.746582499014,1807.1899039947073,1807.1899039947073,1807.1899039947073
2025-03-05,1807.1899039947073,50461.65578176252,0.0,0.0,0.0,50461.65578176252,50461.65578176252,50461.65578176252,1732.6186086155556,1732.6186086155556,1732.6186086155556
2025-03-06,1732.6186086155556,50726.27688442398,0.0,363.0510973214296,0.0,50726.27688442398,51089.32798174542,50726.27688442398,1784.0620952116453,1800.7083915079404,1784.0620952116453
2025-03-07,1784.0620952116453,14237.986243941381,0.0,122.29756367738037,0.0,14237.986243941381,14360.283807618762,14237.986243941381,1950.4522808801435,1950.4522808801435,1950.4522808801435
2025-03-08,1950.4522808801435,13634.617436642515,0.0,306.07876359167335,0.0,13634.617436642515,13940.696200234188,13634.617436642515,2019.6666849735495,2065.5463146031807,2019.6666849735495
2025-03-09,2019.6666849735495,47590.467010490174,0.0,0.0,0.0,47590.467010490174,47590.467010490174,47590.467010490174,1923.224944867728,1923.224944867728,1923.224944867728
2025-03-10,1923.224944867728,47921.060266174914,0.0,475.6092257682996,0.0,47921.060266174914,48396.66949194321,47921.060266174914,1811.233262513231,1826.934812777781,1811.233262513231
2025-03-11,1811.233262513231,46889.81835367039,0.0,920.0861568892842,0.0,46889.81835367039,47809.904510559674,46889.81835367039,2067.596677962962,2160.8187946825387,2067.596677962962
2025-03-12,2067.596677962962,45692.148077173195,0.0,812.5935687009103,0.0,45692.148077173195,46504.741645874106,45692.148077173195,1677.230568465605,1739.0408077248678,1677.230568465605
2025-03-13,1677.230568465605,46030.603327473116,3612.2621808636413,6305.477034483898,3953.243310273215,49642.865508336756,52336.080361957014,49983.846637746334,1611.5120146296306,1718.2163294444456,1611.5120146296306
2025-03-14,1611.5120146296306,12768.630430053421,0.0,244.68501802857244,0.0,12768.630430053421,13013.315448081994,12768.630430053421,1977.8227485449759,1994.129031164023,1977.8227485449759
2025-03-15,1977.8227485449759,13119.97592832051,0.0,232.54300299165212,0.0,13119.97592832051,13352.518931312161,13119.97592832051,1343.867698835982,1381.0909580952393,1343.867698835982
2025-03-16,1343.867698835982,45337.03819143857,0.0,2116.272157884831,0.0,45337.03819143857,47453.3103493234,45337.03819143857,1999.4951005820126,2029.4749477248693,1999.4951005820126
2025-03-17,1999.4951005820126,43957.24121710798,0.0,93.3013136309562,0.0,43957.24121710798,44050.54253073893,43957.24121710798,2144.8988776190454,2144.8988776190454,2144.8988776190454
2025-03-18,2144.8988776190454,43240.43382930732,0.0,2243.813600377382,0.0,43240.43382930732,45484.24742968471,43240.43382930732,1787.453220899474,1787.453220899474,1787.453220899474
2025-03-19,1787.453220899474,43137.501476139376,0.0,163.29220020476433,0.0,43137.501476139376,43300.79367634414,43137.501476139376,2296.780361507935,2296.780361507935,2296.780361507935
2025-03-20,2296.780361507935,44071.65780624828,0.0,999.9381423297646,0.0,44071.65780624828,45071.59594857805,44071.65780624828,2095.2038284126993,2121.310019365081,2095.2038284126993
2025-03-21,2095.2038284126993,12644.199768222936,0.0,32.0121962999999,0.0,12644.199768222936,12676.211964522936,12644.199768222936,1679.6765605820128,1679.6765605820128,1679.6765605820128
2025-03-22,1679.6765605820128,13006.061776121573,0.0,0.0,0.0,13006.061776121573,13006.061776121573,13006.061776121573,2400.552368518517,2400.552368518517,2400.552368518517
2025-03-23,2400.552368518517,41052.61043455618,0.0,226.37561948809577,0.0,41052.61043455618,41278.98605404428,41052.61043455618,1763.200625014274,1763.200625014274,1763.200625014274
2025-03-24,1763.200625014274,40724.91649698126,0.0,1454.4900045214197,0.0,40724.91649698126,42179.40650150268,40724.91649698126,1844.6452651322757,1859.4949238624336,1844.6452651322757
2025-03-25,1844.6452651322757,40452.20044382065,0.0,1016.1269788071484,0.0,40452.20044382065,41468.3274226278,40452.20044382065,1588.9895863227543,1588.9895863227543,1588.9895863227543
2025-03-26,1588.9895863227543,40139.66089440925,0.0,46.48422753333314,0.0,40139.66089440925,40186.14512194259,40139.66089440925,1733.6713707142887,1733.6713707142887,1733.6713707142887
2025-03-27,1733.6713707142887,40024.74224157944,0.0,647.4881697666652,0.0,40024.74224157944,40672.23041134611,40024.74224157944,1789.4520919755223,1789.4520919755223,1789.4520919755223
2025-03-28,1789.4520919755223,12417.467622260758,0.0,5.393864271428204,0.0,12417.467622260758,12422.861486532185,12417.467622260758,2063.027259841271,2064.824855079366,2063.027259841271
2025-03-29,2063.027259841271,12119.310927358758,0.0,319.28453407261696,0.0,12119.310927358758,12438.595461431374,12119.310927358758,1766.3170001058238,1797.0577607936552,1766.3170001058238
2025-03-30,1766.3170001058238,38529.88709925498,0.0,1314.80609516459,0.0,38529.88709925498,39844.69319441957,38529.88709925498,1993.6159252910059,2037.2948353439153,1993.6159252910059
2025-03-31,1993.6159252910059,38454.878381474686,145.9570769860283,2369.182577204756,145.9570769860283,38600.835458460715,40824.060958679445,38600.835458460715,1703.4959036735477,2056.2966020333374,1703.4959036735477
2025-04-01,1703.4959036735477,40021.85136565112,1599.379267134177,2578.4383044686538,1867.8149726118934,41621.2306327853,42600.289670119775,41889.666338263014,1725.7540698148148,1978.9939454761932,1725.7540698148148
2025-04-02,1725.7540698148148,39128.60516543401,7120.612971507132,7664.835403188076,7120.612971507132,46249.21813694114,46793.440568622085,46249.21813694114,1806.695506904767,1843.063223835981,1806.695506904767
2025-04-03,1806.695506904767,39807.30931414309,0.0,442.64258339167134,0.0,39807.30931414309,40249.95189753476,39807.30931414309,1837.9342894712922,1857.1635209527744,1837.9342894712922
2025-04-04,1837.9342894712922,11688.489371624524,0.0,71.40595095327387,0.0,11688.489371624524,11759.895322577799,11688.489371624524,1908.8953704232795,1908.8953704232795,1908.8953704232795
2025-04-05,1908.8953704232795,11871.425645308678,0.0,279.5363163988096,0.0,11871.425645308678,12150.961961707488,11871.425645308678,1792.699860000001,1881.8225160846564,1792.699860000001
2025-04-06,1792.699860000001,39157.24198188023,0.0,150.82332954047635,0.0,39157.24198188023,39308.06531142071,39157.24198188023,1814.5279856084685,1814.5279856084685,1814.5279856084685
2025-04-07,1814.5279856084685,37997.004329238756,0.0,119.37506501547817,0.0,37997.004329238756,38116.37939425423,37997.004329238756,1673.7022156349217,1690.7848346825417,1673.7022156349217
2025-04-08,1673.7022156349217,38540.898299352724,0.0,2715.5748849071515,0.0,38540.898299352724,41256.47318425988,38540.898299352724,1411.88442126984,1669.4501864285744,1411.88442126984
2025-04-09,1411.88442126984,38350.71605912513,2705.344519229785,4200.571000380692,3345.921900201776,41056.06057835492,42551.28705950582,41696.63795932691,1494.3906825309862,1765.8489985449744,1394.1787287037034
2025-04-10,1494.3906825309862,38447.07971880668,0.0,1298.022588998806,0.0,38447.07971880668,39745.102307805486,38447.07971880668,1792.9671722639168,2009.224291814181,1792.9671722639168
2025-04-11,1792.9671722639168,11457.0831325838,0.0,112.39210498928834,0.0,11457.0831325838,11569.47523757309,11457.0831325838,1803.7491865343877,1827.3544722486754,1803.7491865343877
2025-04-12,1803.7491865343877,11292.680556483432,0.0,180.25499906785709,0.0,11292.680556483432,11472.935555551288,11292.680556483432,2165.717507433861,2203.130541825396,2165.717507433861
2025-04-13,2165.717507433861,37596.83855627817,0.0,1338.6478186631052,0.0,37596.83855627817,38935.486374941276,37596.83855627817,1821.5231821164025,1986.783586507937,1821.5231821164025
2025-04-14,1821.5231821164025,36989.983743414086,66.4478036071483,474.9130471083406,66.4478036071483,37056.43154702123,37464.89679052243,37056.43154702123,1737.077578149024,1792.2234908474386,1737.077578149024
2025-04-15,1737.077578149024,36946.21023241418,0.0,148.18577817857084,0.0,36946.21023241418,37094.396010592754,36946.21023241418,2147.14883246032,2147.14883246032,2147.14883246032
2025-04-16,2147.14883246032,37269.87985310569,0.0,249.20339589881596,0.0,37269.87985310569,37519.08324900451,37269.87985310569,1992.9259541005283,1992.9259541005283,1992.9259541005283
2025-04-17,1992.9259541005283,36766.01994450072,0.0,237.86341699762073,0.0,36766.01994450072,37003.88336149834,36766.01994450072,2048.43085484127,2048.43085484127,2048.43085484127
2025-04-18,2048.43085484127,11286.2928460856,0.0,0.0,0.0,11286.2928460856,11286.2928460856,11286.2928460856,2333.7628053703716,2333.7628053703716,2333.7628053703716
2025-04-19,2333.7628053703716,11103.102154469014,0.0,52.673634732142915,0.0,11103.102154469014,11155.775789201156,11103.102154469014,2109.183779841268,2109.183779841268,2109.183779841268
2025-04-20,2109.183779841268,36191.70969914818,0.0,245.78384957261957,0.0,36191.70969914818,36437.4935487208,36191.70969914818,2111.309989847487,2111.309989847487,2111.309989847487
2025-04-21,2111.309989847487,36097.04668804919,0.0,265.6651788273815,0.0,36097.04668804919,36362.71186687657,36097.04668804919,1783.2522657634122,1823.4353424829892,1783.2522657634122
2025-04-22,1783.2522657634122,35849.29947611799,0.0,681.9101422892861,0.0,35849.29947611799,36531.20961840727,35849.29947611799,1808.1560689682535,1808.1560689682535,1808.1560689682535
2025-04-23,1808.1560689682535,36426.60877742115,0.0,213.810244519051,0.0,36426.60877742115,36640.4190219402,36426.60877742115,2141.4884714285677,2159.923656613754,2141.4884714285677
2025-04-24,2141.4884714285677,35052.444781350496,0.0,344.77198222618927,0.0,35052.444781350496,35397.21676357668,35052.444781350496,1862.6684706878318,1882.8215130158737,1862.6684706878318
2025-04-25,1862.6684706878318,10403.960301587224,0.0,38.969082871428675,0.0,10403.960301587224,10442.929384458652,10403.960301587224,1682.8652083333343,1682.8652083333343,1682.8652083333343
2025-04-26,1682.8652083333343,10502.035259128832,0.0,551.4763851517729,0.0,10502.035259128832,11053.511644280605,10502.035259128832,1605.449249444447,1752.676106428576,1605.449249444447
2025-04-27,1605.449249444447,32948.458444721546,3869.6672800417045,3664.0662267706166,4032.1297261997343,36818.12572476325,36612.52467149216,36980.58817092128,1529.3225094444444,1769.1468780158718,1529.3225094444444
2025-04-28,1529.3225094444444,34656.76604971502,18413.851658419208,19745.67640184837,19814.363059686748,53070.61770813423,54402.44245156339,54471.129109401765,1725.7195729629627,1963.657968201058,1725.7195729629627
2025-04-29,1725.7195729629627,34217.87430540976,1377.533004680637,2305.6016322226315,1438.266913141689,35595.40731009039,36523.47593763239,35656.14121855145,1912.5830925925934,2143.1815589418015,1912.5830925925934
2025-04-30,1912.5830925925934,33765.8802864942,0.0,0.0,0.0,33765.8802864942,33765.8802864942,33765.8802864942,1680.3191546031742,1680.3191546031742,1680.3191546031742
2025-05-01,1680.3191546031742,34793.181775412755,11141.82258373736,11289.501495862609,11255.84490657649,45935.004359150116,46082.68327127537,46049.02668198924,1210.8405,1210.8405,1210.8405
2025-05-02,1210.8405,11204.112702225075,8326.283364717074,7537.079327135591,9046.821556507603,19530.39606694215,18741.192029360667,20250.934258732676,1200.0,1200.0,1200.0
2025-05-03,1200.0,11316.21067285973,5225.626322144238,5759.199560412857,5225.626322144238,16541.836995003967,17075.41023327259,16541.836995003967,1200.0,1220.4859616666674,1200.0
2025-05-04,1200.0,36854.2336657107,7449.858323018027,7333.5226128379745,7450.078593620114,44304.09198872873,44187.75627854867,44304.312259330814,1257.9569999999999,1257.9569999999999,1257.9569999999999
2025-05-05,1257.9569999999999,36975.73851277547,9980.732310875412,11214.803341822086,7595.411874387538,46956.47082365088,48190.541854597555,44571.150387163005,1230.6945,1230.6945,1230.6945
2025-05-06,1230.6945,37137.852003132015,6081.418394556592,7753.049096199664,6081.418394556592,43219.270397688604,44890.90109933168,43219.270397688604,1200.0,1200.0,1200.0
2025-05-07,1200.0,38040.57971192688,7503.0548855398965,7159.533305752689,7744.554572346922,45543.63459746678,45200.11301767957,45785.13428427381,1321.227009814815,1326.9681394444444,1321.227009814815
2025-05-08,1321.227009814815,41637.404461335056,0.0,1078.035668748802,0.0,41637.404461335056,42715.44013008386,41637.404461335056,3264.36368272487,3264.36368272487,3264.36368272487
2025-05-09,3264.36368272487,13684.457945468535,0.0,66.98216112033182,0.0,13684.457945468535,13751.440106588867,13684.457945468535,3276.7054976719605,3276.7054976719605,3276.7054976719605
2025-05-10,3276.7054976719605,13733.739958217706,76.81153426599002,121.88434408214371,0.0,13810.551492483695,13855.62430229985,13733.739958217706,2994.6289864021123,2994.6289864021123,2994.6289864021123
2025-05-11,2994.6289864021123,40876.437517875594,179.42644999999962,642.7398849714291,179.42644999999962,41055.86396787559,41519.177402847024,41055.86396787559,2862.3210541534404,2876.096450978837,2862.3210541534404
2025-05-12,2862.3210541534404,41331.20890228202,0.0,236.00245910714688,0.0,41331.20890228202,41567.21136138917,41331.20890228202,3207.3646112433853,3207.3646112433853,3207.3646112433853
2025-05-13,3207.3646112433853,40784.06723106797,0.0,77.64951767857292,0.0,40784.06723106797,40861.71674874655,40784.06723106797,3383.0729744973532,3383.0729744973532,3383.0729744973532
2025-05-14,3383.0729744973532,40488.45157723781,0.0,381.63487927975484,0.0,40488.45157723781,40870.086456517565,40488.45157723781,3095.7578105290995,3095.7578105290995,3095.7578105290995
2025-05-15,3095.7578105290995,40618.463653724226,0.0,1648.6261847464302,0.0,40618.463653724226,42267.08983847065,40618.463653724226,3615.902583053554,3615.902583053554,3615.902583053554
2025-05-16,3615.902583053554,12823.97208003738,0.0,0.0,0.0,12823.97208003738,12823.97208003738,12823.97208003738,2679.1148332539706,2679.1148332539706,2679.1148332539706
2025-05-17,2679.1148332539706,13334.968919061308,169.32442482142883,241.3539201880954,0.0,13504.293343882737,13576.322839249404,13334.968919061308,2893.0258813492082,2893.0258813492082,2893.0258813492082
2025-05-18,2893.0258813492082,40028.31420529956,0.0,1102.4606388007053,0.0,40028.31420529956,41130.77484410027,40028.31420529956,3304.3183897304307,3304.3183897304307,3304.3183897304307
2025-05-19,3304.3183897304307,38988.64526626456,455.9576833333333,455.9576833333333,455.9576833333333,39444.602949597895,39444.602949597895,39444.602949597895,2763.393606507937,2763.393606507937,2763.393606507937
2025-05-20,2763.393606507937,38816.96006951293,0.0,846.8174807738103,0.0,38816.96006951293,39663.77755028674,38816.96006951293,2594.929720502647,2594.929720502647,2594.929720502647
2025-05-21,2594.929720502647,39236.82737097019,0.0,890.121110541666,0.0,39236.82737097019,40126.948481511856,39236.82737097019,2890.1773835449735,2890.1773835449735,2890.1773835449735
2025-05-22,2890.1773835449735,38224.60129992,16.413304999999596,465.6659883214318,16.413304999999596,38241.014604920005,38690.26728824143,38241.014604920005,3190.3367486507923,3208.1110729629618,3190.3367486507923
2025-05-23,3190.3367486507923,12505.965525691014,75.4820912500006,75.4820912500006,0.0,12581.447616941014,12581.447616941014,12505.965525691014,3467.2715843121728,3467.2715843121728,3467.2715843121728
2025-05-24,3467.2715843121728,13050.381315488095,0.0,0.0,0.0,13050.381315488095,13050.381315488095,13050.381315488095,3377.26971822751,3377.26971822751,3377.26971822751
2025-05-25,3377.26971822751,37203.689377828196,84.90765869999919,483.47637250476714,84.90765869999919,37288.5970365282,37687.16575033296,37288.5970365282,2661.0087242952536,2661.0087242952536,2661.0087242952536
2025-05-26,2661.0087242952536,36793.976117757324,188.4353125000003,664.9647843000032,0.0,36982.41143025732,37458.94090205733,36793.976117757324,2680.665561837788,2731.996629086465,2680.665561837788
2025-05-27,2680.665561837788,37354.70414961662,0.0,127.33975406666767,0.0,37354.70414961662,37482.04390368329,37354.70414961662,2444.3379715079363,2444.3379715079363,2444.3379715079363
2025-05-28,2444.3379715079363,37042.69754085792,0.0,865.4693123163297,0.0,37042.69754085792,37908.16685317425,37042.69754085792,2562.5257574603193,2645.7993399470915,2562.5257574603193
2025-05-29,2562.5257574603193,36479.32253893085,119.26099001666701,3613.5332053085494,119.26099001666701,36598.583528947514,40092.8557442394,36598.583528947514,1797.8204506613763,1962.3290406613776,1797.8204506613763
2025-05-30,1797.8204506613763,12219.267146865777,0.0,1362.7064928654775,0.0,12219.267146865777,13581.973639731255,12219.267146865777,2001.3634417195785,2399.431499603177,2001.3634417195785
2025-05-31,2001.3634417195785,11827.495960840139,0.0,0.0,0.0,11827.495960840139,11827.495960840139,11827.495960840139,2353.0447784528897,2353.0447784528897,2353.0447784528897
2025-06-01,2353.0447784528897,41330.65248374852,67130.31059086067,61925.667842917144,73903.92482597343,108460.96307460919,103256.32032666566,115234.57730972195,1200.0,1200.0,1200.0
2025-06-02,1200.0,42628.3363925034,44956.00361855064,42288.16198948036,52708.88094893861,87584.34001105404,84916.49838198375,95337.21734144201,1200.0,1200.0,1200.0
2025-06-03,1200.0,44108.645213636395,28335.096429921734,26210.136503809954,34151.21675180936,72443.74164355813,70318.78171744634,78259.86196544576,1200.0,1200.0,1200.0
2025-06-04,1200.0,46448.92838023938,17166.041933942633,16795.413091218048,23101.76721637477,63614.97031418201,63244.341471457425,69550.69559661415,1200.0,1200.0,1200.0
2025-06-05,1200.0,49484.73190519866,13193.006286573614,15225.382001354665,15031.932181554106,62677.73819177228,64710.11390655333,64516.66408675277,1200.0,1200.0,1200.0
2025-06-06,1200.0,16131.847487369438,13885.05382130983,14795.178336174988,19092.127104046296,30016.90130867927,30927.025823544427,35223.97459141573,1217.4015,1217.4015,1217.4015
2025-06-07,1217.4015,17350.398504609322,5464.361002755895,5613.50273424395,6709.765228748751,22814.75950736522,22963.901238853272,24060.163733358073,1274.0213301851854,1327.350092407408,1274.0213301851854
2025-06-08,1274.0213301851854,62141.55366118498,0.0,0.0,0.0,62141.55366118498,62141.55366118498,62141.55366118498,3806.0545693915333,3806.0545693915333,3806.0545693915333
2025-06-09,3806.0545693915333,61290.19836576363,0.0,0.0,0.0,61290.19836576363,61290.19836576363,61290.19836576363,3884.0058847089954,3884.0058847089954,3884.0058847089954
2025-06-10,3884.0058847089954,60970.75595130335,0.0,0.0,0.0,60970.75595130335,60970.75595130335,60970.75595130335,3647.0768205555582,3647.0768205555582,3647.0768205555582
2025-06-11,3647.0768205555582,61857.561563937,0.0,2509.0704351710424,0.0,61857.561563937,64366.631999108045,61857.561563937,3793.5663563227536,3793.5663563227536,3793.5663563227536
2025-06-12,3793.5663563227536,63165.340424106835,0.0,14.597833571427648,0.0,63165.340424106835,63179.93825767826,63165.340424106835,4491.649165873015,4491.649165873015,4491.649165873015
2025-06-13,4491.649165873015,22056.444883515265,0.0,0.0,0.0,22056.444883515265,22056.444883515265,22056.444883515265,4385.482235555555,4385.482235555555,4385.482235555555
2025-06-14,4385.482235555555,22684.838448302813,0.0,0.0,0.0,22684.838448302813,22684.838448302813,22684.838448302813,4014.4769539947033,4014.4769539947033,4014.4769539947033
2025-06-15,4014.4769539947033,62134.42222321313,0.0,0.0,0.0,62134.42222321313,62134.42222321313,62134.42222321313,4171.1889724867715,4171.1889724867715,4171.1889724867715
2025-06-16,4171.1889724867715,63365.69065556058,0.0,130.9423705761926,0.0,63365.69065556058,63496.63302613678,63365.69065556058,4061.878533544971,4061.878533544971,4061.878533544971
2025-06-17,4061.878533544971,62863.567836534065,35.93527000000114,2595.065453672622,35.93527000000114,62899.503106534066,65458.633290206686,62899.503106534066,3773.1910766931233,3773.1910766931233,3773.1910766931233
2025-06-18,3773.1910766931233,64308.90105292161,0.0,0.0,0.0,64308.90105292161,64308.90105292161,64308.90105292161,4229.1099478042315,4229.1099478042315,4229.1099478042315
2025-06-19,4229.1099478042315,62039.2732500103,0.42149999999881804,314.03341992499907,0.42149999999881804,62039.6947500103,62353.3066699353,62039.6947500103,3855.655044894179,3855.655044894179,3855.655044894179
2025-06-20,3855.655044894179,21489.516658430322,0.0,0.0,0.0,21489.516658430322,21489.516658430322,21489.516658430322,4135.125512037037,4135.125512037037,4135.125512037037
2025-06-21,4135.125512037037,20960.43592499665,0.0,0.0,0.0,20960.43592499665,20960.43592499665,20960.43592499665,4809.66568843915,4809.66568843915,4809.66568843915
2025-06-22,4809.66568843915,60001.387769355635,0.0,0.0,0.0,60001.387769355635,60001.387769355635,60001.387769355635,3920.9856989418,3920.9856989418,3920.9856989418
2025-06-23,3920.9856989418,57832.59258682115,0.0,61.501469017858255,0.0,57832.59258682115,57894.09405583901,57832.59258682115,3477.6086632278825,3477.6086632278825,3477.6086632278825
2025-06-24,3477.6086632278825,57897.69274562616,5332.082503975002,12942.24572130876,0.0,63229.77524960117,70839.93846693492,57897.69274562616,3465.586289550266,3465.586289550266,2464.6028521164008
2025-06-25,3465.586289550266,55371.38419792433,59.75947243333293,0.0,0.0,55431.14367035766,55371.38419792433,55371.38419792433,2746.2606088359794,2746.2606088359794,2746.2606088359794
2025-06-26,2746.2606088359794,54607.91741900111,120.2804654309514,292.58190391072367,120.2804654309514,54728.19788443206,54900.49932291183,54728.19788443206,2352.3523057407406,2352.3523057407406,2352.3523057407406
2025-06-27,2352.3523057407406,17235.018383750066,0.0,114.11974013549977,0.0,17235.018383750066,17349.138123885565,17235.018383750066,2758.8397907142867,2758.8397907142867,2758.8397907142867
2025-06-28,2758.8397907142867,16811.3253824864,0.0,435.00485059404815,0.0,16811.3253824864,17246.330233080447,16811.3253824864,2190.9009536507947,2190.9009536507947,2190.9009536507947
2025-06-29,2190.9009536507947,53442.03364370494,114.03359506666735,1591.2321068095246,114.03359506666735,53556.06723877161,55033.26575051447,53556.06723877161,2133.0584109788397,2310.2168970899493,2133.0584109788397
2025-06-30,2133.0584109788397,53097.96576217579,550.7186721476188,2692.3339076952443,550.7186721476188,53648.684434323404,55790.299669871034,53648.684434323404,1936.9121807142835,1936.9121807142835,1936.9121807142835
2025-07-01,1936.9121807142835,58766.555429739914,21645.44109728152,27717.748335648677,21645.44109728152,80411.99652702143,86484.30376538858,80411.99652702143,1200.0,1200.0,1200.0
2025-07-02,1200.0,56981.63205228746,26467.05160861784,29466.384295494303,26467.05160861784,83448.6836609053,86448.01634778176,83448.6836609053,1200.0,1200.0,1200.0
2025-07-03,1200.0,57331.42356267275,43034.53060007149,35081.03884178606,47666.72005525763,100365.95416274425,92412.46240445881,104998.14361793039,1200.0,1200.0,1200.0
2025-07-04,1200.0,19836.959066423027,23692.50493437125,23770.206065442093,26786.991781276767,43529.46400079428,43607.16513186512,46623.950847699794,1200.0,1200.0,1200.0
2025-07-05,1200.0,20319.917201931374,20210.50648655188,20210.50648655188,24806.1550279154,40530.42368848325,40530.42368848325,45126.07222984677,1207.7429999999997,1207.7429999999997,1207.7429999999997
2025-07-06,1207.7429999999997,57951.96547480887,39523.532780960224,34842.17597866348,50873.226872458356,97475.4982557691,92794.14145347234,108825.19234726724,1200.0,1200.0,1200.0
2025-07-07,1200.0,57366.346479495274,7733.186839283063,10322.99314381464,8602.63300019484,65099.53331877834,67689.33962330992,65968.97947969011,1320.7775100000001,1320.7775100000001,1320.7775100000001
2025-07-08,1320.7775100000001,69630.87680438432,0.0,473.2675785476134,0.0,69630.87680438432,70104.14438293193,69630.87680438432,4088.73973047619,4090.3249156613756,4088.73973047619
2025-07-09,4088.73973047619,67010.65280793246,0.0,582.8834326190472,0.0,67010.65280793246,67593.5362405515,67010.65280793246,4461.667442116399,4461.667442116399,4461.667442116399
2025-07-10,4461.667442116399,68504.08622998642,0.0,0.0,0.0,68504.08622998642,68504.08622998642,68504.08622998642,4216.600382407406,4216.600382407406,4216.600382407406
2025-07-11,4216.600382407406,29561.94144549518,0.0,0.0,0.0,29561.94144549518,29561.94144549518,29561.94144549518,4342.774225978838,4342.774225978838,4342.774225978838
2025-07-12,4342.774225978838,29139.72086115124,34.160341242857,34.160341242857,0.0,29173.881202394095,29173.881202394095,29139.72086115124,4021.802577671958,4021.802577671958,4021.802577671958
2025-07-13,4021.802577671958,66383.19662307444,0.0,0.0,0.0,66383.19662307444,66383.19662307444,66383.19662307444,4348.280960317459,4348.280960317459,4348.280960317459
2025-07-14,4348.280960317459,66037.43613985441,0.0,143.80445791666796,0.0,66037.43613985441,66181.24059777109,66037.43613985441,4336.359881058202,4336.359881058202,4336.359881058202
2025-07-15,4336.359881058202,66380.52690610256,0.0,560.1526589904802,0.0,66380.52690610256,66940.67956509304,66380.52690610256,4808.647377460317,4808.647377460317,4808.647377460317
2025-07-16,4808.647377460317,65812.83814048459,0.0,858.8396759607085,0.0,65812.83814048459,66671.6778164453,65812.83814048459,4399.743940608466,4399.743940608466,4399.743940608466
2025-07-17,4399.743940608466,65490.701958951584,224.0820641406154,279.3252185273822,0.0,65714.7840230922,65770.02717747897,65490.701958951584,4332.254297804233,4332.254297804233,4332.254297804233
2025-07-18,4332.254297804233,28141.419250905245,95.80564907857195,56.461715314589895,0.0,28237.224899983816,28197.880966219833,28141.419250905245,4487.678376137567,4487.678376137567,4487.678376137567
2025-07-19,4487.678376137567,28397.869210556604,0.0,0.0,0.0,28397.869210556604,28397.869210556604,28397.869210556604,4261.2345325052365,4261.2345325052365,4261.2345325052365
2025-07-20,4261.2345325052365,64471.764937822496,0.0,0.0,0.0,64471.764937822496,64471.764937822496,64471.764937822496,4518.163170502644,4518.163170502644,4518.163170502644
2025-07-21,4518.163170502644,66871.75596595005,0.0,0.0,0.0,66871.75596595005,66871.75596595005,66871.75596595005,4589.213711190476,4589.213711190476,4589.213711190476
2025-07-22,4589.213711190476,65402.334489887624,1357.839153264199,1880.1821517940461,0.0,66760.17364315182,67282.51664168166,65402.334489887624,3903.964272010582,3903.964272010582,3903.964272010582
2025-07-23,3903.964272010582,65813.2995215251,0.0,0.0,0.0,65813.2995215251,65813.2995215251,65813.2995215251,4120.2929177513215,4120.2929177513215,4120.2929177513215
2025-07-24,4120.2929177513215,65434.01148941115,2172.265953859941,2238.462560702257,0.0,67606.27744327109,67672.47405011341,65434.01148941115,4077.167008518519,4077.167008518519,4077.167008518519
2025-07-25,4077.167008518519,25646.51468663677,50.616739761904164,50.616739761904164,0.0,25697.13142639867,25697.13142639867,25646.51468663677,3149.6684918783035,3149.6684918783035,3149.6684918783035
2025-07-26,3149.6684918783035,25939.782990721127,0.0,0.0,0.0,25939.782990721127,25939.782990721127,25939.782990721127,2843.8805167989444,2843.8805167989444,2843.8805167989444
2025-07-27,2843.8805167989444,61254.21550676634,0.0,5186.373520365631,0.0,61254.21550676634,66440.58902713197,61254.21550676634,2498.9241235449754,2527.8522452380976,2498.9241235449754
2025-07-28,2498.9241235449754,60939.668501697364,2489.6743200315914,6136.96965913163,1514.8612595949205,63429.342821728955,67076.638160829,62454.52976129229,1586.0033701316952,1859.124920291004,1437.28217425926
2025-07-29,1586.0033701316952,62742.33727643333,260.1510815833327,1507.9161161476209,260.1510815833327,63002.488358016664,64250.253392580955,63002.488358016664,2119.039473306877,2218.0720288624334,2119.039473306877
2025-07-30,2119.039473306877,63359.91032464322,56.75736373333297,719.715063454321,56.75736373333297,63416.667688376554,64079.62538809754,63416.667688376554,2363.179990925926,2363.179990925926,2363.179990925926
2025-07-31,2363.179990925926,61527.748853625526,337.6707973750019,2977.863227450588,337.6707973750019,61865.41965100053,64505.61208107611,61865.41965100053,1754.596872592595,1828.25194931217,1754.596872592595
2025-08-01,1754.596872592595,24386.12407929514,0.0,173.61375159523632,0.0,24386.12407929514,24559.737830890375,24386.12407929514,2175.6683470370417,2175.6683470370417,2175.6683470370417
2025-08-02,2175.6683470370417,24090.362461298573,0.0,409.78663732975986,0.0,24090.362461298573,24500.14909862833,24090.362461298573,2304.301806216932,2312.1962506613763,2304.301806216932
2025-08-03,2304.301806216932,58113.1859639745,1841.627856032161,1863.097236865505,1841.627856032161,59954.81382000666,59976.28320084001,59954.81382000666,1519.5371550000004,1519.5371550000004,1519.5371550000004
2025-08-04,1519.5371550000004,58136.13798012663,47.026057840477236,817.2599186416713,47.026057840477236,58183.16403796711,58953.3978987683,58183.16403796711,2043.6737498677237,2144.840056746031,2043.6737498677237
2025-08-05,2043.6737498677237,56791.18357295983,110.96688539999933,335.4040740535695,110.96688539999933,56902.15045835983,57126.5876470134,56902.15045835983,1928.5302945238093,1928.5302945238093,1928.5302945238093
2025-08-06,1928.5302945238093,56761.47860827095,269.8926422710641,5478.923557854771,310.34935637821326,57031.37125054201,62240.40216612572,57071.82796464916,1308.9295035185182,1760.865667539685,1308.9295035185182
2025-08-07,1308.9295035185182,55770.010481055884,73.69698551904752,1536.3208418107045,73.69698551904752,55843.70746657493,57306.33132286659,55843.70746657493,1945.110480502644,1945.110480502644,1945.110480502644
2025-08-08,1945.110480502644,23235.124531715985,0.0,251.8191128333335,0.0,23235.124531715985,23486.94364454932,23235.124531715985,2106.508384540093,2106.508384540093,2106.508384540093
2025-08-09,2106.508384540093,22887.84468893617,179.82864099501995,511.80951293747626,179.82864099501995,23067.67332993119,23399.654201873647,23067.67332993119,1834.948974365081,1834.948974365081,1834.948974365081
2025-08-10,1834.948974365081,55257.269095219526,74.1475000000006,956.6880627171406,74.1475000000006,55331.416595219525,56213.95715793667,55331.416595219525,2453.158934790292,2453.158934790292,2453.158934790292
2025-08-11,2453.158934790292,53509.500873986806,1119.02171234166,1518.779869151197,1119.02171234166,54628.522586328465,55028.280743138006,54628.522586328465,1953.0616202116414,1981.6231149206358,1953.0616202116414
2025-08-12,1953.0616202116414,53612.354433632616,7135.884693900414,6848.6423999928675,7243.241821697676,60748.23912753303,60460.99683362548,60855.59625533029,2027.8077150000013,2186.8953843121712,2027.8077150000013
2025-08-13,2027.8077150000013,53844.37038003614,246.88526562499828,1376.60898905952,246.88526562499828,54091.255645661135,55220.97936909566,54091.255645661135,2305.1329517460326,2404.152951746033,2305.1329517460326
2025-08-14,2305.1329517460326,53403.722301968344,1237.319675014282,2645.2917666845296,1237.319675014282,54641.041976982626,56049.014068652876,54641.041976982626,2010.4980564285686,2103.759207566138,2010.4980564285686
2025-08-15,2010.4980564285686,22832.980547413812,0.0,98.00587859132263,0.0,22832.980547413812,22930.986426005136,22832.980547413812,1994.9976198941822,1994.9976198941822,1994.9976198941822
2025-08-16,1994.9976198941822,23248.03770876446,0.0,175.46464404168717,0.0,23248.03770876446,23423.502352806147,23248.03770876446,2129.991878994708,2153.7667864021187,2129.991878994708
2025-08-17,2129.991878994708,53328.86259805477,859.1421716226157,1686.3555994047556,859.1421716226157,54188.00476967739,55015.21819745953,54188.00476967739,2227.51581314815,2227.51581314815,2227.51581314815
2025-08-18,2227.51581314815,53807.111927171805,720.9795941011935,2004.4486707011954,720.9795941011935,54528.091521272996,55811.560597873,54528.091521272996,2417.786515079366,2417.786515079366,2417.786515079366
2025-08-19,2417.786515079366,53699.87373244208,421.7700719999956,1131.0035488023696,421.7700719999956,54121.64380444207,54830.87728124445,54121.64380444207,2082.2114380158732,2082.2114380158732,2082.2114380158732
2025-08-20,2082.2114380158732,53973.9847563661,12922.053086765405,14009.185090861774,14846.541339128746,66896.0378431315,67983.16984722788,68820.52609549485,1601.1411959259253,1873.1173229100511,1601.1411959259253
2025-08-21,1601.1411959259253,54271.83366125234,0.0,1470.837826009524,0.0,54271.83366125234,55742.67148726187,54271.83366125234,2195.613176772485,2195.613176772485,2195.613176772485
2025-08-22,2195.613176772485,23120.165780626252,377.3340846400008,1951.3516016300036,377.3340846400008,23497.499865266254,25071.517382256257,23497.499865266254,1675.262957777778,1962.904838730159,1675.262957777778
2025-08-23,1675.262957777778,23351.38446287438,0.0,218.60471738095185,0.0,23351.38446287438,23569.989180255332,23351.38446287438,1975.7274286507932,1975.7274286507932,1975.7274286507932
2025-08-24,1975.7274286507932,54887.92895418464,146.56482770833253,1700.7905641083303,146.56482770833253,55034.49378189297,56588.719518292964,55034.49378189297,2331.800488783069,2421.3655673280414,2331.800488783069
2025-08-25,2331.800488783069,55329.28317967447,455.3782010365327,2774.7654325583326,224.40645550580638,55784.661380711004,58104.04861223281,55553.68963518028,1802.0893345608215,2223.096947380951,1769.5401246296292
2025-08-26,1802.0893345608215,55770.50225665197,114.1253694000005,1933.232257654763,114.1253694000005,55884.627626051966,57703.734514306736,55884.627626051966,2559.433809391533,2634.818420634919,2559.433809391533
2025-08-27,2559.433809391533,55856.21026720743,0.0,694.4537858988106,0.0,55856.21026720743,56550.664053106244,55856.21026720743,2287.419494735449,2354.032091878308,2287.419494735449
2025-08-28,2287.419494735449,56142.23647974924,1009.4572340666662,6085.914659431397,455.6994164166668,57151.693713815905,62228.15113918064,56597.93589616591,2288.0149488095253,2359.9191344444466,2288.0149488095253
2025-08-29,2288.0149488095253,24008.36039598276,0.0,167.9898318511905,0.0,24008.36039598276,24176.35022783395,24008.36039598276,2378.970473386247,2378.970473386247,2378.970473386247
2025-08-30,2378.970473386247,24013.923077286094,0.0,380.241275734527,0.0,24013.923077286094,24394.16435302062,24013.923077286094,1860.9306604497385,1860.9306604497385,1860.9306604497385
2025-08-31,1860.9306604497385,56469.11968675445,416.95544677619114,554.1167960369174,416.95544677619114,56886.07513353064,57023.23648279137,56886.07513353064,2363.084385211642,2363.084385211642,2363.084385211642
2025-09-01,2363.084385211642,50601.93145456085,0.0,0.0,0.0,50601.93145456085,50601.93145456085,50601.93145456085,5949.026198597882,5949.026198597882,5949.026198597882
2025-09-02,5949.026198597882,47916.27617403158,0.0,0.0,0.0,47916.27617403158,47916.27617403158,47916.27617403158,5648.703895238092,5648.703895238092,5648.703895238092
2025-09-03,5648.703895238092,49006.75333291672,0.0,23.640235542858022,0.0,49006.75333291672,49030.39356845958,49006.75333291672,5596.121323412697,5596.121323412697,5596.121323412697
2025-09-04,5596.121323412697,48586.65713282251,0.0,0.0,0.0,48586.65713282251,48586.65713282251,48586.65713282251,5540.436715687832,5540.436715687832,5540.436715687832
2025-09-05,5540.436715687832,19076.640114865353,0.0,0.0,0.0,19076.640114865353,19076.640114865353,19076.640114865353,5346.019594497355,5346.019594497355,5346.019594497355
2025-09-06,5346.019594497355,19857.78391876002,0.0,0.0,0.0,19857.78391876002,19857.78391876002,19857.78391876002,5860.05641708995,5860.05641708995,5860.05641708995
2025-09-07,5860.05641708995,46984.05552327911,0.0,0.0,0.0,46984.05552327911,46984.05552327911,46984.05552327911,5410.513888359788,5410.513888359788,5410.513888359788
2025-09-08,5410.513888359788,38367.33201050433,6124.134525816992,7661.059621829457,7854.9856363526305,44491.46653632132,46028.39163233379,46222.31764685696,1312.4401564814812,1675.1309223280446,1312.4401564814812
2025-09-09,1312.4401564814812,41186.21645473964,152.33542354166693,2708.9420852785684,152.33542354166693,41338.55187828131,43895.15854001821,41338.55187828131,1474.5155487037055,1739.8024982539691,1474.5155487037055
2025-09-10,1474.5155487037055,42095.378817555815,9147.263759244572,10021.90804508458,10110.509342850017,51242.64257680038,52117.286862640394,52205.88816040583,1551.4425709259265,1813.147160978837,1551.4425709259265
2025-09-11,1551.4425709259265,41226.475283718275,0.0,888.7977591452409,0.0,41226.475283718275,42115.27304286352,41226.475283718275,1712.6523275132306,1759.8303116402142,1712.6523275132306
2025-09-12,1712.6523275132306,14824.928335376053,555.4663051137004,704.5734616235177,555.4663051137004,15380.394640489754,15529.501796999572,15380.394640489754,1844.5595835449726,1886.1457158201042,1844.5595835449726
2025-09-13,1844.5595835449726,14647.632573049359,0.0,996.8854451619055,0.0,14647.632573049359,15644.518018211265,14647.632573049359,1768.0590115343925,1849.0600064021141,1768.0590115343925
2025-09-14,1768.0590115343925,41807.33153500549,322.7041659694603,1642.0587573188511,322.7041659694603,42130.03570097495,43449.390292324344,42130.03570097495,1243.33449,1309.7728497619066,1243.33449
2025-09-15,1243.33449,43101.5150805499,90.98233424167547,603.1364200541889,90.98233424167547,43192.49741479158,43704.651500604086,43192.49741479158,1778.285831666668,1813.8928713492091,1778.285831666668
2025-09-16,1778.285831666668,42603.211127185314,32.39882176666639,876.0014721252803,32.39882176666639,42635.60994895198,43479.212599310595,42635.60994895198,1357.689060785641,1357.689060785641,1357.689060785641
2025-09-17,1357.689060785641,42896.91372988555,0.0,599.6731348261928,0.0,42896.91372988555,43496.586864711746,42896.91372988555,1551.4268203174618,1585.331486984129,1551.4268203174618
2025-09-18,1551.4268203174618,42194.13950785941,0.0,568.0887768773772,0.0,42194.13950785941,42762.22828473678,42194.13950785941,1472.9270954497372,1494.085526666667,1472.9270954497372
2025-09-19,1472.9270954497372,15417.043305384675,0.0,956.5773637642874,0.0,15417.043305384675,16373.620669148962,15417.043305384675,1986.7428474603198,2125.397823677247,1986.7428474603198
2025-09-20,1986.7428474603198,14846.40884489942,0.0,679.7954123190098,0.0,14846.40884489942,15526.204257218431,14846.40884489942,1973.825488042329,2005.7681176719586,1973.825488042329
2025-09-21,1973.825488042329,44846.229583453285,0.0,444.39095302976784,0.0,44846.229583453285,45290.62053648305,44846.229583453285,1979.0306926454996,1995.2252852380934,1979.0306926454996
2025-09-22,1979.0306926454996,44705.92119938566,454.8938859995697,2027.0552544154739,454.8938859995697,45160.81508538523,46732.97645380113,45160.81508538523,1344.0336524208033,1596.3956780557253,1344.0336524208033
2025-09-23,1344.0336524208033,45986.09056771593,64.92170495000013,2353.464166853568,64.92170495000013,46051.01227266593,48339.5547345695,46051.01227266593,1857.6615569312155,2001.76294489418,1857.6615569312155
2025-09-24,1857.6615569312155,45358.79804861911,0.0,585.6739396404749,0.0,45358.79804861911,45944.47198825958,45358.79804861911,2172.9875151851843,2196.674552222223,2172.9875151851843
2025-09-25,2172.9875151851843,45722.39848725159,0.0,723.9689784952413,0.0,45722.39848725159,46446.36746574683,45722.39848725159,2052.8667759331397,2094.6494955098583,2052.8667759331397
2025-09-26,2052.8667759331397,15597.80711888866,0.0,0.0,0.0,15597.80711888866,15597.80711888866,15597.80711888866,2220.0198265608497,2220.0198265608497,2220.0198265608497
2025-09-27,2220.0198265608497,16205.035133118388,0.0,697.725959913098,0.0,16205.035133118388,16902.761093031488,16205.035133118388,1637.4704453174609,1660.9297945238095,1637.4704453174609
2025-09-28,1637.4704453174609,47582.800543631405,0.0,447.17199555714416,0.0,47582.800543631405,48029.97253918855,47582.800543631405,2389.000874708995,2389.000874708995,2389.000874708995
2025-09-29,2389.000874708995,47899.53394491135,72.2574187000006,475.5827099928602,72.2574187000006,47971.79136361135,48375.11665490421,47971.79136361135,2166.7245725661396,2214.908485264551,2166.7245725661396
2025-09-30,2166.7245725661396,48352.97675454136,83.61185351666666,1745.1163261037393,83.61185351666666,48436.58860805803,50098.0930806451,48436.58860805803,2485.700096455025,2485.700096455025,2485.700096455025
2025-10-01,2485.700096455025,45430.81231375943,0.0,29.416201666667476,0.0,45430.81231375943,45460.2285154261,45430.81231375943,4412.956125079365,4412.956125079365,4412.956125079365
2025-10-02,4412.956125079365,43742.45005621051,0.0,79.06026666666648,0.0,43742.45005621051,43821.51032287718,43742.45005621051,4620.75805904762,4620.75805904762,4620.75805904762
2025-10-03,4620.75805904762,13883.753131149348,0.0,0.0,0.0,13883.753131149348,13883.753131149348,13883.753131149348,4316.623256481482,4316.623256481482,4316.623256481482
2025-10-04,4316.623256481482,15005.665821897415,0.0,0.0,0.0,15005.665821897415,15005.665821897415,15005.665821897415,4385.922833439153,4385.922833439153,4385.922833439153
2025-10-05,4385.922833439153,42562.06682340465,0.0,0.0,0.0,42562.06682340465,42562.06682340465,42562.06682340465,4133.201464867726,4133.201464867726,4133.201464867726
2025-10-06,4133.201464867726,43527.62743020822,0.0,0.0,0.0,43527.62743020822,43527.62743020822,43527.62743020822,4057.575640854813,4057.575640854813,4057.575640854813
2025-10-07,4057.575640854813,42616.966825585216,0.0,23.835016071428324,0.0,42616.966825585216,42640.80184165664,42616.966825585216,3947.957826012501,3947.957826012501,3947.957826012501
2025-10-08,3947.957826012501,38720.95884694435,0.0,2274.1616265047724,0.0,38720.95884694435,40995.12047344912,38720.95884694435,1651.77073968254,1760.937443386244,1651.77073968254
2025-10-09,1651.77073968254,40245.7494209781,280.4587426453919,522.9350394125485,280.4587426453919,40526.208163623494,40768.68446039065,40526.208163623494,1507.7290553703697,1507.7290553703697,1507.7290553703697
2025-10-10,1507.7290553703697,13061.652652020486,0.0,771.4945473711393,0.0,13061.652652020486,13833.147199391626,13061.652652020486,1385.1224040476193,1563.790743333335,1385.1224040476193
2025-10-11,1385.1224040476193,13707.326130188794,0.0,446.3502522416681,0.0,13707.326130188794,14153.676382430462,13707.326130188794,1738.1655984656074,1817.537064074074,1738.1655984656074
2025-10-12,1738.1655984656074,40759.729239173204,66.75511033333396,1000.719731004723,66.75511033333396,40826.484349506536,41760.448970177924,40826.484349506536,1362.2117927248682,1486.604998888889,1362.2117927248682
2025-10-13,1362.2117927248682,41684.809209914194,0.0,541.9623803345224,0.0,41684.809209914194,42226.77159024872,41684.809209914194,1775.553663756618,1775.553663756618,1775.553663756618
2025-10-14,1775.553663756618,41251.58245115719,776.3745827505493,1664.487061566668,776.3745827505493,42027.95703390774,42916.06951272386,42027.95703390774,1340.707159814815,1465.3896485978858,1340.707159814815
2025-10-15,1340.707159814815,41787.57493911915,2359.7237725152845,2972.5550270044628,1023.7611326639703,44147.29871163443,44760.12996612361,42811.33607178312,1731.4892953703725,1731.4892953703725,1511.9573849999997
2025-10-16,1731.4892953703725,42879.09959817148,5310.79060062244,6087.133764623815,7086.976022598035,48189.89019879392,48966.2333627953,49966.075620769516,1547.0349869361335,1744.0135479414253,1547.0349869361335
2025-10-17,1547.0349869361335,13843.483007441151,0.0,10.688778157141993,0.0,13843.483007441151,13854.171785598293,13843.483007441151,1647.6188828835996,1647.6188828835996,1647.6188828835996
2025-10-18,1647.6188828835996,13836.931602744182,0.0,468.5058198928563,0.0,13836.931602744182,14305.437422637038,13836.931602744182,2003.752846269836,2033.8937562962915,2003.752846269836
2025-10-19,2003.752846269836,44616.715304375364,3471.072173337718,3818.218756295776,3971.004470514079,48087.787477713086,48434.93406067114,48587.71977488944,1602.2260587037035,1743.0903045502655,1602.2260587037035
2025-10-20,1602.2260587037035,45214.76460452781,2592.8969647829263,2636.081112427018,2592.8969647829263,47807.66156931074,47850.84571695483,47807.66156931074,1491.689258783068,1491.689258783068,1491.689258783068
2025-10-21,1491.689258783068,46810.56356895742,0.0,1488.1730391183216,0.0,46810.56356895742,48298.73660807574,46810.56356895742,1767.7665010052945,1767.7665010052945,1767.7665010052945
2025-10-22,1767.7665010052945,46393.25981485523,5063.401720229986,5988.532800651676,5063.401720229986,51456.661535085215,52381.7926155069,51456.661535085215,1401.6111656349199,1555.6844381216938,1401.6111656349199
2025-10-23,1401.6111656349199,47042.03457068688,0.0,588.9537463666704,0.0,47042.03457068688,47630.988317053554,47042.03457068688,1792.3761485273203,1851.8251829188514,1792.3761485273203
2025-10-24,1792.3761485273203,14231.549289698854,0.0,489.27878131666256,0.0,14231.549289698854,14720.828071015518,14231.549289698854,1632.8426605820073,1710.911711322749,1632.8426605820073
2025-10-25,1632.8426605820073,14502.488911212897,0.0,369.9857723940444,0.0,14502.488911212897,14872.47468360694,14502.488911212897,1468.028801507938,1526.1643719312171,1468.028801507938
2025-10-26,1468.028801507938,48808.21230855942,0.0,548.1299024154773,0.0,48808.21230855942,49356.3422109749,48808.21230855942,2112.0181270370354,2172.7080729365075,2112.0181270370354
2025-10-27,2112.0181270370354,48031.47711271538,0.0,1302.4369713273813,0.0,48031.47711271538,49333.914084042764,48031.47711271538,1883.2577931216963,2019.4839385185185,1883.2577931216963
2025-10-28,1883.2577931216963,48508.304106036085,0.0,79.32478159404687,0.0,48508.304106036085,48587.62888763013,48508.304106036085,1944.7182052116423,1944.7182052116423,1944.7182052116423
2025-10-29,1944.7182052116423,48952.92472622708,0.0,3075.8333522509006,0.0,48952.92472622708,52028.75807847798,48952.92472622708,1707.1582906084634,1879.1633255026456,1707.1582906084634
2025-10-30,1707.1582906084634,49539.84374621554,17.628294249999538,285.9027035249941,17.628294249999538,49557.47204046554,49825.74644974054,49557.47204046554,1724.0219398412717,1769.9133260846572,1724.0219398412717
2025-10-31,1724.0219398412717,15033.545747161472,0.0,394.9311380265794,0.0,15033.545747161472,15428.47688518805,15033.545747161472,2101.922184206355,2135.5979990211695,2101.922184206355
2025-11-01,2101.922184206355,14559.170440209626,0.0,175.20883289761872,0.0,14559.170440209626,14734.379273107244,14559.170440209626,2171.9393356235287,2171.9393356235287,2171.9393356235287
2025-11-02,2171.9393356235287,50406.03522950818,291.10267851427784,555.8019530380893,291.10267851427784,50697.13790802246,50961.837182546275,50697.13790802246,1567.580926111111,1615.2183335185184,1567.580926111111
2025-11-03,1567.580926111111,52119.84013695775,0.0,512.8075215999997,0.0,52119.84013695775,52632.64765855775,52119.84013695775,1940.4728097652248,2031.3796907176063,1940.4728097652248
2025-11-04,1940.4728097652248,51306.04155205982,250.40921272010132,938.7825021860199,250.40921272010132,51556.45076477992,52244.82405424584,51556.45076477992,1473.7694616666672,1567.9472024074075,1473.7694616666672
2025-11-05,1473.7694616666672,52887.38769351407,17.266491991665823,322.17634882619944,17.266491991665823,52904.65418550574,53209.56404234027,52904.65418550574,2050.7840859259254,2065.527006560846,2050.7840859259254
2025-11-06,2050.7840859259254,52142.61470406725,3713.776189747885,4345.702678575252,3713.776189747885,55856.390893815136,56488.317382642505,55856.390893815136,1640.3312958730164,1687.5206133333338,1640.3312958730164
2025-11-07,1640.3312958730164,15136.891462131869,0.0,435.4998446642862,0.0,15136.891462131869,15572.391306796155,15136.891462131869,1816.698124444445,1928.1280371428602,1816.698124444445
2025-11-08,1816.698124444445,15222.833715037506,0.0,127.65488723333377,0.0,15222.833715037506,15350.48860227084,15222.833715037506,1888.3689057936542,1891.1952941269872,1888.3689057936542
2025-11-09,1888.3689057936542,53372.420336949195,0.0,1827.1162043681275,0.0,53372.420336949195,55199.53654131732,53372.420336949195,1708.9745839860161,1940.6705002910066,1708.9745839860161
2025-11-10,1708.9745839860161,54646.11275720611,209.3711006298252,1309.268000857787,209.3711006298252,54855.483857835934,55955.3807580639,54855.483857835934,1580.191966851852,1655.1911697354524,1580.191966851852
2025-11-11,1580.191966851852,53889.40291012911,0.0,363.4219621321431,0.0,53889.40291012911,54252.824872261255,53889.40291012911,1945.1673965343916,1945.1673965343916,1945.1673965343916
2025-11-12,1945.1673965343916,54376.08974478085,57.06534666666657,707.6558892912751,57.06534666666657,54433.15509144752,55083.745634072126,54433.15509144752,1856.7224883333326,1856.7224883333326,1856.7224883333326
2025-11-13,1856.7224883333326,55354.8128495711,0.0,400.6505974250005,0.0,55354.8128495711,55755.4634469961,55354.8128495711,2006.7248708465609,2006.7248708465609,2006.7248708465609
2025-11-14,2006.7248708465609,15622.992462854278,0.0,182.2832727345236,0.0,15622.992462854278,15805.2757355888,15622.992462854278,2043.1485485714288,2043.1485485714288,2043.1485485714288
2025-11-15,2043.1485485714288,15727.007891248628,0.0,176.72688549523707,0.0,15727.007891248628,15903.734776743864,15727.007891248628,1751.3835152645527,1768.3338829894194,1751.3835152645527
2025-11-16,1751.3835152645527,56567.26182007544,0.0,608.6009735928549,0.0,56567.26182007544,57175.86279366829,56567.26182007544,1743.5073195238087,1759.048677936507,1743.5073195238087
2025-11-17,1743.5073195238087,57217.61883466121,0.0,104.16244299999963,0.0,57217.61883466121,57321.78127766121,57217.61883466121,2254.323278009508,2254.323278009508,2254.323278009508
2025-11-18,2254.323278009508,56846.00607322459,0.0,78.80145142380843,0.0,56846.00607322459,56924.8075246484,56846.00607322459,2055.7980915343924,2055.7980915343924,2055.7980915343924
2025-11-19,2055.7980915343924,57653.788970125286,0.0,482.1348438678516,0.0,57653.788970125286,58135.92381399314,57653.788970125286,1650.947470793651,1671.923555449735,1650.947470793651
2025-11-20,1650.947470793651,57559.49498149109,0.0,1435.8764524571488,0.0,57559.49498149109,58995.37143394824,57559.49498149109,1824.6380817195814,1892.363301296301,1824.6380817195814
2025-11-21,1824.6380817195814,16334.375781381386,0.0,155.40477256666634,0.0,16334.375781381386,16489.780553948054,16334.375781381386,2049.851864126985,2055.7662900529117,2049.851864126985
2025-11-22,2049.851864126985,16345.89012666066,0.0,287.8221612880951,0.0,16345.89012666066,16633.712287948754,16345.89012666066,1906.227237460317,1906.227237460317,1906.227237460317
2025-11-23,1906.227237460317,58964.457826360995,0.0,224.84959178333673,0.0,58964.457826360995,59189.30741814433,58964.457826360995,1949.922830132277,1980.7202930952396,1949.922830132277
2025-11-24,1949.922830132277,57861.29547780246,0.0,767.7368460749985,0.0,57861.29547780246,58629.03232387746,57861.29547780246,1439.5465441005272,1439.5465441005272,1439.5465441005272
2025-11-25,1439.5465441005272,58649.76577853511,0.0,357.42229497618916,0.0,58649.76577853511,59007.1880735113,58649.76577853511,1787.2357236507903,1789.582257460317,1787.2357236507903
2025-11-26,1787.2357236507903,59198.32885159227,163.3821613333332,760.4813902238093,163.3821613333332,59361.7110129256,59958.81024181608,59361.7110129256,2217.2601058994705,2217.2601058994705,2217.2601058994705
2025-11-27,2217.2601058994705,59568.370504356346,0.0,811.4009664714353,0.0,59568.370504356346,60379.77147082778,59568.370504356346,2070.2252084656106,2070.2252084656106,2070.2252084656106
2025-11-28,2070.2252084656106,16139.209893441115,0.0,124.22968273140299,0.0,16139.209893441115,16263.439576172517,16139.209893441115,1863.6886316326938,1864.6460760771363,1863.6886316326938
2025-11-29,1863.6886316326938,16808.79798546558,0.0,466.5493617809527,0.0,16808.79798546558,17275.34734724653,16808.79798546558,1925.0210260052909,1925.0210260052909,1925.0210260052909
2025-11-30,1925.0210260052909,60559.6222062222,0.0,1204.0225981533367,0.0,60559.6222062222,61763.64480437554,60559.6222062222,1835.4122418253994,1835.4122418253994,1835.4122418253994
2025-12-01,1835.4122418253994,65252.44079009168,22399.07091509372,22671.119590807408,24890.671902275026,87651.5117051854,87923.56038089909,90143.1126923667,1492.6636012962952,1941.4155673015819,1492.6636012962952
2025-12-02,1492.6636012962952,66679.76279210838,30632.954993182113,28910.59716960171,34196.83447647476,97312.71778529049,95590.35996171008,100876.59726858314,1421.3895061111111,1530.6601662962971,1421.3895061111111
2025-12-03,1421.3895061111111,67919.92593103333,10062.643018189125,13572.948351579327,15936.943252370855,77982.56894922245,81492.87428261265,83856.86918340418,1214.9727727777777,1579.7898980423292,1214.9727727777777
2025-12-04,1214.9727727777777,68151.5096267231,11726.257043011268,15795.683395126514,15400.4883178626,79877.76666973437,83947.19302184961,83551.9979445857,1313.1167033597878,1427.6059034391521,1313.1167033597878
2025-12-05,1313.1167033597878,20778.250355519842,1104.3669964962623,5903.9791443014565,1552.9758727174365,21882.617352016103,26682.229499821296,22331.22622823728,1534.8800279869304,1627.0748080952383,1317.6627625132226
2025-12-06,1534.8800279869304,21488.64357869252,4989.608737262887,6152.345637481864,8163.28496159066,26478.252315955408,27640.989216174385,29651.92854028318,1482.8031481481476,1697.1312592592585,1482.8031481481476
2025-12-07,1482.8031481481476,71251.39936441295,1279.4407582594852,2431.72529914832,55.55906076781897,72530.84012267244,73683.12466356128,71306.95842518077,1480.111252777778,1605.0713648148155,1480.111252777778
2025-12-08,1480.111252777778,77106.49395582819,0.0,39.71404386428266,0.0,77106.49395582819,77146.20799969247,77106.49395582819,1961.51265287458,1961.51265287458,1961.51265287458
2025-12-09,1961.51265287458,76493.28557815214,0.0,371.3882387857137,0.0,76493.28557815214,76864.67381693785,76493.28557815214,1995.1475088554764,1995.1475088554764,1995.1475088554764
2025-12-10,1995.1475088554764,76450.80830457967,0.0,302.30261211428416,0.0,76450.80830457967,76753.11091669396,76450.80830457967,1874.7404725396837,1917.0681418518516,1874.7404725396837
2025-12-11,1874.7404725396837,76022.06171914114,0.0,101.49023799999816,0.0,76022.06171914114,76123.55195714114,76022.06171914114,2036.1228374074074,2036.1228374074074,2036.1228374074074
2025-12-12,2036.1228374074074,25718.88931374607,8.409439999999776,10.05906666666656,0.0,25727.29875374607,25728.948380412734,25718.88931374607,2055.2410507407412,2055.2410507407412,2055.2410507407412
2025-12-13,2055.2410507407412,26473.05311295242,0.0,286.6301117416661,0.0,26473.05311295242,26759.683224694087,26473.05311295242,2211.5069939153423,2254.6232346560832,2211.5069939153423
2025-12-14,2211.5069939153423,78018.8493509166,0.0,98.26219576190393,0.0,78018.8493509166,78117.1115466785,78018.8493509166,1956.6254761111122,1956.6254761111122,1956.6254761111122
2025-12-15,1956.6254761111122,77672.8583642114,0.0,249.6009880166681,0.0,77672.8583642114,77922.45935222806,77672.8583642114,1914.3645908751419,1914.3645908751419,1914.3645908751419
2025-12-16,1914.3645908751419,77685.18197235509,0.0,0.0,0.0,77685.18197235509,77685.18197235509,77685.18197235509,1880.7931779629616,1880.7931779629616,1880.7931779629616
2025-12-17,1880.7931779629616,77656.80986369366,0.0,468.1448753642849,0.0,77656.80986369366,78124.95473905795,77656.80986369366,1959.4601112962976,1959.4601112962976,1959.4601112962976
2025-12-18,1959.4601112962976,76475.8855152837,70.20909903333329,139.56665982023827,0.0,76546.09461431704,76615.45217510394,76475.8855152837,1905.4192766666692,1905.4192766666692,1905.4192766666692
2025-12-19,1905.4192766666692,26240.79845103976,0.0,99.9580837916674,0.0,26240.79845103976,26340.756534831427,26240.79845103976,1888.7162005555517,1911.0930254232778,1888.7162005555517
2025-12-20,1888.7162005555517,26298.9741181619,0.0,129.5340623035716,0.0,26298.9741181619,26428.50818046547,26298.9741181619,2025.0610195502659,2025.0610195502659,2025.0610195502659
2025-12-21,2025.0610195502659,77408.45298543971,0.0,261.67382095595224,0.0,77408.45298543971,77670.12680639567,77408.45298543971,2107.1756033597862,2153.4528520370345,2107.1756033597862
2025-12-22,2107.1756033597862,77961.02965848273,0.0,119.57327412500044,0.0,77961.02965848273,78080.60293260773,77961.02965848273,1675.6995716666695,1675.6995716666695,1675.6995716666695
2025-12-23,1675.6995716666695,76689.6422733854,0.0,0.0,0.0,76689.6422733854,76689.6422733854,76689.6422733854,2061.0050994444446,2061.0050994444446,2061.0050994444446
2025-12-24,2061.0050994444446,74903.36346699498,0.0,551.8894302404733,0.0,74903.36346699498,75455.25289723545,74903.36346699498,1826.2866959259293,1872.3149366666687,1826.2866959259293
2025-12-25,1826.2866959259293,74606.722934183,139.53763379166696,422.08145254286205,0.0,74746.26056797466,75028.80438672585,74606.722934183,1877.3836150000006,1877.5301890740757,1877.3836150000006
2025-12-26,1877.3836150000006,23900.279577116453,0.0,922.9526045347184,0.0,23900.279577116453,24823.232181651172,23900.279577116453,2487.2296388624345,2548.440157380952,2487.2296388624345
2025-12-27,2487.2296388624345,22877.684921173637,0.0,244.02533731190385,0.0,22877.684921173637,23121.710258485542,22877.684921173637,2255.903101349206,2292.941712460317,2255.903101349206
2025-12-28,2255.903101349206,72881.76191377458,109.17377271428572,630.609159975005,109.17377271428572,72990.93568648887,73512.37107374959,72990.93568648887,2021.5324766666665,2021.5324766666665,2021.5324766666665
2025-12-29,2021.5324766666665,72658.71221072189,0.0,221.72846129047804,0.0,72658.71221072189,72880.44067201237,72658.71221072189,1820.8459527777795,1820.8459527777795,1820.8459527777795
2025-12-30,1820.8459527777795,71376.60846294393,178.9838000119045,471.88512507620106,178.9838000119045,71555.59226295583,71848.49358802012,71555.59226295583,1897.7264933862468,1900.2990833333358,1897.7264933862468
2025-12-31,1897.7264933862468,71749.86979943168,0.0,184.8770756630915,0.0,71749.86979943168,71934.74687509477,71749.86979943168,1627.3262116666697,1627.3262116666697,1627.3262116666697
