date,same_plan_initial_soc_kwh,settlement_cost,ldr_emergency_cost,beta1_emergency_cost,beta0_emergency_cost,ldr_total_cost,beta1_total_cost,beta0_total_cost
2025-02-01,2082.843715256331,19643.859148236646,0.0,0.0,0.0,19643.859148236646,19643.859148236646,19643.859148236646
2025-02-02,2470.840314444449,63860.18727581298,0.0,0.0,0.0,63860.18727581298,63860.18727581298,63860.18727581298
2025-02-03,2440.6601978767676,65597.48061937102,0.0,257.9998169427788,0.0,65597.48061937102,65855.48043631381,65597.48061937102
2025-02-04,2341.1346409259245,68389.02216534998,0.0,267.1222113923366,0.0,68389.02216534998,68656.14437674232,68389.02216534998
2025-02-05,2294.8443824074093,64872.77021392454,0.0,586.7131912493427,0.0,64872.77021392454,65459.48340517388,64872.77021392454
2025-02-06,2069.5100974074085,67639.11500322097,35.66855689105815,44.51534589105844,35.66855689105815,67674.78356011203,67683.63034911203,67674.78356011203
2025-02-07,2119.459499598221,19204.2827164876,0.0,219.25840500000723,0.0,19204.2827164876,19423.541121487608,19204.2827164876
2025-02-08,1681.5197257765703,15977.55327998,270.75490551377493,893.192819396726,270.75490551377493,16248.308185493775,16870.746099376727,16248.308185493775
2025-02-09,1669.7528181481493,62586.36421700574,0.0,343.48003744718426,0.0,62586.36421700574,62929.844254452924,62586.36421700574
2025-02-10,1556.5200540405272,56960.55977250869,0.0,10.883375000000118,0.0,56960.55977250869,56971.44314750869,56960.55977250869
2025-02-11,1566.21959047332,57091.9427268422,2199.9846780529915,2625.937327995071,2199.9846780529915,59291.92740489519,59717.880054837275,59291.92740489519
2025-02-12,1520.2362664814812,57206.083937377894,0.0,2242.249961183522,0.0,57206.083937377894,59448.33389856142,57206.083937377894
2025-02-13,1467.5722182502616,53823.33071270274,0.0,357.87051562453263,0.0,53823.33071270274,54181.20122832727,53823.33071270274
2025-02-14,1757.3918538888913,15889.730991720953,0.0,1324.7445827022052,0.0,15889.730991720953,17214.47557442316,15889.730991720953
2025-02-15,1692.9242638276687,16155.12086721652,37.67906995485367,1047.3850991280087,37.67906995485367,16192.799937171372,17202.505966344528,16192.799937171372
2025-02-16,1252.4573435185184,57338.91330229201,998.2256054566594,3850.227367465477,998.2256054566594,58337.13890774867,61189.140669757486,58337.13890774867
2025-02-17,1390.2331705555557,55134.20600217891,504.1146345750342,2744.2002507088864,504.1146345750342,55638.32063675394,57878.40625288779,55638.32063675394
2025-02-18,1512.546541296297,51841.74410914384,52.27659433941489,3218.418042981628,52.27659433941489,51894.02070348325,55060.162152125464,51894.02070348325
2025-02-19,1578.7067825925926,52829.588044757795,784.2141391191501,1225.0292118104735,784.2141391191501,53613.80218387694,54054.617256568265,53613.80218387694
2025-02-20,1330.188312222222,53507.4214399241,153.01684964999973,2015.101040874306,153.01684964999973,53660.4382895741,55522.522480798405,53660.4382895741
2025-02-21,1565.3209385522032,15100.934878221367,0.0,228.0394540279754,0.0,15100.934878221367,15328.974332249343,15100.934878221367
2025-02-22,1582.6829945201769,15440.922208566824,0.0,141.6053934407688,0.0,15440.922208566824,15582.527602007593,15440.922208566824
2025-02-23,1822.6761929821655,52409.45258265575,14.664457106762404,706.0805622922089,14.664457106762404,52424.11703976251,53115.533144947956,52424.11703976251
2025-02-24,1545.2318895509386,51012.98091358999,229.48319632081524,1264.0546644152846,229.48319632081524,51242.464109910805,52277.03557800528,51242.464109910805
2025-02-25,1738.0128960842571,49722.01249601639,60.325621949999544,1201.8383721785494,60.325621949999544,49782.338117966385,50923.85086819494,49782.338117966385
2025-02-26,1500.2115811198935,50566.404638962835,0.0,191.73546337369618,0.0,50566.404638962835,50758.14010233653,50566.404638962835
2025-02-27,2218.863215350837,47692.2384576982,75.30793394118642,400.9071388637938,75.30793394118642,47767.546391639386,48093.145596562,47767.546391639386
2025-02-28,1838.199008148148,14542.318371590472,0.0,375.89393912316984,0.0,14542.318371590472,14918.212310713643,14542.318371590472
2025-03-01,1672.407292241163,15807.757240508174,0.0,121.51102448213925,0.0,15807.757240508174,15929.268264990313,15807.757240508174
2025-03-02,1764.0741251851823,56229.67448333387,0.0,892.106082194061,0.0,56229.67448333387,57121.78056552793,56229.67448333387
2025-03-03,1642.2767486592322,56011.47946350572,0.0,439.9590783955102,0.0,56011.47946350572,56451.43854190123,56011.47946350572
2025-03-04,1710.0169520370393,50971.83264117096,0.0,1353.36140238397,0.0,50971.83264117096,52325.194043554926,50971.83264117096
2025-03-05,1738.884726296293,49350.30277089305,0.0,514.6534618954877,0.0,49350.30277089305,49864.95623278854,49350.30277089305
2025-03-06,1669.0281085051847,48351.49379726544,0.0,323.02303757981485,0.0,48351.49379726544,48674.51683484525,48351.49379726544
2025-03-07,1722.3161312963016,14606.306761498076,0.0,121.696645137477,0.0,14606.306761498076,14728.003406635553,14606.306761498076
2025-03-08,1839.365757070763,13548.084473369458,0.0,239.06192264468893,0.0,13548.084473369458,13787.146396014146,13548.084473369458
2025-03-09,1942.3354579489555,46465.02635499231,0.0,322.0523613528937,0.0,46465.02635499231,46787.078716345204,46465.02635499231
2025-03-10,1858.84340503971,48428.921104621506,448.83925539417794,951.7834596339451,448.83925539417794,48877.76036001569,49380.70456425545,48877.76036001569
2025-03-11,1811.6489979629655,46688.088755899385,0.0,249.4252021571432,0.0,46688.088755899385,46937.51395805653,46688.088755899385
2025-03-12,2139.8811408592187,45289.16508978461,0.0,847.1554430451806,0.0,45289.16508978461,46136.32053282979,45289.16508978461
2025-03-13,1627.11338124488,48795.85331587455,189.3965942333376,1726.7415371262707,189.3965942333376,48985.24991010789,50522.59485300082,48985.24991010789
2025-03-14,1611.5120146296306,12871.63413079978,0.0,355.9916328565787,0.0,12871.63413079978,13227.62576365636,12871.63413079978
2025-03-15,1979.4242368067605,13164.09234012945,0.0,184.0453035422248,0.0,13164.09234012945,13348.137643671675,13164.09234012945
2025-03-16,1343.98074451093,45971.386082692654,0.0,696.5710350412414,0.0,45971.386082692654,46667.957117733895,45971.386082692654
2025-03-17,1973.2122043392549,40589.013189715675,0.0,1062.1112195994651,0.0,40589.013189715675,41651.12440931514,40589.013189715675
2025-03-18,2144.9057003703697,45193.25523319503,0.0,540.4602902407497,0.0,45193.25523319503,45733.71552343578,45193.25523319503
2025-03-19,1717.8089722222232,42550.05310478732,0.0,339.1446563959677,0.0,42550.05310478732,42889.19776118329,42550.05310478732
2025-03-20,2297.089927592589,44187.053361331964,0.0,2612.223141360823,0.0,44187.053361331964,46799.27650269279,44187.053361331964
2025-03-21,2019.3679585185203,12426.169883573733,0.0,93.31006497197568,0.0,12426.169883573733,12519.47994854571,12426.169883573733
2025-03-22,1526.0541090814356,13324.848093412644,0.0,0.0,0.0,13324.848093412644,13324.848093412644,13324.848093412644
2025-03-23,2310.2028777554315,42915.62001026326,0.0,631.0746635048466,0.0,42915.62001026326,43546.69467376811,42915.62001026326
2025-03-24,1681.8002693718813,41792.697462485565,0.0,142.33007650060392,0.0,41792.697462485565,41935.02753898617,41792.697462485565
2025-03-25,1835.685812983974,44350.967255024836,0.0,680.1712233003025,0.0,44350.967255024836,45031.13847832514,44350.967255024836
2025-03-26,1507.0725476764524,39746.50664967742,0.0,46.48422753333314,0.0,39746.50664967742,39792.99087721076,39746.50664967742
2025-03-27,1651.9326362697768,41463.31013093298,0.0,139.81516774836018,0.0,41463.31013093298,41603.12529868134,41463.31013093298
2025-03-28,1707.9732022914336,12840.284185319473,0.0,50.68852541429013,0.0,12840.284185319473,12890.972710733764,12840.284185319473
2025-03-29,1924.3267723943015,12251.540502950695,0.0,207.3711265433698,0.0,12251.540502950695,12458.911629494065,12251.540502950695
2025-03-30,1681.1957487301163,39179.90464643146,0.0,2353.5504811905907,0.0,39179.90464643146,41533.45512762205,39179.90464643146
2025-03-31,1896.3458732344259,38704.47159404551,0.0,880.3390670776495,0.0,38704.47159404551,39584.81066112316,38704.47159404551
2025-04-01,1946.7226865452794,44094.908522120706,0.0,601.6019519394404,0.0,44094.908522120706,44696.510474060145,44094.908522120706
2025-04-02,1982.249547908974,42068.441691853135,0.0,598.707480250201,0.0,42068.441691853135,42667.14917210334,42068.441691853135
2025-04-03,1739.1970995860293,41713.136973852284,0.0,424.1922294517593,0.0,41713.136973852284,42137.32920330404,41713.136973852284
2025-04-04,1732.2264573400491,11542.230328012305,0.0,263.9780884651049,0.0,11542.230328012305,11806.20841647741,11542.230328012305
2025-04-05,1766.384630826286,11542.269857240426,0.0,594.2466214170217,0.0,11542.269857240426,12136.516478657448,11542.269857240426
2025-04-06,1635.0044755757153,39811.035446812224,0.0,5.589990017200657,0.0,39811.035446812224,39816.625436829425,39811.035446812224
2025-04-07,1767.0382913745989,36879.86033701867,0.0,541.5791915878988,0.0,36879.86033701867,37421.43952860657,36879.86033701867
2025-04-08,1626.7416869271617,39519.66385440566,0.0,1261.68437914889,0.0,39519.66385440566,40781.348233554556,39519.66385440566
2025-04-09,1511.9736253779997,41221.3715779532,0.0,680.0503097174244,0.0,41221.3715779532,41901.42188767062,41221.3715779532
2025-04-10,1634.8899017643453,39455.205682742206,0.0,1450.8006884332376,0.0,39455.205682742206,40906.00637117544,39455.205682742206
2025-04-11,1861.9407060229587,10843.017220191117,0.0,2786.1817376046406,0.0,10843.017220191117,13629.198957795757,10843.017220191117
2025-04-12,1416.3401841315028,11392.307659889966,0.0,184.47300398013414,0.0,11392.307659889966,11576.7806638701,11392.307659889966
2025-04-13,2023.6806547184165,36930.371630784415,0.0,189.87232757834082,0.0,36930.371630784415,37120.24395836276,36930.371630784415
2025-04-14,1883.0087980575402,36630.09834553222,571.9481879583416,1456.7655414360597,571.9481879583416,37202.04653349056,38086.863886968276,37202.04653349056
2025-04-15,1737.077578148317,34901.787216137585,0.0,894.8085612543756,0.0,34901.787216137585,35796.59577739196,34901.787216137585
2025-04-16,1994.5082461666163,38350.46623651936,0.0,607.3472054716184,0.0,38350.46623651936,38957.81344199098,38350.46623651936
2025-04-17,1895.385424969756,37294.47449095255,0.0,71.83158181967228,0.0,37294.47449095255,37366.30607277222,37294.47449095255
2025-04-18,1907.9953872957014,11122.731766062563,0.0,205.0534894542593,0.0,11122.731766062563,11327.785255516823,11122.731766062563
2025-04-19,2169.713282187344,11118.897698793122,0.0,321.29579805375494,0.0,11118.897698793122,11440.193496846878,11118.897698793122
2025-04-20,1951.4660082308337,35642.683605816295,0.0,847.3895054808942,0.0,35642.683605816295,36490.07311129719,35642.683605816295
2025-04-21,2077.858590460905,35833.777800898635,0.0,2465.57100071962,0.0,35833.777800898635,38299.34880161825,35833.777800898635
2025-04-22,1668.1269697156079,35189.51875751613,0.0,485.6151316534282,0.0,35189.51875751613,35675.13388916956,35189.51875751613
2025-04-23,1755.7373590481286,35340.81559027478,0.0,135.32455570265887,0.0,35340.81559027478,35476.14014597744,35340.81559027478
2025-04-24,2093.2326757153237,34148.85328831576,0.0,594.3105815672898,0.0,34148.85328831576,34743.16386988305,34148.85328831576
2025-04-25,1834.0629438172007,10358.69025816887,0.0,371.10867114297173,0.0,10358.69025816887,10729.798929311843,10358.69025816887
2025-04-26,1463.9354490740739,10648.159662946247,0.0,138.97995009655335,0.0,10648.159662946247,10787.1396130428,10648.159662946247
2025-04-27,1634.6532348387063,34233.638378662574,643.1831633451742,2492.4766249731624,643.1831633451742,34876.82154200775,36726.115003635736,34876.82154200775
2025-04-28,1529.322509444445,40554.97823052063,0.0,0.0,0.0,40554.97823052063,40554.97823052063,40554.97823052063
2025-04-29,2060.1444576845274,34549.88742252355,0.0,206.6951422345349,0.0,34549.88742252355,34756.582564758086,34549.88742252355
2025-04-30,2110.219444545024,32153.485006593255,0.0,396.2353903568265,0.0,32153.485006593255,32549.72039695008,32153.485006593255
2025-05-01,1579.841351645016,35451.64062598585,10627.745475981663,11736.58432039838,10627.745475981663,46079.38610196751,47188.22494638423,46079.38610196751
2025-05-02,1210.8405,12088.818898400918,5585.040429973535,6772.50581647879,5585.040429973535,17673.859328374452,18861.32471487971,17673.859328374452
2025-05-03,1200.0,11393.881946826814,6394.879829651834,7422.708354157262,6394.879829651834,17788.76177647865,18816.590300984077,17788.76177647865
2025-05-04,1200.0,35812.18217258621,10088.465361778644,12462.6405884921,10039.660621510302,45900.647534364856,48274.82276107831,45851.84279409651
2025-05-05,1257.9569999999999,37869.02063350272,7788.521802200579,10169.586990863872,8035.508535757481,45657.5424357033,48038.60762436659,45904.5291692602
2025-05-06,1230.6944999999998,36662.98299858607,9027.682489607863,11419.443965383496,9039.606437204478,45690.66548819393,48082.42696396957,45702.58943579055
2025-05-07,1200.0,38232.4114573436,4816.730208615687,4721.902531335084,4816.730208615687,43049.14166595929,42954.31398867869,43049.14166595929
2025-05-08,1321.2270043303197,41891.95665326595,0.0,640.8688922290925,0.0,41891.95665326595,42532.82554549504,41891.95665326595
2025-05-09,3096.861033120429,13439.98046049584,362.12879157473094,229.25658903341133,0.0,13802.109252070572,13669.237049529253,13439.98046049584
2025-05-10,3205.0355949258133,13615.326302813335,203.68361862322547,566.2048797961056,0.0,13819.00992143656,14181.53118260944,13615.326302813335
2025-05-11,2998.429298299256,39889.00027462297,217.56593523675883,266.3543759788521,217.56593523675883,40106.56620985973,40155.354650601825,40106.56620985973
2025-05-12,2854.198173914671,38655.08321197731,0.0,820.8322304376198,0.0,38655.08321197731,39475.91544241493,38655.08321197731
2025-05-13,3178.8060815976464,40093.72358439468,0.0,143.93432755000012,0.0,40093.72358439468,40237.657911944676,40093.72358439468
2025-05-14,3374.822238552908,40072.90778659636,0.0,186.07020573073729,0.0,40072.90778659636,40258.9779923271,40072.90778659636
2025-05-15,2889.4611760332127,40262.993250697386,0.0,654.387582785662,0.0,40262.993250697386,40917.38083348305,40262.993250697386
2025-05-16,3448.6974798400793,12760.015330791564,0.0,71.28740897342304,0.0,12760.015330791564,12831.302739764988,12760.015330791564
2025-05-17,2462.750120780765,13244.733831714924,112.24713622355146,184.27663159021813,0.0,13356.980967938476,13429.010463305141,13244.733831714924
2025-05-18,2656.5646153673374,40407.92282057894,0.0,58.76460457333196,0.0,40407.92282057894,40466.687425152275,40407.92282057894
2025-05-19,3118.2140492718804,37480.667920667234,455.9576833333333,455.9576833333333,455.9576833333333,37936.62560400057,37936.62560400057,37936.62560400057
2025-05-20,2775.1097346510037,38739.68189357885,0.0,76.04269756651746,0.0,38739.68189357885,38815.724591145365,38739.68189357885
2025-05-21,2615.0133391483623,38475.98626025561,0.0,157.37811704209273,0.0,38475.98626025561,38633.3643772977,38475.98626025561
2025-05-22,2930.754968828124,36784.82992698328,16.413304999999596,517.766248465138,16.413304999999596,36801.24323198328,37302.596175448416,36801.24323198328
2025-05-23,3033.7360756022204,12777.99691238313,0.0,209.7667874183912,0.0,12777.99691238313,12987.763699801522,12777.99691238313
2025-05-24,3444.5184369254844,12988.460015239496,0.0,209.41732727874756,0.0,12988.460015239496,13197.877342518244,12988.460015239496
2025-05-25,3129.3592129087315,36969.243633578604,84.90765869999919,387.2551437725281,84.90765869999919,37054.151292278606,37356.49877735113,37054.151292278606
2025-05-26,2671.1256933193836,39040.92802623683,0.0,0.0,0.0,39040.92802623683,39040.92802623683,39040.92802623683
2025-05-27,2691.47038871179,36054.422197807355,0.0,1271.1602606394147,0.0,36054.422197807355,37325.58245844677,36054.422197807355
2025-05-28,2240.2886908436094,38109.487825801,0.0,149.5508048333333,0.0,38109.487825801,38259.038630634335,38109.487825801
2025-05-29,2740.3982770277075,38028.74751575642,119.26099001666701,1856.3682098146924,119.26099001666701,38148.00850577308,39885.11572557111,38148.00850577308
2025-05-30,1771.7675652324142,12593.784279230751,0.0,287.4749449466313,0.0,12593.784279230751,12881.259224177382,12593.784279230751
2025-05-31,2348.218760759427,12464.664414110235,0.0,188.49733212897948,0.0,12464.664414110235,12653.161746239215,12464.664414110235
2025-06-01,2240.974500513527,50437.527556951514,26066.43018294204,33351.741911130586,22324.54823401743,76503.95773989355,83789.2694680821,72762.07579096894
2025-06-02,1200.0,50004.54726768001,20788.081768027107,23876.156600207778,15462.019385914986,70792.62903570713,73880.70386788779,65466.566653595
2025-06-03,1200.0,47281.476237089206,19253.54579965714,21652.690194787236,11775.068256618379,66535.02203674635,68934.16643187644,59056.54449370758
2025-06-04,1200.0,52670.652854383705,13647.114713444957,15926.784487099998,11098.737310477756,66317.76756782866,68597.4373414837,63769.39016486146
2025-06-05,1200.0,50396.61817882419,14803.551352814713,16695.536280136734,10049.008419548622,65200.1695316389,67092.15445896093,60445.62659837281
2025-06-06,1200.0,17388.675226262912,10036.349083836802,10874.538741609842,7585.732361303275,27425.024310099714,28263.213967872754,24974.407587566187
2025-06-07,1217.4015,18693.85380191081,6574.424041941232,6580.517395781025,4322.995942581874,25268.27784385204,25274.371197691835,23016.849744492683
2025-06-08,1274.0212290618115,54800.52718628108,0.0,425.05541957500054,0.0,54800.52718628108,55225.58260585608,54800.52718628108
2025-06-09,3806.0526461111094,60118.52730980599,0.0,290.1050284628881,0.0,60118.52730980599,60408.63233826888,60118.52730980599
2025-06-10,3603.121710328456,57207.923189085224,0.0,0.0,0.0,57207.923189085224,57207.923189085224,57207.923189085224
2025-06-11,3620.85359656106,62592.88476225796,0.0,208.63341584863193,0.0,62592.88476225796,62801.5181781066,62592.88476225796
2025-06-12,3486.757799410549,59735.4994040101,0.0,1313.763997147076,0.0,59735.4994040101,61049.26340115718,59735.4994040101
2025-06-13,4233.675668468123,20832.726546817255,0.0,0.0,0.0,20832.726546817255,20832.726546817255,20832.726546817255
2025-06-14,3977.5241543767584,21531.090139884887,0.0,0.0,0.0,21531.090139884887,21531.090139884887,21531.090139884887
2025-06-15,3599.9601103769405,58438.27994943416,0.0,0.0,0.0,58438.27994943416,58438.27994943416,58438.27994943416
2025-06-16,4170.020498140903,59451.618885840435,0.0,414.97401687347735,0.0,59451.618885840435,59866.592902713914,59451.618885840435
2025-06-17,3735.790090278416,60613.687081126845,37.67488095964381,953.3819065385223,37.67488095964381,60651.36196208649,61567.06898766537,60651.36196208649
2025-06-18,3741.045354134333,59815.69246511397,0.0,709.3225572255593,0.0,59815.69246511397,60525.01502233953,59815.69246511397
2025-06-19,3976.9285873804424,57053.832289600134,1.0821533716650464,1212.5257773814208,1.0821533716650464,57054.9144429718,58266.35806698156,57054.9144429718
2025-06-20,3857.1598944665193,20277.96829237874,0.0,133.93287707951103,0.0,20277.96829237874,20411.90116945825,20277.96829237874
2025-06-21,3839.6449454223425,19974.328324854898,0.0,192.50980480734526,0.0,19974.328324854898,20166.838129662243,19974.328324854898
2025-06-22,4491.404730018464,54273.77901499156,0.0,2327.6891615160075,0.0,54273.77901499156,56601.468176507566,54273.77901499156
2025-06-23,3922.408382044699,53503.16351887618,0.0,122.9358922579413,0.0,53503.16351887618,53626.09941113412,53503.16351887618
2025-06-24,3130.04753228079,62433.03167718934,0.0,1159.3360008207892,0.0,62433.03167718934,63592.36767801013,62433.03167718934
2025-06-25,3162.4970600911956,55297.031342968825,0.0,121.5059010666674,0.0,55297.031342968825,55418.53724403549,55297.031342968825
2025-06-26,2745.3346515689923,52175.08592258228,122.0946849131057,527.3155304290266,122.0946849131057,52297.180607495386,52702.401453011305,52297.180607495386
2025-06-27,2361.0254123786262,17777.321764417375,0.0,188.39053520383652,0.0,17777.321764417375,17965.712299621213,17777.321764417375
2025-06-28,2553.996894659419,17076.46411735915,0.0,21.42855103267605,0.0,17076.46411735915,17097.89266839183,17076.46411735915
2025-06-29,2023.9882053295423,53091.05674084596,114.03518910000025,2096.160211619397,114.03518910000025,53205.091929945964,55187.21695246536,53205.091929945964
2025-06-30,2056.5205202215384,53033.74434817202,546.6061575999997,1055.4276425015946,546.6061575999997,53580.35050577202,54089.17199067361,53580.35050577202
2025-07-01,1937.2944368216406,56408.94161616537,39789.63898945789,45855.09752859873,26112.47562281276,96198.58060562325,102264.0391447641,82521.41723897813
2025-07-02,1200.0,52849.52404277127,32420.87539611324,39950.94187281432,28591.469399690784,85270.39943888452,92800.46591558559,81440.99344246206
2025-07-03,1200.0,60284.27560139647,30264.620143640183,34691.40328089206,19718.329261673516,90548.89574503666,94975.67888228853,80002.60486306998
2025-07-04,1200.0,19241.061911942725,27510.233618795464,28120.836642111033,24219.60920450733,46751.29553073819,47361.898554053754,43460.67111645006
2025-07-05,1200.0000031450834,20099.465965304098,22533.84456327012,22896.763618381738,18910.07389086464,42633.31052857422,42996.22958368584,39009.53985616874
2025-07-06,1207.7429999999995,63321.07058334493,19044.20501637199,23367.450333085715,13933.451425417366,82365.27559971693,86688.52091643064,77254.5220087623
2025-07-07,1200.0,57660.73788209117,12664.814201667301,19427.125525375966,9974.669613123846,70325.55208375846,77087.86340746714,67635.40749521501
2025-07-08,1320.7775100000001,71651.27526105198,0.0,0.0,0.0,71651.27526105198,71651.27526105198,71651.27526105198
2025-07-09,3778.245210547139,69128.84990877699,36.194366600000556,36.194366600000556,36.194366600000556,69165.04427537699,69165.04427537699,69165.04427537699
2025-07-10,4178.789181255489,67254.36905381738,0.0,90.54687678830237,0.0,67254.36905381738,67344.91593060568,67254.36905381738
2025-07-11,3880.9833387116273,30468.345979340673,0.0,0.0,0.0,30468.345979340673,30468.345979340673,30468.345979340673
2025-07-12,3912.4164686451118,29598.12460652511,31.134494314526034,0.0,0.0,29629.259100839638,29598.12460652511,29598.12460652511
2025-07-13,3977.194660864256,66765.34176316345,294.6486854750009,294.6486854750009,294.6486854750009,67059.99044863845,67059.99044863845,67059.99044863845
2025-07-14,3990.9190035146157,65258.30950359494,0.0,0.0,0.0,65258.30950359494,65258.30950359494,65258.30950359494
2025-07-15,4241.8760559104985,67010.3662388926,0.0,0.0,0.0,67010.3662388926,67010.3662388926,67010.3662388926
2025-07-16,4444.09818962963,66784.85663368882,0.0,310.3103763401862,0.0,66784.85663368882,67095.167010029,66784.85663368882
2025-07-17,4024.3228485345935,66256.83990528937,0.0,8.237584165791587,0.0,66256.83990528937,66265.07748945516,66256.83990528937
2025-07-18,4331.90408351852,29243.77009882754,96.67813554826863,96.67813554826863,0.0,29340.448234375806,29340.448234375806,29243.77009882754
2025-07-19,4186.849254444445,29624.478310506154,0.0,0.0,0.0,29624.478310506154,29624.478310506154,29624.478310506154
2025-07-20,3886.5608883291607,66758.30556544877,0.0,0.0,0.0,66758.30556544877,66758.30556544877,66758.30556544877
2025-07-21,4226.383284758154,70170.17581704084,0.0,0.0,0.0,70170.17581704084,70170.17581704084,70170.17581704084
2025-07-22,4209.955362622725,68054.11308809448,49.33122000000034,356.798668149199,49.33122000000034,68103.44430809449,68410.91175624369,68103.44430809449
2025-07-23,3506.613902570746,70201.84764654163,229.77220331077893,229.77220331077893,177.34684958333344,70431.61984985242,70431.61984985242,70379.19449612497
2025-07-24,3489.750821147116,69622.29960246477,0.0,0.0,0.0,69622.29960246477,69622.29960246477,69622.29960246477
2025-07-25,3513.2039712962974,25568.657666901145,0.0,179.2739743910878,0.0,25568.657666901145,25747.93164129223,25568.657666901145
2025-07-26,2818.276966469772,25564.97639910834,0.0,0.0,0.0,25564.97639910834,25564.97639910834,25564.97639910834
2025-07-27,2683.7117183479722,61949.468595109254,0.0,1123.5206446850768,0.0,61949.468595109254,63072.98923979433,61949.468595109254
2025-07-28,2467.5623553229143,62980.17748204102,16.350355400000144,2186.3574163041267,16.350355400000144,62996.52783744102,65166.53489834515,62996.52783744102
2025-07-29,1843.2634158207431,65222.65653169037,260.15308124999825,466.98353739292634,260.15308124999825,65482.80961294037,65689.6400690833,65482.80961294037
2025-07-30,2110.491462764827,64379.38060321183,56.75932746666709,97.3020053546675,56.75932746666709,64436.139930678495,64476.682608566494,64436.139930678495
2025-07-31,2362.3449166872747,60736.53444098702,338.03881765000085,1779.8893711160274,338.03881765000085,61074.57325863702,62516.42381210305,61074.57325863702
2025-08-01,1738.60861788857,23888.147755159855,0.0,442.90997607320105,0.0,23888.147755159855,24331.057731233057,23888.147755159855
2025-08-02,1997.972043888737,24426.91571717587,0.0,811.5654355817435,0.0,24426.91571717587,25238.481152757613,24426.91571717587
2025-08-03,2165.092686261173,51200.98093098532,2442.663755355245,2811.7416955946314,2442.663755355245,53643.644686340565,54012.722626579955,53643.644686340565
2025-08-04,1519.5371550000004,56341.991669270355,183.9805773499991,1624.1165143058788,183.9805773499991,56525.97224662035,57966.10818357623,56525.97224662035
2025-08-05,1947.8185041018671,55156.980017093316,302.48848226666405,636.833833496295,302.48848226666405,55459.46849935998,55793.81385058961,55459.46849935998
2025-08-06,1837.551821261832,59567.59481462964,0.0,220.80583195712316,0.0,59567.59481462964,59788.400646586764,59567.59481462964
2025-08-07,1654.6777112287868,57195.68762527614,73.70980781666738,1295.5014131992966,73.70980781666738,57269.39743309281,58491.18903847544,57269.39743309281
2025-08-08,1945.0626498148133,23396.437104786495,0.0,86.74877998831126,0.0,23396.437104786495,23483.185884774808,23396.437104786495
2025-08-09,1943.0223230398437,23285.270918938564,179.8286409973984,225.1310686755508,179.8286409973984,23465.099559935963,23510.401987614114,23465.099559935963
2025-08-10,1688.4715057407439,56269.51106565012,162.89839999999973,277.89069688952816,162.89839999999973,56432.40946565012,56547.40176253965,56432.40946565012
2025-08-11,2365.711195040732,53604.436117444806,1119.9476111749946,1119.9476111749946,1119.9476111749946,54724.3837286198,54724.3837286198,54724.3837286198
2025-08-12,1953.0644244444452,56519.75171878966,1094.8176265724214,3000.21931812997,1094.8176265724214,57614.56934536208,59519.971036919625,57614.56934536208
2025-08-13,2027.8077150000008,53459.279406534246,246.88526562499922,2318.4602862786633,246.88526562499922,53706.16467215925,55777.73969281291,53706.16467215925
2025-08-14,2191.3059099931156,55390.878584455655,1489.7358587999965,1671.7183613951279,1489.7358587999965,56880.614443255654,57062.59694585078,56880.614443255654
2025-08-15,2025.2091099878328,23346.132118248657,0.0,66.68259542076159,0.0,23346.132118248657,23412.81471366942,23346.132118248657
2025-08-16,1838.4763080802143,24176.677636669203,0.0,407.185826458305,0.0,24176.677636669203,24583.86346312751,24176.677636669203
2025-08-17,1982.2585031481542,55235.84267019048,859.0577160166664,1201.76018483582,859.0577160166664,56094.90038620715,56437.6028550263,56094.90038620715
2025-08-18,2212.340630067379,54706.21895965864,930.6141008416686,2014.46256992802,930.6141008416686,55636.83306050031,56720.68152958666,55636.83306050031
2025-08-19,2298.121023495807,53911.26281695688,1270.3383653249962,1397.2012594077037,1270.3383653249962,55181.60118228188,55308.46407636458,55181.60118228188
2025-08-20,2020.0040527178617,58358.69973147688,1288.735652149997,2555.995302832417,1288.735652149997,59647.43538362688,60914.6950343093,59647.43538362688
2025-08-21,1856.1360173228463,55296.21550822315,0.0,518.1100024052571,0.0,55296.21550822315,55814.325510628405,55296.21550822315
2025-08-22,2167.180479736222,23276.895130197263,420.8678541997322,1724.4931607426179,420.8678541997322,23697.762984396995,25001.38829093988,23697.762984396995
2025-08-23,1675.262957777778,23600.747960574976,0.0,62.49447633333408,0.0,23600.747960574976,23663.24243690831,23600.747960574976
2025-08-24,1997.8578783333346,54324.81177638802,146.56482770833253,963.175631446032,146.56482770833253,54471.37660409635,55287.98740783405,54471.37660409635
2025-08-25,2381.3694095571464,62866.27004109167,419.74115159999985,731.3339081269164,419.74115159999985,63286.01119269167,63597.60394921859,63286.01119269167
2025-08-26,2137.9192727777768,54494.291884790604,263.0723552333338,566.5525127599028,263.0723552333338,54757.36424002394,55060.84439755051,54757.36424002394
2025-08-27,2560.3988730840033,57873.71031096231,0.0,65.7178034461551,0.0,57873.71031096231,57939.42811440847,57873.71031096231
2025-08-28,2288.3205185015886,58300.1195453613,455.714133041666,2013.0360928177909,455.714133041666,58755.83367840297,60313.155638179094,58755.83367840297
2025-08-29,2284.9723215445742,24778.642824223753,0.0,109.66853253788138,0.0,24778.642824223753,24888.311356761635,24778.642824223753
2025-08-30,2208.7684731416994,24121.328005698037,0.0,299.44869979946765,0.0,24121.328005698037,24420.776705497505,24121.328005698037
2025-08-31,1694.3099828610425,54635.88831451876,787.3637764999974,1693.6218584767182,787.3637764999974,55423.25209101875,56329.51017299548,55423.25209101875
2025-09-01,2309.287822258258,50840.91669362586,0.0,0.0,0.0,50840.91669362586,50840.91669362586,50840.91669362586
2025-09-02,5948.831592777777,46550.867264873945,0.0,0.0,0.0,46550.867264873945,46550.867264873945,46550.867264873945
2025-09-03,5648.69228148148,48746.96992830669,0.0,0.0,0.0,48746.96992830669,48746.96992830669,48746.96992830669
2025-09-04,5596.134995370369,47856.87656625756,0.0,0.0,0.0,47856.87656625756,47856.87656625756,47856.87656625756
2025-09-05,5447.522305080798,18991.936219289462,0.0,0.0,0.0,18991.936219289462,18991.936219289462,18991.936219289462
2025-09-06,5173.52229808919,19812.09643083517,0.0,75.92154708108836,0.0,19812.09643083517,19888.017977916257,19812.09643083517
2025-09-07,5698.608128179295,47034.94027779762,0.0,0.0,0.0,47034.94027779762,47034.94027779762,47034.94027779762
2025-09-08,5410.496896296297,41804.999683094335,17.117500577373818,2500.3756273647823,17.117500577373818,41822.11718367171,44305.375310459116,41822.11718367171
2025-09-09,1312.440156481481,39795.63292583723,1061.57723033595,3968.856958278191,1061.57723033595,40857.210156173176,43764.48988411542,40857.210156173176
2025-09-10,1461.3145385185187,44874.413617923245,0.0,1450.7740243439862,0.0,44874.413617923245,46325.18764226723,44874.413617923245
2025-09-11,1943.671840853605,41701.679393803905,0.0,2251.487715817734,0.0,41701.679393803905,43953.16710962164,41701.679393803905
2025-09-12,1624.832408155519,15130.156864940469,0.0,917.9719149410278,0.0,15130.156864940469,16048.128779881497,15130.156864940469
2025-09-13,1711.1339422617639,14773.87134096687,0.0,774.9682771480908,0.0,14773.87134096687,15548.839618114962,14773.87134096687
2025-09-14,1767.1486360173967,45246.67375811334,534.896688371003,1462.5350684875195,534.896688371003,45781.570446484344,46709.208826600865,45781.570446484344
2025-09-15,1243.33449,40936.43940445888,92.78765555281015,1591.18416977156,92.78765555281015,41029.22706001169,42527.623574230434,41029.22706001169
2025-09-16,1778.285831666668,45658.76863791036,32.39882176666639,994.1578884317909,32.39882176666639,45691.167459677024,46652.926526342155,45691.167459677024
2025-09-17,1275.8299997317024,44645.64929282814,0.0,297.45023215021234,0.0,44645.64929282814,44943.09952497835,44645.64929282814
2025-09-18,1511.9753933822499,43595.72373803893,263.12057193303326,1062.9457477723963,263.12057193303326,43858.84430997196,44658.669485811326,43858.84430997196
2025-09-19,1356.9763203703703,15581.124085656887,0.0,1072.0155222464552,0.0,15581.124085656887,16653.139607903344,15581.124085656887
2025-09-20,1909.9403638931606,14948.715899296682,358.4515395559455,1726.9920485238267,358.4515395559455,15307.167438852626,16675.70794782051,15307.167438852626
2025-09-21,1781.593083812385,44873.54750517168,0.0,725.0664536526576,0.0,44873.54750517168,45598.61395882434,44873.54750517168
2025-09-22,1799.1870620610289,46256.9572134663,71.12782666666574,998.0925452806572,71.12782666666574,46328.085040132966,47255.04975874696,46328.085040132966
2025-09-23,1442.8387881481497,47085.99520249381,64.92170495000013,992.7708623580024,64.92170495000013,47150.91690744381,48078.766064851814,47150.91690744381
2025-09-24,1865.0474044522348,44316.75301757606,0.0,1094.930335531424,0.0,44316.75301757606,45411.68335310749,44316.75301757606
2025-09-25,2173.052755925925,46054.933264154766,0.0,515.986061312566,0.0,46054.933264154766,46570.91932546733,46054.933264154766
2025-09-26,2047.5906078586559,15598.804909625433,0.0,14.945275449301278,0.0,15598.804909625433,15613.750185074734,15598.804909625433
2025-09-27,2011.3932466666704,16165.663655001656,0.0,527.2305473311942,0.0,16165.663655001656,16692.89420233285,16165.663655001656
2025-09-28,1636.320481111114,48001.1320687409,0.0,872.8944680402661,0.0,48001.1320687409,48874.026536781166,48001.1320687409
2025-09-29,2345.887490143615,47751.32241138603,912.1951036441724,1580.3267594757845,912.1951036441724,48663.5175150302,49331.64917086181,48663.5175150302
2025-09-30,2032.790957466653,49945.16374917515,83.61185351666666,317.94556410602655,83.61185351666666,50028.77560269182,50263.10931328118,50028.77560269182
2025-10-01,2331.546736376804,42180.25775932659,0.0,29.41620166666714,0.0,42180.25775932659,42209.673960993256,42180.25775932659
2025-10-02,4364.129015202915,43541.14021908047,0.0,89.39047456490471,0.0,43541.14021908047,43630.53069364538,43541.14021908047
2025-10-03,4502.836773299382,13362.645277683994,0.0,56.1450551666652,0.0,13362.645277683994,13418.79033285066,13362.645277683994
2025-10-04,4317.627589814813,14998.410565804392,0.0,532.9666876477941,0.0,14998.410565804392,15531.377253452185,14998.410565804392
2025-10-05,4179.228214621981,42820.99260339619,0.0,326.01392237377985,0.0,42820.99260339619,43147.00652576997,42820.99260339619
2025-10-06,4134.056810555557,42718.97209008306,0.0,0.0,0.0,42718.97209008306,42718.97209008306,42718.97209008306
2025-10-07,4039.9689471820147,43454.61230938713,0.0,376.8395583959985,0.0,43454.61230938713,43831.45186778313,43454.61230938713
2025-10-08,3947.9902235786403,37972.56626524911,1417.408814332939,3358.128763007291,1417.408814332939,39389.975079582044,41330.6950282564,39389.975079582044
2025-10-09,1595.7162092592594,42352.35323739989,1746.0514354310885,2230.3604918199244,1746.0514354310885,44098.40467283098,44582.71372921982,44098.40467283098
2025-10-10,1507.7290553703701,13150.917086094982,683.1715845487978,2366.934617425569,683.1715845487978,13834.08867064378,15517.851703520551,13834.08867064378
2025-10-11,1253.8509546296295,13727.014771093116,928.3788552474678,1685.387623327248,928.3788552474678,14655.393626340583,15412.402394420364,14655.393626340583
2025-10-12,1646.4469950065347,40261.65655426624,4441.175850151341,8044.114543253456,4441.175850151341,44702.83240441758,48305.7710975197,44702.83240441758
2025-10-13,1339.396653148148,41526.11357093236,0.0,1612.882729681143,0.0,41526.11357093236,43138.9963006135,41526.11357093236
2025-10-14,1663.4792596589484,44005.38317866738,383.66687125736223,1307.010115214842,383.66687125736223,44389.05004992474,45312.393293882225,44389.05004992474
2025-10-15,1340.707159814815,44896.20894876261,0.0,374.9619660526248,0.0,44896.20894876261,45271.17091481523,44896.20894876261
2025-10-16,1622.2353879629663,45252.12855990647,0.0,1063.3876346563156,0.0,45252.12855990647,46315.51619456279,45252.12855990647
2025-10-17,1616.5802732309257,13699.855847327637,0.0,44.983119671754466,0.0,13699.855847327637,13744.838966999392,13699.855847327637
2025-10-18,1597.5387059507873,14064.239701489187,0.0,187.40638344683174,0.0,14064.239701489187,14251.64608493602,14064.239701489187
2025-10-19,1849.6291107935454,45899.203390489594,13.860134835822903,955.5006522540054,13.860134835822903,45913.063525325415,46854.7040427436,45913.063525325415
2025-10-20,1602.2260587037044,47856.18286154174,0.0,434.6692800476513,0.0,47856.18286154174,48290.85214158939,47856.18286154174
2025-10-21,1375.801578148148,48506.44038759275,0.0,353.4771244598836,0.0,48506.44038759275,48859.917512052634,48506.44038759275
2025-10-22,1650.1998806840397,46636.84735764939,0.0,516.0593767458328,0.0,46636.84735764939,47152.90673439523,46636.84735764939
2025-10-23,1400.9796252479198,49464.77019653859,0.0,714.816499925697,0.0,49464.77019653859,50179.58669646429,49464.77019653859
2025-10-24,1719.046443514691,14231.454050264216,67.07432667632429,305.8350803338192,67.07432667632429,14298.52837694054,14537.289130598036,14298.52837694054
2025-10-25,1542.7253286143853,14366.515967935768,345.86629759897613,896.2239844914243,345.86629759897613,14712.382265534743,15262.739952427191,14712.382265534743
2025-10-26,1460.383734606374,48467.60246141789,0.0,369.9853665764732,0.0,48467.60246141789,48837.587827994364,48467.60246141789
2025-10-27,2076.2549439287236,47586.50330115058,98.3100230666664,195.50985924999853,98.3100230666664,47684.81332421725,47782.01316040058,47684.81332421725
2025-10-28,2022.1283842592577,48151.10763586819,0.0,259.11527141431026,0.0,48151.10763586819,48410.2229072825,48151.10763586819
2025-10-29,1944.1898435185212,51541.55331546998,0.0,152.96022764999734,0.0,51541.55331546998,51694.51354311998,51541.55331546998
2025-10-30,1878.6357049999992,48039.53306793336,17.628294249999538,156.32475134416015,17.628294249999538,48057.16136218335,48195.85781927752,48057.16136218335
2025-10-31,1731.0847561111145,15531.174382902713,0.0,746.6286326536175,0.0,15531.174382902713,16277.80301555633,15531.174382902713
2025-11-01,2002.534374580785,14648.87633897024,0.0,222.89073164779475,0.0,14648.87633897024,14871.767070618034,14648.87633897024
2025-11-02,2088.4359018683826,51834.818262499015,763.4028398189859,784.2478253499851,763.4028398189859,52598.221102318,52619.066087849,52598.221102318
2025-11-03,1567.580926111111,53184.40489026232,0.0,888.0966712856091,0.0,53184.40489026232,54072.50156154793,53184.40489026232
2025-11-04,1884.717670097535,49593.441085822604,340.2349602296616,1530.5625235769226,340.2349602296616,49933.676046052264,51124.00360939953,49933.676046052264
2025-11-05,1473.769461666667,54020.91073395964,125.19035864916722,873.3725162637214,125.19035864916722,54146.101092608806,54894.28325022336,54146.101092608806
2025-11-06,1962.458414629629,53078.989783155404,84.52195437407659,258.79373183673687,84.52195437407659,53163.51173752948,53337.783514992145,53163.51173752948
2025-11-07,1601.4609971136847,14920.67327965147,0.0,468.4003441760283,0.0,14920.67327965147,15389.073623827499,14920.67327965147
2025-11-08,1788.8070105327442,15189.782942456884,0.0,371.80272739330894,0.0,15189.782942456884,15561.585669850194,15189.782942456884
2025-11-09,1773.213014409913,53363.148906600174,0.0,449.4915676467357,0.0,53363.148906600174,53812.64047424691,53363.148906600174
2025-11-10,1921.5583686434006,57294.90100577487,358.45265298056665,711.1576720774999,358.45265298056665,57653.35365875543,58006.058677852365,57653.35365875543
2025-11-11,1580.1919668518515,54867.10734138769,0.0,16.692858218245128,0.0,54867.10734138769,54883.80019960593,54867.10734138769
2025-11-12,1848.2847190740736,54920.29572333402,57.06534666666657,513.5490418556572,57.06534666666657,54977.36107000069,55433.84476518968,54977.36107000069
2025-11-13,1779.3467665574292,54248.834726055444,760.2952327259229,2749.8678968064364,760.2952327259229,55009.12995878137,56998.70262286188,55009.12995878137
2025-11-14,1779.5870507407406,15632.018178882305,0.0,90.99827906675287,0.0,15632.018178882305,15723.016457949057,15632.018178882305
2025-11-15,1894.4700882173104,16597.897040208067,0.0,385.5650013038635,0.0,16597.897040208067,16983.46204151193,16597.897040208067
2025-11-16,1610.2188903703707,56996.243152653085,0.0,661.2625433886134,0.0,56996.243152653085,57657.5056960417,56996.243152653085
2025-11-17,1751.0046244444443,57295.04593290778,0.0,0.0,0.0,57295.04593290778,57295.04593290778,57295.04593290778
2025-11-18,2254.3311873486527,55802.8576848163,0.0,202.82219102306556,0.0,55802.8576848163,56005.67987583936,55802.8576848163
2025-11-19,1966.5346583333353,59110.797573262345,0.0,450.0583116122475,0.0,59110.797573262345,59560.855884874596,59110.797573262345
2025-11-20,1650.9494964814821,56370.653811870565,0.0,493.5740986240172,0.0,56370.653811870565,56864.227910494585,56370.653811870565
2025-11-21,1824.6231161111155,16562.80675796065,0.0,51.82666334999963,0.0,16562.80675796065,16614.63342131065,16562.80675796065
2025-11-22,1965.7539726697041,17141.233997577292,0.0,371.34193651194,0.0,17141.233997577292,17512.575934089233,17141.233997577292
2025-11-23,1740.878138659861,58422.64158439255,0.0,325.13021756844824,0.0,58422.64158439255,58747.771801961,58422.64158439255
2025-11-24,1876.5759524585735,54874.33926354133,0.0,1487.0368384587039,0.0,54874.33926354133,56361.37610200004,54874.33926354133
2025-11-25,1354.6080152765412,61545.992926286024,0.0,574.8641209812879,0.0,61545.992926286024,62120.85704726731,61545.992926286024
2025-11-26,1691.828371851852,60458.02019872876,0.0,827.2766514335078,0.0,60458.02019872876,61285.29685016227,60458.02019872876
2025-11-27,2148.6803279409714,59256.75726460508,0.0,250.2147072237775,0.0,59256.75726460508,59506.97197182886,59256.75726460508
2025-11-28,1991.754058150019,16375.572198142185,443.6412834749969,1105.7916116800152,443.6412834749969,16819.213481617182,17481.3638098222,16819.213481617182
2025-11-29,1803.0618545309999,19381.88128228687,0.0,60.28031414139861,0.0,19381.88128228687,19442.16159642827,19381.88128228687
2025-11-30,1779.4427627525374,62319.700108846344,0.0,909.5153306351647,0.0,62319.700108846344,63229.21543948151,62319.700108846344
2025-12-01,1835.3954746296317,67410.71194261097,20489.677629306672,24329.864769237305,18032.57869190636,87900.38957191765,91740.57671184828,85443.29063451733
2025-12-02,1604.6917064126628,71842.74023588671,16676.242591444287,21099.52306247174,17998.798727392914,88518.982827331,92942.26329835845,89841.53896327963
2025-12-03,1421.3895061111111,71712.73164020959,8754.78859463388,12348.900295916772,9532.76110431274,80467.52023484347,84061.63193612636,81245.49274452233
2025-12-04,1444.8875746006975,70139.12331772334,15867.210676255192,18971.286620506387,15843.819353532537,86006.33399397854,89110.40993822973,85982.94267125588
2025-12-05,1308.3183537037048,20936.190192976035,1553.3030414483437,7745.483127380179,1553.071900893327,22489.49323442438,28681.673320356214,22489.26209386936
2025-12-06,1484.8866444557557,22762.88847519934,135.56515222749036,5774.022036104022,135.56515222749036,22898.45362742683,28536.910511303362,22898.45362742683
2025-12-07,1582.9828983784041,72646.94485539713,4335.977850445377,9354.669828666703,4368.560568683718,76982.9227058425,82001.61468406384,77015.50542408085
2025-12-08,1480.111252777778,77934.10558549513,0.0,214.71141463957892,0.0,77934.10558549513,78148.8170001347,77934.10558549513
2025-12-09,1884.8268477640568,75720.57051675464,0.0,340.27433849475887,0.0,75720.57051675464,76060.8448552494,75720.57051675464
2025-12-10,1921.873600348494,75173.03381543742,0.0,726.844562167017,0.0,75173.03381543742,75899.87837760443,75173.03381543742
2025-12-11,1770.1194937037021,74212.2029566364,0.0,322.1190048202837,0.0,74212.2029566364,74534.32196145669,74212.2029566364
2025-12-12,1929.9636626534073,25730.299899967606,0.0,0.0,0.0,25730.299899967606,25730.299899967606,25730.299899967606
2025-12-13,2055.2410507407417,25867.541590821438,0.0,0.0,0.0,25867.541590821438,25867.541590821438,25867.541590821438
2025-12-14,2211.512335185183,76795.39288160682,0.0,0.0,0.0,76795.39288160682,76795.39288160682,76795.39288160682
2025-12-15,1956.6254761111122,76644.00175220787,0.0,233.62277036693808,0.0,76644.00175220787,76877.62452257481,76644.00175220787
2025-12-16,1812.564419365713,76770.48674195829,0.0,0.0,0.0,76770.48674195829,76770.48674195829,76770.48674195829
2025-12-17,1796.0829520370357,76073.22764614323,0.0,1447.3404854749153,0.0,76073.22764614323,77520.56813161814,76073.22764614323
2025-12-18,1864.5685927777818,73507.4866401825,0.0,171.24589826866608,0.0,73507.4866401825,73678.73253845116,73507.4866401825
2025-12-19,1821.3314368928482,24487.900731635993,0.0,99.9580381602248,0.0,24487.900731635993,24587.858769796218,24487.900731635993
2025-12-20,1758.0478381981375,25044.43918168384,0.0,178.9526607449735,0.0,25044.43918168384,25223.391842428813,25044.43918168384
2025-12-21,1855.6040621750515,76084.87822699384,0.0,273.4338313757756,0.0,76084.87822699384,76358.31205836961,76084.87822699384
2025-12-22,2006.9711249432098,75387.46582040073,104.53822175374822,455.4165645177637,104.53822175374822,75492.00404215448,75842.8823849185,75492.00404215448
2025-12-23,1608.2882938888886,75242.71440659255,0.0,145.07429173981006,0.0,75242.71440659255,75387.78869833237,75242.71440659255
2025-12-24,1962.5693150090858,74263.09506843801,0.0,853.2560881847603,0.0,74263.09506843801,75116.35115662277,74263.09506843801
2025-12-25,1709.0299551851883,72754.30181018573,0.0,118.22296756506432,0.0,72754.30181018573,72872.52477775079,72754.30181018573
2025-12-26,1877.3836150000009,23292.33870210188,0.0,1017.6994378842987,0.0,23292.33870210188,24310.038139986176,23292.33870210188
2025-12-27,2397.256060486838,22782.44686807998,0.0,502.81902869635354,0.0,22782.44686807998,23285.265896776335,22782.44686807998
2025-12-28,2116.4738486098995,71126.54357410499,75.2454335453822,755.5455761445317,75.2454335453822,71201.78900765037,71882.08915024952,71201.78900765037
2025-12-29,1922.267254444447,72181.0520037062,0.0,360.26111328725153,0.0,72181.0520037062,72541.31311699345,72181.0520037062
2025-12-30,1820.84595277778,70113.10048517163,350.9536858816256,1769.3060025183247,350.9536858816256,70464.05417105326,71882.40648768995,70464.05417105326
2025-12-31,1794.5384991284632,72932.8971275681,54.97568757624547,952.0394400956479,54.97568757624547,72987.87281514434,73884.93656766374,72987.87281514434
