date,grid_kwh,charge_kwh,discharge_kwh,emergency_kwh,unused_kwh,planned_cost,emergency_cost,total_cost,soc_start_kwh,soc_end_kwh
2025-02-01,45168.077383162934,18628.93871902797,14718.80608110313,0.0,6879.768811904764,23779.128409174005,0.0,23779.128409174005,2263.2065799206325,2675.0224480423294
2025-02-02,91159.09660747724,21557.922153468542,17626.43497142857,0.0,8871.33147543727,57664.889520842175,0.0,57664.889520842175,2675.0224480423294,2492.2246401322795
2025-02-03,89777.72919481166,22565.25755820105,18310.477892857143,0.0,5306.033029467757,56608.51227211915,0.0,56608.51227211915,2492.2246401322795,2455.981006005292
2025-02-04,90505.62313890591,23720.71299840794,19278.074493305663,0.0,4868.120683803636,57085.183550047346,0.0,57085.183550047346,2455.981006005292,2384.539934232804
2025-02-05,89362.69177092807,23439.739120779275,19186.359031450265,20.927042857142965,4381.811741122872,56228.62064898079,98.02226874285765,56326.64291772365,2384.539934232804,2162.128441322751
2025-02-06,90475.50137046668,22360.973390491115,18077.536448154948,13.05684761904763,5934.064059082893,57235.068611272494,75.84069939523816,57310.90931066773,2162.128441322751,2200.8528837037047
2025-02-07,43442.610422875296,18576.212795711115,15320.74178524029,0.0,8381.4597457378,22726.846543395623,0.0,22726.846543395623,2200.8528837037047,1896.397971798939
2025-02-08,39356.57752265015,18100.748379307537,14709.541348691488,0.0,4388.207775367435,20679.25431782832,0.0,20679.25431782832,1896.397971798939,1843.1366812962922
2025-02-09,85372.73505279107,23811.357507703204,19587.710245858645,0.0,1593.6718242798447,53488.8471597694,0.0,53488.8471597694,1843.1366812962922,1509.2359428306902
2025-02-10,87005.94252162364,20965.334685755457,16974.589572009532,0.0,8688.559824544378,54511.15889738132,0.0,54511.15889738132,1509.2359428306902,1517.3820800000021
2025-02-11,85032.15883476776,22109.696102444246,17906.28507514651,32.4036935000001,5640.554367636687,53068.160924264375,164.52760306925092,53232.68852733362,1517.3820800000021,1520.2362664814814
2025-02-12,84546.03159469749,22002.16689142278,17804.07697388578,0.0,5081.205543827155,52749.71156453347,0.0,52749.71156453347,1520.2362664814814,1539.8787200000008
2025-02-13,83932.52039920031,19949.136916317715,16050.780023407824,0.0,8704.68448962375,52358.45307647426,0.0,52358.45307647426,1539.8787200000008,1659.9019186772475
2025-02-14,36507.58418918386,17801.562088974722,14311.188147498095,0.0,3215.408431040563,19362.823297805826,0.0,19362.823297805826,1659.9019186772475,1779.987634867724
2025-02-15,35913.93836808812,17359.83615174631,14355.28595981927,0.0,3629.297076161084,19024.803693195307,0.0,19024.803693195307,1779.987634867724,1453.5224383068794
2025-02-16,81496.6270058732,23610.614906883904,19033.370637695014,3.660716666666758,1545.6643533509766,50512.890299446306,16.03210864166707,50528.92240808797,1453.5224383068794,1554.886257063497
2025-02-17,80784.14762447054,20636.261463439165,16656.158810838104,0.0,5620.18180520282,49924.85043264373,0.0,49924.85043264373,1554.886257063497,1620.6784510052937
2025-02-18,80290.0787407807,21568.310020084016,17241.921539268056,0.0,3872.302476631397,49741.08155848502,0.0,49741.08155848502,1620.6784510052937,1874.4668698941807
2025-02-19,79221.01928495501,22723.037807201647,18982.711226190477,39.18791666666664,2640.5532372771645,49052.661062946165,171.60388708333323,49224.2649500295,1874.4668698941807,1233.2995339418007
2025-02-20,79570.62175387051,22276.973518607447,17662.654999833936,37.26169523809483,4000.431197001758,49000.48047168567,169.68356094404572,49170.16403262971,1233.2995339418007,1657.4034786507943
2025-02-21,35413.724045807176,17162.066424880133,13849.11861458148,0.0,6540.514202175194,18682.0786003991,0.0,18682.0786003991,1657.4034786507943,1715.3536892857155
2025-02-22,35205.74843895826,17099.690842751956,13706.970081248131,0.0,3968.2647941211053,18608.183578622502,0.0,18608.183578622502,1715.3536892857155,1875.1086908201046
2025-02-23,78218.83675673635,22062.86144582918,18153.55782821687,4.804857142857259,2782.484312933564,48238.26310104464,21.8596975714291,48260.12279861607,1875.1086908201046,1561.0641829365081
2025-02-24,77917.63558297174,21420.444774780855,17132.65334407249,43.80228809523794,5470.6128236919385,47835.614239933726,202.80156906428502,48038.41580899801,1561.0641829365081,1803.1829868253967
2025-02-25,77631.6724482856,19575.886837390728,16133.198599834113,22.63107142857143,8390.292048824222,47777.229030546485,99.1014617857143,47876.3304923322,1803.1829868253967,1495.7049184391547
2025-02-26,77586.34846153112,22136.5329789116,17357.36267434697,0.0,3992.330123633155,47642.93950347918,0.0,47642.93950347918,1495.7049184391547,2132.6260724074086
2025-02-27,75595.99696855631,22833.21717235616,18758.81977910849,0.0,4565.015375308645,46403.36894072486,0.0,46403.36894072486,2132.6260724074086,1839.3884396296305
2025-02-28,34433.18435911176,16459.23782186826,13357.918960022815,0.0,8039.271947266316,18085.41472109473,0.0,18085.41472109473,1839.3884396296305,1810.570301507938
2025-03-01,34434.81324955851,15828.919118546404,12792.934226689256,0.0,7740.062424368024,18156.42983820765,0.0,18156.42983820765,1810.570301507938,1842.226145211643
2025-03-02,75340.35324212894,21067.855395039536,17356.367402672502,2419.8260645238092,1690.3842476190493,46146.7446130244,16443.993741105118,62590.73835412952,1842.226145211643,1518.443331111111
2025-03-03,75913.36750867813,23048.364152682643,18701.78190900628,1739.3459177142834,1288.9845493827147,46510.83852611463,8303.893405643097,54814.731931757735,1518.443331111111,1482.213391851852
2025-03-04,77894.7054073516,22018.8617508836,17657.401412168096,0.0,4333.787135302763,47868.62507183194,0.0,47868.62507183194,1482.213391851852,1679.8540652380937
2025-03-05,78699.90492012032,19702.049097882533,15980.554296427703,0.0,8847.93810199882,48410.3254513851,0.0,48410.3254513851,1679.8540652380937,1655.5268128571447
2025-03-06,78220.03027356688,19391.051680419456,15718.206842449283,0.0,8606.53130226337,48321.48876648741,0.0,48321.48876648741,1655.5268128571447,1642.7990558465629
2025-03-07,33980.584122809516,15209.53126031586,12004.783143355851,0.0,9853.550472516172,17921.95814367003,0.0,17921.95814367003,1642.7990558465629,1992.7292530687803
2025-03-08,31683.461760805934,15188.041150935642,12295.441286543575,0.0,9727.722379747203,16969.253745848906,0.0,16969.253745848906,1992.7292530687803,2000.3648594179933
2025-03-09,74519.79902843235,20456.930703247068,16753.436483868223,0.0,7482.779759053499,45789.90285102933,0.0,45789.90285102933,2000.3648594179933,1796.673065820106
2025-03-10,73364.03057282908,21689.356804027047,17602.153311785714,0.0,1234.7556305877572,44955.02438614647,0.0,44955.02438614647,1796.673065820106,1759.1460652380945
2025-03-11,73244.00319677287,20788.22561513246,16613.677425590628,0.0,5130.536207231047,44541.57587206369,0.0,44541.57587206369,1759.1460652380945,2008.9075348677206
2025-03-12,72306.43050387563,20072.941157201654,16573.562716666667,0.0,6371.5173800073035,44066.761079402066,0.0,44066.761079402066,2008.9075348677206,1659.4848911640177
2025-03-13,71672.84271139845,21700.034194330095,17638.769338954997,969.5756225456103,1035.535461902292,43503.96365776199,4837.691834837452,48341.65549259944,1659.4848911640177,1590.8830672222225
2025-03-14,30786.725465567906,15216.143416015375,11969.143415115312,0.0,11510.299481334509,16334.703323977934,0.0,16334.703323977934,1590.8830672222225,1986.363902619049
2025-03-15,30763.307491082272,14455.11948806104,12228.10339606754,0.0,7612.166249088774,16318.850872342764,0.0,16318.850872342764,1986.363902619049,1409.1898906878318
2025-03-16,72135.20966307438,21497.15832013841,16996.925097216874,0.0,4283.929506819513,43704.07519687547,0.0,43704.07519687547,1409.1898906878318,1871.1600485714284
2025-03-17,71770.19189587851,19002.813127750953,15167.459387692554,0.0,10076.706722486771,43446.42999186822,0.0,43446.42999186822,1871.1600485714284,2120.959210555558
2025-03-18,69629.40314443191,21502.63634326866,17758.23170254762,0.0,4759.040137044202,42127.66748391758,0.0,42127.66748391758,2120.959210555558,1741.9633611111105
2025-03-19,70392.89008725477,21358.09713480571,16917.884728121197,0.0,6487.207230570253,42552.898018872664,0.0,42552.898018872664,1741.9633611111105,2166.60108452381
2025-03-20,69766.53984702313,20628.29109912081,16810.40035735928,0.0,3739.6872885949347,42448.785381508525,0.0,42448.785381508525,2166.60108452381,2053.8404544444456
2025-03-21,29841.042579237353,14087.795062060193,11762.201048578278,0.0,15481.984049088773,15814.011484576013,0.0,15814.011484576013,2053.8404544444456,1663.743734100531
2025-03-22,30999.532210071146,14411.55479349925,11002.337005591537,0.0,11709.1146888301,16462.81945032074,0.0,16462.81945032074,1663.743734100531,2409.324153148146
2025-03-23,67152.56675090038,20185.1518649681,17013.272877957486,30.73320207142831,5241.700849294529,40512.45328298023,214.39481765028387,40726.848100630516,2409.324153148146,1672.3243005555553
2025-03-24,66652.29781810724,21080.06779536854,16990.087676367562,58.22489405953384,4622.045509832461,40245.969899338175,199.44265812559306,40445.41255746377,1672.3243005555553,1766.5101204232792
2025-03-25,65822.66684041766,21612.09414209118,17777.180906141468,20.156961904763463,1057.7858497060463,39672.10525694582,94.07422527619755,39766.17948222202,1766.5101204232792,1464.9716192592584
2025-03-26,66288.26491710787,20469.910137770265,16482.265487093915,0.0,6708.065399764851,39821.51190105767,0.0,39821.51190105767,1464.9716192592584,1574.2624242592588
2025-03-27,65910.90827598497,20657.24470840507,16638.30437042715,0.0,3174.9785380070584,39759.846682119445,0.0,39759.846682119445,1574.2624242592588,1678.77780579365
2025-03-28,29966.553132059194,14271.161463911905,11141.838600959116,0.0,16015.349502439742,15621.675879967815,0.0,15621.675879967815,1678.77780579365,2143.00245558201
2025-03-29,29120.19433352894,13364.796628080141,11126.528536673482,0.0,19174.71705878895,15114.865200083334,0.0,15114.865200083334,2143.00245558201,1808.5099356613796
2025-03-30,64075.54288741941,20285.467296500276,16273.765625189033,0.0,4718.22151610817,38718.179948272016,0.0,38718.179948272016,1808.5099356613796,1983.468696746028
2025-03-31,63260.44844896488,19256.930600754193,15822.868778848988,40.919916738091615,2915.9170604644405,38065.180300545006,272.4346691649272,38337.61496970993,1983.468696746028,1733.7409275925925
2025-04-01,63895.719219923165,19551.660189202325,15844.03292525388,283.82853700000373,263.0689763080544,38502.31710269481,1731.291112167604,40233.60821486241,1733.7409275925925,1725.7540698148148
2025-04-02,63884.27489376204,21318.585249255,17354.894304761903,883.1529193965508,368.4014686654923,38352.39004270695,4302.595735016734,42654.98577772368,1725.7540698148148,1629.2648999644264
2025-04-03,65527.73993655651,21251.677342689003,17023.241679236544,0.0,5435.774006437386,39156.04005931972,0.0,39156.04005931972,1629.2648999644264,1841.0615314550278
2025-04-04,28706.914867802927,13562.438953594723,10852.257779530777,0.0,19565.93144373898,14825.332738334639,0.0,14825.332738334639,1841.0615314550278,1989.1923902116407
2025-04-05,28747.781413605288,12835.547513784759,10586.582733189467,0.0,14454.701649676663,14923.268893436007,0.0,14923.268893436007,1989.1923902116407,1778.3154490740735
2025-04-06,64387.07316073573,20077.702371044812,16385.550073712966,0.0,6284.844596737215,38397.25178414141,0.0,38397.25178414141,1778.3154490740735,1642.0808344444456
2025-04-07,63421.871014396944,19177.168260483595,15496.008195586954,0.0,6497.9916661669695,37947.627469417515,0.0,37947.627469417515,1642.0808344444456,1683.7453848941816
2025-04-08,63993.10131630751,20350.90895098882,16715.723209872376,0.0,6004.721958524402,38300.05998327366,0.0,38300.05998327366,1683.7453848941816,1426.5376520370376
2025-04-09,63613.08695435287,20115.39568330619,16322.84940114468,508.3647572619026,1194.5944127865994,38104.275541946605,3546.1065916590323,41650.38213360564,1426.5376520370376,1393.894432407407
2025-04-10,63794.87978606943,20678.03221840279,16390.25736554912,0.0,5046.467033215759,38207.59849488984,0.0,38207.59849488984,1393.894432407407,1792.7263561375617
2025-04-11,28084.948800554175,12983.048273220538,10508.121304618157,0.0,20293.371665285125,14440.49744950259,0.0,14440.49744950259,1792.7263561375617,1801.7794635714245
2025-04-12,28525.27149211796,12465.924278423348,9769.854426046713,0.0,16804.041089741324,14745.81730006389,0.0,14745.81730006389,1801.7794635714245,2165.7175074338616
2025-04-13,61482.53101979785,19071.94965912507,15749.005006581783,0.0,3883.2278839212263,36974.547331315225,0.0,36974.547331315225,2165.7175074338616,1831.5777488888916
2025-04-14,61647.554385288706,19084.554684639348,15536.728563724544,4.533123809521953,5576.229588183423,36795.598510535274,31.623071695225146,36827.2215822305,1831.5777488888916,1744.6452275925924
2025-04-15,62234.054768945425,18255.85803763779,14519.183013724702,0.0,8357.950911699005,37350.054108875636,0.0,37350.054108875636,1744.6452275925924,2042.4918906613793
2025-04-16,61161.042815350105,18726.236614746846,15340.012543635425,0.0,1995.2267942386836,36782.85582897392,0.0,36782.85582897392,2042.4918906613793,1851.646462116403
2025-04-17,61287.572784112956,18863.335954598344,15196.113470867516,0.0,4752.007950382125,36847.36568645419,0.0,36847.36568645419,1851.646462116403,1944.0782980687807
2025-04-18,27675.12690449305,12866.55490966977,10078.158478427751,0.0,18532.613289917696,14175.692058136292,0.0,14175.692058136292,1944.0782980687807,2326.023851851853
2025-04-19,26516.273019818265,12187.8711853952,10095.16276431297,0.0,17638.885348736036,13634.101512048866,0.0,13634.101512048866,2326.023851851853,2078.260402804231
2025-04-20,60383.95815179927,19085.53316977336,15499.407088873566,0.0,4840.087187566145,36221.5054429184,0.0,36221.5054429184,2078.260402804231,2033.676823518518
2025-04-21,60796.0999696123,17347.255388644535,14361.161041254454,0.0,9293.095238888889,36364.502310257754,0.0,36364.502310257754,2033.676823518518,1689.361071904762
2025-04-22,59327.90200189714,18436.22669662901,14838.588506959977,0.0,3577.3344955614384,35764.0305345509,0.0,35764.0305345509,1689.361071904762,1794.6445355820097
2025-04-23,60064.175998185645,17952.454655349804,14277.99764047619,0.0,4989.8022666453635,35913.83489260353,0.0,35913.83489260353,1794.6445355820097,2087.4119026455037
2025-04-24,58421.36850596908,17338.982827464988,14245.612973818066,0.0,8237.891952322163,35136.895687242686,0.0,35136.895687242686,2087.4119026455037,1864.0375875661389
2025-04-25,26110.11566279295,11869.886208587242,9760.636123836619,0.0,22000.507928042327,13119.429837151167,0.0,13119.429837151167,1864.0375875661389,1701.7839265872992
2025-04-26,26328.95788430973,12189.049832602612,9959.838223836683,0.0,24029.552642210467,13186.575725814319,0.0,13186.575725814319,1701.7839265872992,1605.4418605555577
2025-04-27,56000.93455500973,19307.977787075848,15707.969423531444,615.6472379585546,4443.102246090542,33374.892668334214,3033.906261119866,36408.798929454075,1605.4418605555577,1529.3225094444444
2025-04-28,57051.396275126215,15983.458916458407,12769.84436516464,3656.7958324285714,872.6102395943532,34254.781615244494,23143.52272001852,57398.30433526301,1529.3225094444444,1725.719572962963
2025-04-29,57878.68466370318,17822.720965085868,14268.22681405289,236.1573789523785,7127.1341749559115,34612.80093015596,1576.5726476565103,36189.37357781247,1725.719572962963,1912.5830925925934
2025-04-30,57129.27673763758,17468.067186987584,14519.308929126617,8.27621666666621,5931.940263109939,34327.868131550415,38.61682696666454,34366.48495851708,1912.5830925925934,1501.2780840740745
2025-05-01,56530.696063662326,19188.03907686377,15803.705477926325,2105.1728791904775,4240.156543915359,34157.01817007485,11032.981245524574,45189.99941559943,1501.2780840740745,1210.8405
2025-05-02,26823.698160166114,12978.263074307866,10522.149540189372,1864.4886525238092,11941.753195238094,13677.517229004585,10277.73699938682,23955.254228391404,1210.8405,1200.0
2025-05-03,27335.355558990363,12787.646079099286,10343.333924903756,1157.1235963809509,17180.99535117578,13963.374843580586,6291.262553815181,20254.637397395767,1200.0,1216.2882212962963
2025-05-04,60028.8915892022,17140.937433726056,13846.657420484775,1363.6484524047617,6363.592695032342,36001.52623244077,7554.874286783506,43556.40051922428,1216.2882212962963,1257.9569999999999
2025-05-05,60533.11771381658,18986.689852636307,15403.755030635408,2222.097642677868,4096.273734493548,36265.950942751064,11565.38652271619,47831.33746546725,1257.9569999999999,1230.6945
2025-05-06,60369.97350516954,19860.902093894856,16114.955746054833,1214.288237261908,4968.233027924757,36296.197730879256,6037.433309204257,42333.631040083514,1230.6945,1200.0
2025-05-07,61521.43410591445,18987.265781031223,15241.908872635291,1306.889247190476,4015.1204947089955,36977.2834951101,7763.586291572928,44740.86978668303,1200.0,1353.0848999999998
2025-05-08,64898.26830379807,19286.314547433438,14303.151860302038,82.43748333333326,4171.030700000002,40447.83924521701,556.4308677666662,41004.27011298368,1353.0848999999998,2818.377036798941
2025-05-09,29553.324746502258,12372.612799393048,9504.003038722654,2.3545833333333235,18187.683719165198,16812.921727238263,10.787523541666621,16823.709250779928,2818.377036798941,3393.7251798941825
2025-05-10,28857.518399871795,11305.327205184729,9459.853585842491,0.0,14890.99949719622,16623.40593217904,0.0,16623.40593217904,3393.7251798941825,3057.5712358465557
2025-05-11,64421.264486069485,17079.526321724617,14076.214470311217,27.56166666666661,5961.435217989417,40117.721169558106,185.28330416666628,40303.00447372477,3057.5712358465557,2788.9066250529117
2025-05-12,65330.370941234134,15313.60621345267,12266.057631301424,0.0,10351.62712574956,40418.5103782819,0.0,40418.5103782819,2788.9066250529117,2942.1992934920645
2025-05-13,65103.76335901016,17145.618290019098,13735.550689915472,0.0,8564.482992239864,40362.11368252322,0.0,40362.11368252322,2942.1992934920645,3111.5327657142866
2025-05-14,65182.28299503474,16365.751036362795,13317.138034596726,0.0,9119.521209935338,40528.63581769504,0.0,40528.63581769504,3111.5327657142866,3043.8886600000005
2025-05-15,64207.226276029505,17231.466450248154,13623.08592086767,0.0,7833.78746331569,39947.802788952926,0.0,39947.802788952926,3043.8886600000005,3415.4463309259263
2025-05-16,27711.13257585667,10709.128268724864,9406.595886048091,0.0,23693.093659846563,15907.381674344057,0.0,15907.381674344057,3415.4463309259263,2601.888566058202
2025-05-17,28929.3443249855,11615.059667882178,9130.369488722665,0.0,15995.85506249265,16442.474767894088,0.0,16442.474767894088,2601.888566058202,2910.587279682537
2025-05-18,63268.141816378906,17032.028118185946,13654.652424587755,0.0,6214.598022780717,39587.17309923604,0.0,39587.17309923604,2910.587279682537,3067.576558730156
2025-05-19,62672.46651840711,15523.94889281844,13069.07632220674,0.0,12702.37739779541,38916.629085241155,0.0,38916.629085241155,3067.576558730156,2517.934648703707
2025-05-20,61825.458976666974,16712.610042436452,13478.761093635434,0.0,4064.215211199287,38456.85954543278,0.0,38456.85954543278,2517.934648703707,2582.882471746033
2025-05-21,62479.29663970835,15954.702750323338,12853.37308809524,0.0,8015.351694146916,38782.80123383167,0.0,38782.80123383167,2582.882471746033,2660.5892935978827
2025-05-22,61327.47702350996,17182.222685099845,13633.725050978492,0.0,6962.348572721935,38041.68104028546,0.0,38041.68104028546,2660.5892935978827,2976.006320211642
2025-05-23,27756.69049740429,12117.878043798346,9408.523945452851,0.0,18626.387515725466,15695.6367536267,0.0,15695.6367536267,2976.006320211642,3428.1810646825425
2025-05-24,27801.66050834365,11423.816403044286,9307.665496418254,0.0,21931.00821838429,15849.467060872994,0.0,15849.467060872994,3428.1810646825425,3367.7652758465615
2025-05-25,59685.160809413166,15503.896120199543,13243.780680480673,12.048766666666552,8892.083953027626,36929.821655575244,84.05219626666586,37013.87385184191,3367.7652758465615,2605.9599168253976
2025-05-26,58628.477427213074,17712.184567574608,14464.563392830674,81.02100714285757,882.044309611993,36514.108364522304,383.18029104285915,36897.28865556516,2605.9599168253976,2475.1889244973586
2025-05-27,60337.43272860734,16610.178372078622,13568.365801907501,0.0,7905.252858436216,37388.620216317395,0.0,37388.620216317395,2475.1889244973586,2348.3874572486757
2025-05-28,59146.31236365184,18122.12789918708,14584.916657698683,0.0,3335.2770221634414,36548.933936896894,0.0,36548.933936896894,2348.3874572486757,2452.839613518519
2025-05-29,58696.45271023491,18621.721656122052,15690.108650149336,17.817433333333383,1672.533637595528,35987.47858684594,120.47257548333367,36107.95116232927,2452.839613518519,1778.9350483068781
2025-05-30,27590.882450212135,12105.420169992401,9627.694554789085,0.0,18516.923568342154,14870.722838853932,0.0,14870.722838853932,1778.9350483068781,1976.3748070899442
2025-05-31,27628.679247619235,12348.703240133702,9649.122786341633,0.0,16539.917243827163,14971.204978604675,0.0,14971.204978604675,1976.3748070899442,2368.960182830683
2025-06-01,60655.87660200506,12349.13827453538,11054.866166921272,11912.570877037619,49.34907142857185,37279.97057710453,65899.14191326984,103179.11249037436,2368.960182830683,1200.0
2025-06-02,64111.340499221726,18633.671830024596,15093.274182319925,8338.707481816276,268.8428833333338,38881.13764195532,44200.22005597168,83081.357697927,1200.0,1200.0
2025-06-03,66713.10269114593,19410.603327209166,15722.58869503942,5607.968548166666,440.6897738095237,40465.015928326146,27975.37241013333,68440.38833845948,1200.0,1200.0
2025-06-04,69676.52629134053,19748.121290062285,15995.978244950455,3982.858655476184,261.981085038219,42234.640475770335,17213.64938130112,59448.28985707145,1200.0,1200.0
2025-06-05,72710.74861317739,22039.42135127263,17851.93129453083,2768.2051983263086,142.14573809523768,44537.00103556794,12182.404153203222,56719.40518877117,1200.0,1200.0
2025-06-06,31836.18300960764,13063.559510962887,10565.82185387994,3856.113338833333,2339.5632913580275,17672.61403892733,16712.64145462108,34385.255493548415,1200.0,1217.4015
2025-06-07,33761.94008397559,13194.737979363472,10575.434513451079,1461.2707602142837,1477.3942116108183,19070.77471677436,6535.51148266732,25606.286199441678,1217.4015,1342.182888703704
2025-06-08,90303.31522005289,17795.162226043507,12254.560873809525,0.0,19577.790601152243,57457.61045824528,0.0,57457.61045824528,1342.182888703704,3741.650143465608
2025-06-09,86410.29570446775,18437.75858518559,14916.226683833658,0.0,11956.051069782481,55435.89483447481,0.0,55435.89483447481,3741.650143465608,3762.047665873016
2025-06-10,86731.78036908929,18972.89999847887,15597.609976744074,0.0,11738.046114021163,55679.62412505781,0.0,55679.62412505781,3762.047665873016,3506.9799125661375
2025-06-11,88051.33438415994,22684.316358250766,18099.015631468836,14.04685952380953,7395.634200235159,56164.85802697216,60.52791768809527,56225.38594466026,3506.9799125661375,3812.8472666931225
2025-06-12,88885.23449963366,19073.82243332983,15138.876495806688,0.0,12497.897128777187,57239.41928397361,0.0,57239.41928397361,3812.8472666931225,4158.313572460315
2025-06-13,41033.29132684348,11686.89900964528,9372.94260002696,0.0,10374.021217225156,25267.46375406453,0.0,25267.46375406453,4158.313572460315,4262.142014444444
2025-06-14,41348.11610714914,10705.179903766164,9013.803976217254,0.0,13463.397429600229,25340.39113929366,0.0,25340.39113929366,4262.142014444444,3881.4661764814814
2025-06-15,88252.90895771743,18837.7390950303,14997.818150569788,0.0,13786.013679923582,56957.89217640722,0.0,56957.89217640722,3881.4661764814814,4171.1889724867715
2025-06-16,88835.77714462424,19582.684507985527,15985.835150515897,0.0,12544.87497048795,57395.33222326398,0.0,57395.33222326398,4171.1889724867715,4033.565973544973
2025-06-17,88419.27756526189,18871.70154822467,15628.742417038175,218.42768348930997,10757.73490089803,56906.05221228333,947.156798533731,57853.20901081706,4033.565973544973,3652.828014682539
2025-06-18,90421.16331594402,17435.5614920047,13853.554045238096,0.0,15910.764969177419,58293.30306082286,0.0,58293.30306082286,3652.828014682539,3951.995529444445
2025-06-19,88800.96451368862,18097.645305924827,14891.849582918157,0.059999999999831743,17335.724590681955,57404.79366760174,0.4033499999988689,57405.19701760174,3951.995529444445,3693.3767682010575
2025-06-20,40314.25010532674,10968.860932337906,8487.203485741324,0.0,15432.01180873016,24731.63832711701,0.0,24731.63832711701,3693.3767682010575,4135.125512037037
2025-06-21,39436.41130502666,11214.784938135039,8653.832072056046,0.0,17540.71803894767,24285.593715032915,0.0,24285.593715032915,4135.125512037037,4613.062987407406
2025-06-22,85179.54783193537,16701.73957337961,14313.566336270815,0.0,15334.033494826572,54926.05067530225,0.0,54926.05067530225,4613.062987407406,3740.6660075925934
2025-06-23,84053.96806790029,18627.810751758712,15480.425735710278,0.0,13845.297051851854,53631.021880773595,0.0,53631.021880773595,3740.6660075925934,3305.2226444973535
2025-06-24,81797.77086960064,22176.25947690167,17943.389042457013,1757.5582670434828,3053.6664521994685,51950.6246000337,8352.90758829979,60303.53218833349,3305.2226444973535,3326.757237645504
2025-06-25,80680.06764469421,20654.228150316663,17281.67359680412,0.0,6870.091724514996,50865.020128308046,0.0,50865.020128308046,3326.757237645504,2713.703020925925
2025-06-26,80738.58009763953,19547.78368908638,16236.89124106473,17.447245238095093,9897.751061522631,51036.077433485036,117.62394120595141,51153.70137469099,2713.703020925925,2265.7180732539678
2025-06-27,33818.306534773874,12323.170425789369,9648.364303008433,122.78068333333351,11494.63522865961,19928.39847181088,262.61084973333374,20191.009321544218,2265.7180732539678,2636.1666753439176
2025-06-28,33214.54958036471,11647.079536430203,9822.230198246565,45.34883333333357,9658.122958847742,19310.3474324678,96.85212133333386,19407.199553801132,2636.1666753439176,2204.949148968255
2025-06-29,77806.99031948153,20452.952811379004,16603.088177288424,16.521819047619147,4705.8789711052395,48492.18672605094,111.62967039523876,48603.81639644618,2204.949148968255,2164.73092666667
2025-06-30,78535.3854071666,20632.99546476185,16972.71702340948,23.582316666666543,5021.005299147563,49252.50539087503,158.98018780833252,49411.485578683365,2164.73092666667,1875.8523744973531
2025-07-01,79801.69986917244,21307.077039751595,17866.99953924641,3893.10863033333,1388.186965667256,49865.888625766114,19516.372876967434,69382.26150273354,1875.8523744973531,1200.0
2025-07-02,78199.53086215667,18710.017427257113,15155.114116078259,4805.197895921741,6545.05908023289,48486.20071772134,21536.033058427667,70022.233776149,1200.0,1200.0
2025-07-03,76935.80930352413,20468.31149407175,16579.332310198115,7129.100723206652,415.51190952381023,47743.938174687566,37681.5289313611,85425.46710604867,1200.0,1200.0
2025-07-04,34763.314225715825,12561.518263667247,10174.82979357047,6346.911356285717,9842.6696452381,20079.057366623176,24210.455425789365,44289.51279241254,1200.0,1200.0
2025-07-05,36184.82204729138,12497.705778099997,10116.172980260997,5350.480683880952,10363.689966666665,20842.907243379177,21134.039164304246,41976.94640768343,1200.0,1207.7429999999997
2025-07-06,77514.6870374259,20405.441901615013,16535.376640308154,6644.334123880954,494.9743499999993,48216.51838175357,32554.232771119932,80770.7511528735,1207.7429999999997,1200.0
2025-07-07,77942.2853581891,20359.490494650214,16382.48754166667,1168.9121821428566,1724.7118206817377,48701.66063678253,6221.570057813936,54923.23069459646,1200.0,1320.7775100000001
2025-07-08,92894.57802110702,23541.23199550265,16468.18725742857,0.0,10250.14626636628,59187.90067361824,0.0,59187.90067361824,1320.7775100000001,4209.900464365079
2025-07-09,88681.28350790132,19229.680174667086,15349.450661504145,0.0,10742.328978071713,57197.42939829097,0.0,57197.42939829097,4209.900464365079,4461.667442116399
2025-07-10,89212.47688403353,18670.85814941211,15365.419904761906,0.0,13053.41525605,57875.86825905775,0.0,57875.86825905775,4461.667442116399,4192.750993518517
2025-07-11,47413.22761284799,12444.60154266268,9848.52081334248,0.0,12298.369733527796,30067.03713152823,0.0,30067.03713152823,4192.750993518517,4450.0914782010595
2025-07-12,47183.57213854714,11770.615143798357,9816.424828119527,10.557342857142771,14155.695832392119,29833.442755185308,42.53111781428549,29875.973872999595,4450.0914782010595,4136.506409708995
2025-07-13,90028.04186463958,17487.908725161673,13974.608971833333,0.0,17247.021711311245,58253.59396859537,0.0,58253.59396859537,4136.506409708995,4348.280960317459
2025-07-14,88598.27696049304,16532.52834659688,13402.076932076801,0.0,13660.146329306288,57060.502767169586,0.0,57060.502767169586,4348.280960317459,4336.359881058201
2025-07-15,88316.69017650899,17450.356162468783,13709.729744837805,0.0,11827.013175544671,57101.14180340504,0.0,57101.14180340504,4336.359881058201,4808.647377460316
2025-07-16,86483.87076027204,16976.65304194592,14119.102057142858,0.0,11491.756392135636,55892.888615806834,0.0,55892.888615806834,4808.647377460316,4399.743940608466
2025-07-17,86436.18043020721,19167.010653026013,15586.019307474882,0.0,10134.77301798942,55938.2900629107,0.0,55938.2900629107,4399.743940608466,4332.254297804233
2025-07-18,46693.26346041943,11760.362058300521,9386.011596723423,34.10060476190495,13078.76550360424,29415.131812629235,128.45697813809593,29543.588790767328,4332.254297804233,4487.678376137566
2025-07-19,46625.727301832856,11453.580648442685,9403.106229119529,0.0,17392.433832509698,29468.223206962633,0.0,29468.223206962633,4487.678376137566,4348.005149603177
2025-07-20,85908.38658254634,18252.757210050855,14631.591121331674,0.0,10197.242277160498,55699.21728331217,0.0,55699.21728331217,4348.005149603177,4518.163170502644
2025-07-21,87289.78699926057,18587.941548824223,14842.15155192857,0.0,9554.247652364915,56632.077854851814,0.0,56632.077854851814,4518.163170502644,4756.031062301587
2025-07-22,86229.13158056421,17861.5744363841,15141.992061733026,133.60116039784631,9848.005749644319,55803.068920015015,577.1360336781293,56380.204953693144,4756.031062301587,4007.01243089947
2025-07-23,87723.6678411004,19761.514718283364,15904.874483642858,0.0,9650.480489793217,56493.41861584231,0.0,56493.41861584231,4007.01243089947,4120.2929177513215
2025-07-24,86431.41060078757,17803.241116831505,14399.598680276376,181.23610979788546,9592.532274030318,55709.62256202175,794.1215489702789,56503.74411099203,4120.2929177513215,4143.655833703704
2025-07-25,42957.34034001469,11224.65941500243,9913.13278379483,8.339523809523712,15148.833665949951,26665.01068702514,51.901026428570816,26716.911713453712,4143.655833703704,3231.2573252116376
2025-07-26,43386.91016184619,11725.997783431894,9860.914626817927,0.0,13052.735438565547,26887.80434862998,0.0,26887.80434862998,3231.2573252116376,2828.08352272487
2025-07-27,82781.60691342683,21775.284678012933,17934.224048452383,0.0,5255.356483866276,52630.85875373962,0.0,52630.85875373962,2828.08352272487,2498.9241235449754
2025-07-28,82325.0738213496,21035.99354039468,17994.632522076834,159.21264299999075,1488.0482126984148,52165.01261285789,1020.689365359602,53185.70197821749,2498.9241235449754,1437.28217425926
2025-07-29,85318.99005171802,21890.327665843623,17079.760076190476,51.95501666666689,4491.131528731544,53742.01048129267,354.2856467166682,54096.29612800934,1437.28217425926,2161.0658777513227
2025-07-30,85016.4513039919,20403.302408185915,16344.772248773445,6.74398333333329,6861.411077912765,53832.940650883145,47.04602773333303,53879.98667861648,2161.0658777513227,2363.1799909259253
2025-07-31,84260.53907369447,20652.937725661377,17277.012930952384,39.577833333333274,6229.195845652138,53125.00790334965,271.0836721333329,53396.091575482984,2363.1799909259253,1754.142909629632
2025-08-01,42103.371071394875,12843.26564029882,9969.209126046804,0.0,17977.954890476194,25363.539386763092,0.0,25363.539386763092,1754.142909629632,2236.182956957678
2025-08-02,41550.801149447914,12277.494063907958,9890.682278598784,0.0,18236.96443080541,25217.296007453304,0.0,25217.296007453304,2236.182956957678,2296.280638253969
2025-08-03,81593.9757432737,16432.079478614905,14009.053512606644,299.8090500714271,16631.278844003522,51486.12062913689,1483.3272529128167,52969.4478820497,2296.280638253969,1519.5371550000004
2025-08-04,80915.81000894263,18232.123348704812,14300.848183236614,5.64168095238108,11574.52144109348,50958.84867275371,38.01756630000086,50996.86623905371,1519.5371550000004,2038.6168541269824
2025-08-05,78536.2123311519,17675.950948314778,14416.598171777825,13.17739999999992,10137.727221281602,49778.200032612294,88.88156299999946,49867.0815956123,2038.6168541269824,1928.5302945238093
2025-08-06,77159.88017473608,18397.506694868593,15459.621134748328,39.38817897618753,6146.983526925343,49009.761989617145,232.48419936288502,49242.24618898003,1928.5302945238093,1308.9295035185182
2025-08-07,76234.20457816642,18864.16495156437,14707.410731481428,8.596480952380944,8698.061589035866,48724.88143607977,57.95117778333328,48782.8326138631,1308.9295035185182,1945.110480502644
2025-08-08,41039.74232607927,12985.50579412524,10215.03993097954,0.0,22494.10521293357,24679.50464046501,0.0,24679.50464046501,1945.110480502644,2282.0213274603184
2025-08-09,39708.572817202155,12409.371233219961,10323.903754789122,0.0,18701.176338771314,23949.496924893334,0.0,23949.496924893334,2282.0213274603184,1979.4512653703716
2025-08-10,73517.1027567074,18343.220051476874,14413.906771577222,8.756349999999998,4291.926776807759,47311.71930545251,59.16227877499998,47370.881584227514,1979.4512653703716,2472.8973432804237
2025-08-11,73869.3331150894,18433.344977143646,15373.15623701016,158.62044285714217,6406.51148447972,47293.241956390775,1068.6610193047572,48361.90297569553,2472.8973432804237,1981.6231149206367
2025-08-12,72630.73781373321,18694.943108886997,15101.337778127043,851.9674934523775,2128.5563264256357,46338.03392593338,5449.922647129834,51787.95657306321,1981.6231149206367,2027.8077150000013
2025-08-13,73477.98195238726,18946.037553068498,15021.229371580717,105.55401666666637,3537.748337566138,46973.10806967465,710.6717716583313,47683.77984133298,2027.8077150000013,2388.9866554497366
2025-08-14,72798.04235548821,19380.424088545227,16038.783250840685,149.40898809523765,3679.51952254557,46583.786469253944,1019.2880273702351,47603.07449662418,2388.9866554497366,2010.4980564285681
2025-08-15,39833.00852922451,13253.184520874358,10749.029854789176,0.0,20169.126979805995,24053.12588798253,0.0,24053.12588798253,2010.4980564285681,1994.9976198941822
2025-08-16,40137.01764251085,13032.06449712386,10432.756395265566,0.0,20608.429173985893,24151.810432520888,0.0,24151.810432520888,1994.9976198941822,2131.904117010584
2025-08-17,73237.72197937843,18885.39083110775,15211.116046673465,102.29411666666624,6500.347694944147,46945.956350404405,689.6234152511877,47635.579765655595,2131.904117010584,2227.51581314815
2025-08-18,72859.68927643618,19611.02122352627,15733.740225984851,67.99450238095267,4656.2871646090525,46759.60984635161,458.170319022621,47217.78016537423,2227.51581314815,2395.5013298941803
2025-08-19,72479.29194877099,18182.12904448142,15009.485428720433,50.43549999999948,5039.42378301,46741.2886254499,339.9252916749965,47081.2139171249,2395.5013298941803,2082.2114380158732
2025-08-20,72226.89419736016,18908.771261266294,15749.067939506655,2767.980684452385,1184.4804933862445,46454.60837352888,16817.84680686234,63272.45518039122,2082.2114380158732,1601.1411959259253
2025-08-21,73564.08683858924,18994.71060138709,14850.690804361639,0.0,3575.648558230454,47340.90084006227,0.0,47340.90084006227,1601.1411959259253,2195.613176772485
2025-08-22,40298.08661129389,12822.736218228936,10846.562683860673,68.94688045238365,17160.29055737801,24142.828024161685,480.97343803582834,24623.801462197513,2195.613176772485,1684.339457777778
2025-08-23,41216.04121442834,13194.667891503801,10171.434092713314,0.0,15662.801265637854,24758.049522499445,0.0,24758.049522499445,1684.339457777778,2257.9471237830694
2025-08-24,74484.44674938546,18987.456443180483,15313.371690476191,17.16718333333324,7093.939696681175,47859.17119325216,119.7582709333327,47978.92946418549,2257.9471237830694,2331.800488783069
2025-08-25,75126.96752381674,19397.499442533797,15809.807735714287,570.3536023809527,1336.5424027115228,48259.88262268645,2340.7436791380965,50600.626301824544,2331.800488783069,2223.096947380951
2025-08-26,76751.64190500435,19405.649297001768,15415.872754761906,14.006550000000061,7247.053529431154,49032.47242159114,94.46717647500041,49126.93959806614,2223.096947380951,2559.4338093915344
2025-08-27,76436.67103393447,19750.917974897126,16243.056442857143,0.0,5014.66063522782,49121.76092932181,0.0,49121.76092932181,2559.4338093915344,2287.419494735449
2025-08-28,76332.5796514182,20388.1657984715,16513.87838809524,56.84383333333335,1747.3410910419443,49040.55105972104,382.9910505000001,49423.54211022104,2287.419494735449,2288.0149488095235
2025-08-29,41842.49398200621,13702.381770222073,10913.310230808449,0.0,16498.202092592594,25612.663540217018,0.0,25612.663540217018,2288.0149488095235,2494.258285555557
2025-08-30,41388.01667498096,12085.364812138718,10253.142897475222,0.0,21043.074926984125,25230.74101531267,0.0,25230.74101531267,2494.258285555557,1978.7056192857167
2025-08-31,78227.63659108711,19613.259164216644,15540.79903368215,49.93843571428579,7558.491812933564,50063.727345452426,337.06710566666715,50400.79445111909,1978.7056192857167,2363.0843852116427
2025-09-01,77799.57974861201,18833.468258690053,12027.76165749133,0.0,17419.738614079957,49769.08316367132,0.0,49769.08316367132,2363.0843852116427,5949.026198597882
2025-09-02,72781.22747910289,16722.38271270001,13815.420070310818,0.0,15816.508986713692,47477.10726487398,0.0,47477.10726487398,5949.026198597882,5648.703895238092
2025-09-03,72130.48951619878,14964.123016991916,12168.263958406305,0.0,13786.913207613165,46980.06806428604,0.0,46980.06806428604,5648.703895238092,5596.121323412699
2025-09-04,72492.43934100776,16447.406331013324,13372.515275073178,0.0,15491.982735067615,47305.67849486236,0.0,47305.67849486236,5596.121323412699,5540.436715687832
2025-09-05,37033.633186724604,12153.150654807954,9718.482025180156,0.0,27774.702890430144,23087.06658193607,0.0,23087.06658193607,5540.436715687832,5679.958943703703
2025-09-06,37454.456107703896,13021.933313034577,10010.104363724677,0.0,26721.543458393993,23459.568390124197,0.0,23459.568390124197,5679.958943703703,6277.360743518519
2025-09-07,69469.69857893954,15688.48945477478,13487.838628010431,0.0,12308.064135508526,45653.668850259,0.0,45653.668850259,6277.360743518519,5410.513888359788
2025-09-08,58125.272878018965,14958.141553563712,15804.361017077084,1211.882336833332,787.8051450323305,36905.062488684,5765.228019767015,42670.29050845101,5410.513888359788,1312.4401564814812
2025-09-09,64228.162349124395,19379.250250755274,15559.4445174451,9.099616666666634,7314.621965814223,39955.27188351645,61.48156000833311,40016.75344352478,1312.4401564814812,1465.4936961111118
2025-09-10,64025.60151506304,20218.21582060552,16299.400827357136,1752.067526959238,542.8553987738956,40017.15538721006,10689.683262869214,50706.83865007928,1465.4936961111118,1551.4425709259265
2025-09-11,64496.66763422132,19817.27551853851,15915.552750778095,0.0,7098.859083127571,40201.844372499305,0.0,40201.844372499305,1551.4425709259265,1703.043036746035
2025-09-12,31469.319177890964,13805.725068722855,11073.594485546468,132.10526669047636,17317.637661405053,17785.014499980534,517.0704306949056,18302.084930675443,1703.043036746035,1824.2017257671941
2025-09-13,31947.47180830844,13843.464198773643,11267.287443816174,0.0,21364.19357001764,17940.984686050535,0.0,17940.984686050535,1824.2017257671941,1764.1112337566174
2025-09-14,64118.62493383922,20311.396148344742,16913.29295904019,136.89767269047826,758.0946672251526,40001.78023826676,401.3054130622275,40403.08565132899,1764.1112337566174,1251.820035
2025-09-15,66442.37091518298,21407.806304775004,16910.872354201078,112.10809761904682,6990.514428894768,41296.90661972904,781.7954108904706,42078.70203061951,1251.820035,1728.9875379629634
2025-09-16,64547.33331276338,20004.59275342989,16679.808914444886,19.25508157142492,1750.0345720164737,40560.344360626346,79.22944829577821,40639.57380892213,1728.9875379629634,1200.0
2025-09-17,66451.57437598717,21504.635242065564,17185.522408406443,0.0,2172.3431423280495,41242.28216217251,0.0,41242.28216217251,1200.0,1459.146819629631
2025-09-18,65639.00235092663,20909.157377761392,17028.370925320065,24.30294792856962,2826.467729747213,40952.42447864935,159.98620629311878,41112.410684942464,1459.146819629631,1356.9763203703699
2025-09-19,33207.39451433331,15046.3182964679,11621.120288924712,0.0,13680.844190123456,18616.631154688515,0.0,18616.631154688515,1356.9763203703699,1986.3069106084708
2025-09-20,32303.782211365462,14710.515960266897,11906.572815244766,0.0,13854.405333009998,18294.682648533908,0.0,18294.682648533908,1986.3069106084708,1996.245924576722
2025-09-21,68544.88883836001,18726.48989714687,15313.440310903256,0.0,6844.351768783072,42774.865888764936,0.0,42774.865888764936,1996.245924576722,1835.1531532275121
2025-09-22,68061.76647816013,19778.21646213799,16420.06790156986,110.80915933333958,4200.407193592009,42402.18139653543,498.79360688969575,42900.97500342513,1835.1531532275121,1391.028078518518
2025-09-23,70676.41569492705,21603.909549616066,17002.763295995093,74.79681728915452,4033.450675261906,43933.98935610327,285.23902061680025,44219.22837672007,1391.028078518518,1942.587455400642
2025-09-24,69902.57993815003,20868.812099053277,16751.070027569924,0.0,4721.612766666672,43521.90419789076,0.0,43521.90419789076,1942.587455400642,2112.2183139153485
2025-09-25,69901.31418859522,19607.19911354923,16167.084779951067,0.0,6125.750954997054,43897.403104993864,0.0,43897.403104993864,2112.2183139153485,1795.2699828306897
2025-09-26,34300.994754339226,14390.73877110069,11358.494929401084,0.0,13574.507412639621,19430.683395400967,0.0,19430.683395400967,1795.2699828306897,2126.3849552645515
2025-09-27,33940.03884987222,14514.779231754203,12268.609170006623,0.0,13892.566538124636,19367.53058755626,0.0,19367.53058755626,2126.3849552645515,1557.898297169312
2025-09-28,72352.57629104122,21787.81229057087,17310.0917838624,5.868333333333339,4393.094950999414,45227.777666540795,39.44987083333338,45267.22753737413,1557.898297169312,1933.494043280425
2025-09-29,73243.57978568248,20728.66772537023,16659.73526928798,19.51336904761922,6434.269098647856,45833.47075046651,101.11281389881046,45934.583564365326,1933.494043280425,2078.478030238098
2025-09-30,72989.84033689027,21880.59801531251,17583.140308522183,29.33035000000018,3299.538213433276,46078.79918734976,200.56746551666788,46279.366652866425,2078.478030238098,2234.193678994708
2025-10-01,73220.47998880094,18312.850916752996,13416.547906141355,0.0,18662.65544485597,45760.03432756281,0.0,45760.03432756281,2234.193678994708,3808.4840528042346
2025-10-02,69565.10009364836,18598.764783130235,14768.411393097398,0.0,14003.96358694886,43933.37302044565,0.0,43933.37302044565,3808.4840528042346,4138.026365291006
2025-10-03,31301.1550799299,12981.710223049176,10354.448078598405,0.0,20856.73923547913,17941.620430641535,0.0,17941.620430641535,4138.026365291006,4316.623256481482
2025-10-04,32343.334185309097,13115.938889216175,10636.329890503195,0.0,16767.742753262784,18766.550233658334,0.0,18766.550233658334,4316.623256481482,4302.82393399471
2025-10-05,66571.28196052344,17625.876350821134,14718.52810376036,0.0,8927.972646796006,42090.1358329754,0.0,42090.1358329754,4302.82393399471,3812.1925344444458
2025-10-06,66510.45698127593,18787.95399976287,15527.396932331738,0.0,5516.7906638448,42178.725667403945,0.0,42178.725667403945,3812.1925344444458,3468.687876084657
2025-10-07,66347.82148412721,20120.06066748783,16058.693056141336,0.0,4514.890872780725,41933.57580921835,0.0,41933.57580921835,3468.687876084657,3733.750192222222
2025-10-08,61512.25019282804,18712.67616878153,17011.630215665416,0.0,3332.708573045265,37743.29595189027,0.0,37743.29595189027,3733.750192222222,1673.347393386244
2025-10-09,64586.99368624368,20659.514160286508,16883.26297404636,39.225886857140836,5089.986703527339,39243.282726775964,265.5175183820813,39508.80024515805,1673.347393386244,1507.7290553703697
2025-10-10,31109.825207851216,15146.041579838235,12397.445555526117,0.0,19017.618266872432,16296.463378191915,0.0,16296.463378191915,1507.7290553703697,1364.226971084651
2025-10-11,32590.590957994773,15772.95520702403,12402.673186213271,0.0,15113.995353850678,17065.194005453537,0.0,17065.194005453537,1364.226971084651,1779.1386727248664
2025-10-12,65416.675645032636,20269.978553790348,16779.327094236844,13.988916666666796,3425.0571188124663,39962.801143375604,63.64257637500059,40026.443719750605,1779.1386727248664,1378.4225997619053
2025-10-13,66780.78245870101,20935.92352780538,16616.207998998554,0.0,5433.671629894188,40774.434302884874,0.0,40774.434302884874,1378.4225997619053,1758.30044256614
2025-10-14,65571.20283527358,21435.388845735797,17756.15445102218,142.803774166679,1260.9429313932994,40021.18178052864,834.3601361152047,40855.54191664385,1758.30044256614,1321.0899025925924
2025-10-15,66586.57282816015,21210.71861913361,16872.352794950602,402.2840921431276,730.4674461202627,40676.740526344765,2079.098167629095,42755.838693973856,1321.0899025925924,1663.6779987566142
2025-10-16,67246.8384681954,21556.460231068115,17515.873762879462,1081.0719408809505,1320.8509908877081,41312.55786956932,4950.961535286528,46263.51940485585,1663.6779987566142,1602.4102479629628
2025-10-17,32686.250762084022,15232.654773547836,12288.776453145176,0.0,13738.173125014697,17288.904924882077,0.0,17288.904924882077,1602.4102479629628,1657.603485105823
2025-10-18,32563.655964141617,15264.58405561713,12075.324579335595,0.0,13297.803221193419,17335.032162639658,0.0,17335.032162639658,1657.603485105823,1978.701824788357
2025-10-19,69668.82184586262,21605.876244522795,17819.81886587298,582.3954412698761,2579.4373751493554,42741.900318786604,3645.1217639256265,46387.02208271223,1978.701824788357,1624.1917050000004
2025-10-20,70820.51750688562,21893.118730511458,17876.580266380955,484.7289383809475,2847.9256144693923,43554.44432322253,2340.219710616214,45894.664033838744,1624.1917050000004,1465.1315998148161
2025-10-21,72479.86575483813,22733.370604262203,18153.176050000002,0.0,1437.0898505759285,44486.70568507655,0.0,44486.70568507655,1465.1315998148161,1754.9695325396815
2025-10-22,72271.26965665042,21376.82242066432,17625.662220285714,891.8522106666683,3857.0649669384784,44290.98946964322,4338.904412175675,48629.89388181889,1754.9695325396815,1410.0405774867722
2025-10-23,73769.1299728468,21859.106814961786,17472.9134,0.0,6003.439524551684,45467.251168568255,0.0,45467.251168568255,1410.0405774867722,1668.8884887301601
2025-10-24,33198.706089476225,16127.797507641255,13106.376126689418,0.0,11757.233991857725,17729.370273762397,0.0,17729.370273762397,1668.8884887301601,1621.2661048412672
2025-10-25,33560.304320781324,15711.305179422408,12833.993515689295,44.23698480952321,11328.7969085244,17834.185682899188,200.83274472123534,18035.018427620424,1621.2661048412672,1501.4479711111105
2025-10-26,75243.56320538672,21117.817634873594,16593.834633866656,0.0,6175.268187713109,46535.79960762999,0.0,46535.79960762999,1501.4479711111105,2069.8898048677256
2025-10-27,74730.08337975529,20915.784280173448,17118.872083869068,19.74493333333328,7400.334450117574,46302.60846386753,89.82957419999975,46392.43803806753,2069.8898048677256,1873.1266749470915
2025-10-28,74765.8234441584,21560.483433082587,17445.96791958261,0.0,4678.886230658436,46188.95831347605,0.0,46188.95831347605,1873.1266749470915,1893.152965185188
2025-10-29,74581.40506585124,23192.75007931854,18951.80423148611,13.131466666666824,1041.3338846854722,46313.7920026874,56.61631853333401,46370.40832122073,1893.152965185188,1709.0677793650789
2025-10-30,75042.62355820854,21409.826634285455,17353.697143390265,3.6418333333332384,6202.318250646684,46470.05098574162,16.568520749999568,46486.61950649162,1709.0677793650789,1696.026035343919
2025-10-31,34734.420445943026,16452.510492297344,12961.226964784662,0.0,7338.844851763677,18805.949887270934,0.0,18805.949887270934,1696.026035343919,2101.922184206353
2025-11-01,34141.5653870399,16049.312363612305,12864.997084097398,0.0,8413.211674191654,18505.19601520063,0.0,18505.19601520063,2101.922184206353,2251.862106904766
2025-11-02,76338.38201822275,21993.613111919967,18408.021850869467,78.63396190476317,4035.040785743681,47445.3286712765,548.5505182476279,47993.87918952412,2251.862106904766,1592.7562955555557
2025-11-03,78057.06361727319,21726.840007936506,17280.069009523806,0.0,4105.3623355271575,48541.12948069902,0.0,48541.12948069902,1592.7562955555557,1946.8356254497373
2025-11-04,78306.17699887331,20834.777709109196,17301.929491783212,59.57028561904658,7252.827033833037,48685.6807530339,323.8923300701353,49009.573083104035,1946.8356254497373,1473.7694616666672
2025-11-05,79120.45074728805,22247.35411566406,17569.035792949795,3.227683333333175,4767.340041240446,49308.24063336322,14.13563915833264,49322.37627252155,1473.7694616666672,1975.2372847089923
2025-11-06,77569.69850898812,22727.564191891084,18717.736155288916,257.79551435714137,2448.0814367430876,48325.59438167826,1258.9365526122663,49584.530934290524,1975.2372847089923,1632.560440423281
2025-11-07,35230.21664101592,17527.341262681646,14040.386728867374,0.0,8424.800323868316,19024.73363335747,0.0,19024.73363335747,1632.560440423281,1806.737878095238
2025-11-08,35172.440160768965,16431.723313416278,13242.879607438612,0.0,8192.389354791296,18829.9219466103,0.0,18829.9219466103,1806.737878095238,1880.978185238099
2025-11-09,79302.49423728461,21488.248983545654,17544.685352433884,0.0,4012.113422839501,49674.27821408731,0.0,49674.27821408731,1880.978185238099,1726.3074343915296
2025-11-10,79773.37743051877,22391.72423354501,18286.295601123846,109.52960980951597,1919.0353079071147,49753.64001424805,726.4466910723498,50480.0867053204,1726.3074343915296,1560.7530211111111
2025-11-11,80178.12753429035,22185.064717254554,17721.705553476193,0.0,4155.748703845323,50179.7771971513,0.0,50179.7771971513,1560.7530211111111,1836.5273183333338
2025-11-12,80449.73483359213,21970.043703501695,17950.08943719351,0.0,5473.792817283945,50357.52562923438,0.0,50357.52562923438,1836.5273183333338,1665.0228323809536
2025-11-13,80648.65318291498,21563.356806526735,17354.77915961999,0.0,4044.204219341564,50537.43593957476,0.0,50537.43593957476,1665.0228323809536,1788.9560031216938
2025-11-14,36454.588518196186,16949.576580450263,13473.687902259953,0.0,5380.2445400058805,19688.520153105714,0.0,19688.520153105714,1788.9560031216938,2072.8105896825396
2025-11-15,35635.67974566023,17110.383692663912,14109.001528867295,0.0,4422.410665196948,19250.110174269543,0.0,19250.110174269543,2072.8105896825396,1795.4875476719578
2025-11-16,82252.86257591982,23300.952171696586,18991.153306740896,2.74073333333331,3511.2600609641377,51677.612237062356,12.00304163333323,51689.61527869569,1795.4875476719578,1665.0630502645486
2025-11-17,83470.75400884512,22049.624281153654,17622.64669109161,0.0,6348.022085449746,52622.78911126686,0.0,52622.78911126686,1665.0630502645486,1929.0063576455022
2025-11-18,82658.43357330395,22206.386777811877,18059.21352340857,0.0,3620.7084855673093,52054.03407564769,0.0,52054.03407564769,1929.0063576455022,1848.9616538888897
2025-11-19,82805.57231119026,23127.583862865908,18969.31638392138,0.0,3278.993232245733,52157.22596813832,0.0,52157.22596813832,1848.9616538888897,1586.7689261111123
2025-11-20,83935.27315944934,22487.395819826794,17999.136298178753,0.0,4653.937604467962,52901.91817139037,0.0,52901.91817139037,1586.7689261111123,1826.3848326455036
2025-11-21,36822.92273251125,17490.933809315397,13985.668083212142,0.0,4453.272939741333,19945.94128115118,0.0,19945.94128115118,1826.3848326455036,2028.5940574603176
2025-11-22,37337.21260802561,17459.451457110565,14211.247752259556,0.0,3869.1794198412713,20150.630583852813,0.0,20150.630583852813,2028.5940574603176,1951.8250885714283
2025-11-23,84666.34919374221,22945.295930059656,18633.764186229273,0.0,5122.721166578487,53551.41305609475,0.0,53551.41305609475,1951.8250885714283,1898.4089964814852
2025-11-24,83797.7435463468,21140.38120590333,17592.852393448367,18.839666666666517,6107.1107005585,52782.952558586345,85.71106349999933,52868.663622086344,1898.4089964814852,1377.1383112962978
2025-11-25,84902.00236337398,23130.610072250507,18416.671143356245,0.0,4019.4029678130564,53490.87319042106,0.0,53490.87319042106,1377.1383112962978,1731.7194392592585
2025-11-26,85066.36697114227,23395.935583639613,18548.677102914753,45.63274999999999,3507.074357084078,53725.13981929644,209.30622008333327,53934.44603937978,1731.7194392592585,2178.420239074074
2025-11-27,84527.11961305013,21650.4485940075,17695.523843479405,0.0,4791.302129188712,53624.37339083612,0.0,53624.37339083612,2178.420239074074,2002.1308142592613
2025-11-28,37857.73148265831,18126.091021632143,14795.181207022039,0.0,3605.5831180482082,20379.70950038628,0.0,20379.70950038628,2002.1308142592613,1876.5225037037062
2025-11-29,38821.53243575584,18115.631749552394,14630.729980399345,0.0,407.18056660279757,20952.871674581318,0.0,20952.871674581318,1876.5225037037062,1924.2244334126974
2025-11-30,86052.26166724347,24289.676872760974,19922.47397200782,6.062833333333401,1446.2934831569785,54473.86247879637,27.58286025000031,54501.445339046375,1924.2244334126974,1648.851427777776
2025-12-01,87412.87946788539,24442.73934463483,19951.12335515421,3980.2194834999987,602.5552285714313,55268.153342019126,20395.366024885596,75663.51936690473,1648.851427777776,1479.4019988888883
2025-12-02,88189.83533745041,24156.741416530942,19625.99841205673,5081.862483690473,103.14486666666721,55668.76436718986,23739.49256463891,79408.25693182877,1479.4019988888883,1413.8043714814812
2025-12-03,89461.70689240613,24098.750237242803,19578.688390068495,2455.0998654022387,233.99634396739646,56770.61131522369,9351.767406289717,66122.3787215134,1413.8043714814812,1348.5813738127795
2025-12-04,90142.52520172112,24706.227778653254,20022.849289473965,2890.955813618202,1578.8937761600341,57206.09641471579,11319.15020571395,68525.24662042974,1348.5813738127795,1336.5760529629638
2025-12-05,45295.468601142566,20945.724062404468,16894.216432238038,740.2197315301469,672.5530191729441,24044.156649861066,1867.0239629146492,25911.180612775715,1336.5760529629638,1416.3761177513925
2025-12-06,46344.628909882675,19744.562755899122,15947.325963421208,1302.5235921190497,185.2848928571466,24388.440888403602,5384.841897510545,29773.282785914147,1416.3761177513925,1467.2315275925926
2025-12-07,93989.47663723273,24738.859648336496,20011.207194819228,417.30840476190474,2026.4513384773684,60007.8206616884,957.7754856309524,60965.596147319346,1467.2315275925926,1497.530550185187
2025-12-08,101658.3965922298,23119.8842249973,18267.233949581158,0.0,8958.535200146986,65228.809596204635,0.0,65228.809596204635,1497.530550185187,2008.499742037036
2025-12-09,101567.95174810714,22907.62851705259,18548.171778145937,0.0,9820.04074253381,65488.24412420802,0.0,65488.24412420802,2008.499742037036,2016.2856538888902
2025-12-10,100564.49549922495,22462.142672759503,18333.267144816145,0.0,8048.001504614932,64539.355734723285,0.0,64539.355734723285,2016.2856538888902,1861.9172317989442
2025-12-11,101635.46413726361,22173.58823852658,17742.76109482558,0.0,11243.382293562609,65556.21753246196,0.0,65556.21753246196,1861.9172317989442,2103.9676522222217
2025-12-12,54203.22560954234,18849.740176578856,15299.491463362203,0.0,6938.563412992358,28887.617746060616,0.0,28887.617746060616,2103.9676522222217,2069.298851851852
2025-12-13,55360.18640257587,19149.076267819426,15382.764449076592,0.0,7795.341200499707,29456.775185313625,0.0,29456.775185313625,2069.298851851852,2211.5069939153423
2025-12-14,101646.1810325295,23215.225303039,19033.725861485396,0.0,8685.959790975898,65517.39957909276,0.0,65517.39957909276,2211.5069939153423,1956.6254761111122
2025-12-15,101495.42711421743,23597.761038433575,19124.110835297866,0.0,7552.2189444150545,65215.998579537685,0.0,65215.998579537685,1956.6254761111122,1945.598371481483
2025-12-16,101980.98970031225,22967.962860794345,18665.365099576753,0.0,8260.300605761317,65826.66084734022,0.0,65826.66084734022,1945.598371481483,1877.47039111111
2025-12-17,101987.63837056607,22968.491078171923,18515.920240057356,0.4818833333334851,9343.702349118168,65440.9318652677,1.038940466666994,65441.97080573437,1877.47039111111,1975.8676502910032
2025-12-18,101265.7505516362,23466.329557890636,19071.130478153318,51.328016666667054,9555.612521898884,65193.2382144359,111.58331350833419,65304.82152794424,1975.8676502910032,1905.4192766666697
2025-12-19,55625.685579119054,18525.33000878894,15033.842564285716,0.0,9225.806834615829,29664.195617469155,0.0,29664.195617469155,1905.4192766666697,1873.946768703702
2025-12-20,55772.20997636444,19148.03028195458,15373.901702621308,0.0,9141.729147031167,29753.392914844615,0.0,29753.392914844615,1873.946768703702,2025.0610195502659
2025-12-21,101561.56706198242,22696.16401676448,18309.989728150664,0.0,8137.610906701945,65638.68953334546,0.0,65638.68953334546,2025.0610195502659,2107.1756033597862
2025-12-22,101293.30510695667,22774.88899237076,18801.97537101079,0.0,8382.964402263373,65182.80843665069,0.0,65182.80843665069,2107.1756033597862,1713.4919509259287
2025-12-23,101155.81033505904,23182.119544288013,18464.754997206626,0.0,9180.353254644326,65007.495047243574,0.0,65007.495047243574,1713.4919509259287,2061.0050994444446
2025-12-24,99152.96869781484,23411.2909354916,19157.50979958153,0.0,7044.628245238096,63612.88125524604,0.0,63612.88125524604,2061.0050994444446,1845.044941851855
2025-12-25,98480.7309141868,23468.464374699888,18980.351337673583,49.378799999999956,6229.5481438271645,63190.648652260315,106.4360033999999,63297.084655660314,1845.044941851855,1877.3836150000006
2025-12-26,51626.335895832686,20670.5295426789,16200.956592760387,0.0,4149.14051258084,27317.194117908104,0.0,27317.194117908104,1877.3836150000006,2479.7973225661385
2025-12-27,50570.16995056522,19805.469817399775,16261.443640379533,93.51318333333336,3780.847890211644,26698.476594222488,203.57985795833338,26902.056452180823,2479.7973225661385,2236.4494466931233
2025-12-28,96942.06392782732,22855.756819975166,18624.673297203695,14.736285714285714,5916.461940770129,62275.65392467288,85.59571557142856,62361.24964024431,2236.4494466931233,2112.549143333333
2025-12-29,96870.22271606793,23254.530114028992,19098.70226386348,0.0,5190.628599235749,62148.33681771523,0.0,62148.33681771523,2112.549143333333,1820.8459527777795
2025-12-30,96222.29315631065,24072.315281263145,19437.7104424422,24.57555952380949,5387.861277013524,61507.016275158894,142.7471374940474,61649.76341265294,1820.8459527777795,1888.473658756616
2025-12-31,96009.96167823888,24992.91730401412,20479.29571863239,0.0,2849.91715952381,61378.14124554466,0.0,61378.14124554466,1888.473658756616,1627.3262116666697
