date,interval,emergency_kwh
2025-02-01,无,0.0
2025-02-02,00:00-00:10,4.878126190476223
2025-02-02,15:50-16:00,18.863928571428687
2025-02-02,18:10-18:50,88.44849523809535
2025-02-02,19:00-19:10,6.38081190476214
2025-02-03,16:10-16:40,25.7661452380961
2025-02-03,17:10-17:20,4.733897619047525
2025-02-04,14:20-15:00,196.70075692856972
2025-02-04,16:00-16:10,14.383557142857057
2025-02-04,17:50-18:00,8.393809523809523
2025-02-04,18:30-18:40,1.3125857142860013
2025-02-05,01:10-01:20,3.2763166666666166
2025-02-05,01:40-01:50,1.8718523809523049
2025-02-05,02:20-02:40,3.048978571428961
2025-02-05,10:10-10:30,58.11251957142812
2025-02-05,10:50-11:00,51.53166190476186
2025-02-05,17:30-17:40,0.855897619047937
2025-02-05,18:00-18:10,16.183845238095387
2025-02-05,18:40-18:50,23.827940476190406
2025-02-06,05:50-06:00,2.3452380952381873
2025-02-06,08:00-08:10,21.052866666666546
2025-02-06,16:00-16:10,3.1789071428570423
2025-02-06,17:10-17:20,5.5599880952380545
2025-02-06,17:40-17:50,2.0552547619047346
2025-02-06,18:50-19:10,51.26089285714352
2025-02-07,无,0.0
2025-02-08,无,0.0
2025-02-09,00:40-01:00,32.8113730476196
2025-02-09,13:00-13:20,93.58731904761919
2025-02-09,13:50-14:10,70.68696166666707
2025-02-09,14:30-14:40,2.6825523809513356
2025-02-09,17:10-17:20,1.1319142857142879
2025-02-09,18:10-18:30,24.95480000000009
2025-02-09,19:40-19:50,7.795547619045806
2025-02-10,01:10-01:20,26.589388095238178
2025-02-10,05:50-06:00,24.07071428571419
2025-02-10,17:20-17:30,1.4269047619045523
2025-02-10,18:40-19:00,33.4950547619045
2025-02-11,01:40-02:00,10.744059523808891
2025-02-11,02:30-02:50,23.40284047619025
2025-02-11,03:00-03:20,13.322325142857562
2025-02-11,06:00-06:20,19.163007142858532
2025-02-11,06:30-06:50,40.20692857142845
2025-02-11,18:20-18:30,6.332857142857392
2025-02-11,19:30-20:30,57.509945238097316
2025-02-11,20:50-21:00,17.639619047619043
2025-02-11,21:20-21:30,6.5848159047616495
2025-02-12,01:10-01:20,7.58123571428564
2025-02-12,06:00-06:20,15.072654761906165
2025-02-12,06:40-07:00,53.96007619047555
2025-02-12,13:20-13:40,57.97360714285696
2025-02-12,15:30-15:50,111.15600952380964
2025-02-12,16:10-16:30,23.010742857143214
2025-02-12,16:50-17:10,3.352764285714443
2025-02-12,18:00-18:40,28.526700000000005
2025-02-13,01:10-01:20,18.43840714285716
2025-02-13,01:40-02:00,44.68169285714282
2025-02-13,03:00-03:50,89.56631666666681
2025-02-13,06:50-07:10,26.015269047619427
2025-02-13,17:40-17:50,3.5260714285712993
2025-02-13,19:30-19:50,8.125057142858623
2025-02-14,无,0.0
2025-02-15,无,0.0
2025-02-16,00:00-00:10,22.863242857142836
2025-02-16,00:40-01:00,38.27568333333318
2025-02-16,01:40-01:50,3.266224238097493
2025-02-16,05:50-06:00,25.61428571428553
2025-02-16,08:20-08:50,34.87841938095255
2025-02-16,09:30-11:00,639.1716547619038
2025-02-16,13:00-13:10,11.464050000000043
2025-02-16,13:40-14:10,149.79745473809643
2025-02-16,16:20-17:10,76.01373095238091
2025-02-16,17:30-17:50,54.758395238095204
2025-02-16,18:20-18:30,10.810714285714084
2025-02-16,18:50-19:20,74.63244285714268
2025-02-17,01:40-02:00,14.127056833334269
2025-02-17,02:20-02:30,3.2311904761903634
2025-02-17,03:00-03:20,18.954761904761654
2025-02-17,04:20-04:30,2.579068261902602
2025-02-17,05:50-06:00,11.434761904761785
2025-02-17,15:20-15:40,12.718030952381014
2025-02-17,16:20-16:30,0.6032738095237846
2025-02-17,16:50-17:10,6.4907595238095155
2025-02-17,18:30-19:20,86.06266428571439
2025-02-18,01:50-02:00,15.910254999999916
2025-02-18,14:00-14:10,9.744330952380679
2025-02-18,14:50-15:00,2.1577023809525144
2025-02-18,15:20-15:30,20.90172619047621
2025-02-18,16:30-16:50,6.309419047619599
2025-02-18,17:20-18:00,26.845280952380335
2025-02-18,18:30-18:50,12.373447619047624
2025-02-19,01:10-01:20,19.47697857142839
2025-02-19,01:40-02:00,40.088145238095194
2025-02-19,02:20-03:10,83.97151666666684
2025-02-19,03:20-03:40,19.632890476190596
2025-02-19,05:00-05:20,24.571029261904346
2025-02-19,06:10-06:30,64.01363333333336
2025-02-19,08:30-10:00,390.9701674077264
2025-02-19,14:50-15:00,28.979833333335364
2025-02-19,15:20-15:40,85.68031428571408
2025-02-19,16:00-16:10,3.8966285714285505
2025-02-19,17:20-17:30,13.654761904761699
2025-02-19,18:00-18:10,11.684719047619069
2025-02-19,21:00-21:30,40.37354761904928
2025-02-19,21:40-23:00,111.72221945238103
2025-02-19,23:40-24:00,46.83870826190446
2025-02-20,01:10-01:20,4.050430952381134
2025-02-20,06:00-06:20,26.85944285714379
2025-02-20,08:00-08:50,87.02202807142822
2025-02-20,17:00-17:20,39.00478809523838
2025-02-20,18:20-18:40,37.71079523809544
2025-02-21,无,0.0
2025-02-22,无,0.0
2025-02-23,00:00-00:10,36.922709523809544
2025-02-23,06:00-06:10,10.48360952381006
2025-02-23,07:50-08:20,85.56276676190608
2025-02-23,15:20-15:40,77.98004761904781
2025-02-23,18:00-18:20,7.911802380952395
2025-02-23,18:50-19:00,1.3109523809521306
2025-02-24,01:10-01:20,5.780011904761977
2025-02-24,06:00-06:20,23.807811904763184
2025-02-24,06:40-06:50,10.473014285714498
2025-02-24,15:30-17:00,175.4454476190475
2025-02-24,17:10-17:40,41.48219047619057
2025-02-24,18:30-18:50,23.68337619047611
2025-02-25,02:50-03:40,43.765751571427515
2025-02-25,05:50-06:00,20.301666666666392
2025-02-25,06:20-06:30,18.99065476190458
2025-02-25,15:30-16:00,29.42561666666677
2025-02-25,16:20-16:30,16.60577380952384
2025-02-25,17:40-18:00,8.458047619047534
2025-02-25,18:40-19:10,85.05184999999994
2025-02-26,01:40-01:50,8.526371428571338
2025-02-26,02:30-02:40,5.274975642855907
2025-02-26,03:10-03:30,22.846660547619468
2025-02-26,06:20-06:30,2.8673214285713584
2025-02-26,15:20-16:30,330.5097595238084
2025-02-26,16:50-17:10,19.13612619047649
2025-02-26,17:40-17:50,7.502171428571387
2025-02-26,18:20-18:30,17.432380952381095
2025-02-27,01:10-01:20,2.4885238095238265
2025-02-27,06:00-06:20,1.5015166666678397
2025-02-27,08:40-10:00,633.8730575238079
2025-02-27,15:20-15:30,49.984583333333035
2025-02-27,16:20-16:30,19.908154761904825
2025-02-27,17:30-17:40,2.8246333333336224
2025-02-27,18:00-18:50,69.18312857142871
2025-02-28,无,0.0
2025-03-01,无,0.0
2025-03-02,13:00-15:00,2833.024553540288
2025-03-02,15:20-16:20,161.43756190476222
2025-03-02,16:30-16:50,38.00555476190516
2025-03-02,17:00-17:20,17.422483333333616
2025-03-02,17:30-18:20,132.76060000000075
2025-03-02,18:40-19:20,1402.6058516263806
2025-03-02,19:30-19:40,2.6520809523798334
2025-03-03,01:40-02:00,51.32646904761907
2025-03-03,08:50-10:40,1253.486283333335
2025-03-03,13:40-15:00,1673.503183333334
2025-03-03,15:20-16:50,497.96850238095305
2025-03-03,18:50-19:10,487.3902072857137
2025-03-04,01:40-02:00,73.09292266666777
2025-03-04,13:40-14:30,240.16752695238193
2025-03-04,15:30-16:20,122.88315714285693
2025-03-05,05:50-06:00,10.797142857142944
2025-03-05,13:30-14:10,68.35466190476092
2025-03-05,18:30-18:40,4.979471428571628
2025-03-06,15:40-16:20,87.51844047619011
2025-03-06,16:40-17:00,5.581497619047809
2025-03-06,17:20-18:10,107.89255714285764
2025-03-06,18:40-18:50,0.6774571428570653
2025-03-07,无,0.0
2025-03-08,无,0.0
2025-03-09,03:50-04:00,7.230439571428086
2025-03-09,18:20-18:50,84.40767380952411
2025-03-10,01:10-01:20,2.2401904761902642
2025-03-10,02:20-02:40,30.313109523809203
2025-03-10,05:50-06:10,18.347199999999475
2025-03-10,10:10-10:20,1.9110833333334085
2025-03-10,10:50-11:00,37.88333333333344
2025-03-10,14:00-15:00,682.4172500000001
2025-03-10,16:50-17:10,31.491233333333525
2025-03-10,17:50-18:00,12.379999999999995
2025-03-10,18:20-18:30,14.285476190476288
2025-03-10,18:50-20:00,143.52575476190293
2025-03-11,01:10-01:20,25.598428571428485
2025-03-11,01:40-01:50,7.000690476190584
2025-03-11,02:20-02:30,15.471190476190372
2025-03-11,07:20-07:30,1.5129714285728255
2025-03-11,15:20-16:30,196.17579761904898
2025-03-11,16:50-17:00,20.61178571428559
2025-03-11,18:00-18:20,15.282664285714759
2025-03-12,01:40-02:00,24.988653690475438
2025-03-12,02:40-03:10,75.22899995238261
2025-03-12,03:40-04:00,11.274718999999005
2025-03-12,05:50-06:00,10.549523809523976
2025-03-12,06:40-06:50,18.626675452378777
2025-03-12,16:20-17:00,71.66996904761857
2025-03-12,17:20-17:30,17.430357142856906
2025-03-12,17:50-18:30,36.445809523809544
2025-03-12,20:20-20:30,8.11509761904722
2025-03-13,01:50-02:00,22.212380952380727
2025-03-13,02:30-03:00,39.97557397619109
2025-03-13,05:50-06:30,64.52222142857113
2025-03-13,10:20-11:00,375.66731666666647
2025-03-13,13:00-13:40,140.2864833333333
2025-03-13,14:00-15:00,548.4817499999999
2025-03-13,16:30-17:20,84.44627142857098
2025-03-13,17:40-18:10,14.021352380952067
2025-03-13,18:50-20:10,548.9248464622251
2025-03-13,20:40-21:00,8.30982857142726
2025-03-14,无,0.0
2025-03-15,无,0.0
2025-03-16,00:50-01:30,69.27082778571238
2025-03-16,05:50-06:10,30.52545952380899
2025-03-16,06:20-06:30,7.0653761904771955
2025-03-16,06:50-08:30,472.8701642857151
2025-03-16,13:40-14:30,152.96195338095325
2025-03-16,15:20-15:30,6.767559523809609
2025-03-16,16:30-16:50,22.184126190476604
2025-03-16,17:20-17:30,1.7863690476193597
2025-03-16,17:40-18:10,25.6555666666668
2025-03-16,18:50-19:00,6.04047619047617
2025-03-17,01:10-01:20,4.500766666666777
2025-03-17,01:50-02:00,7.277821738094394
2025-03-17,02:30-02:40,3.1709952380953155
2025-03-17,16:20-16:30,0.16160714285729227
2025-03-17,18:30-18:50,15.53400476190484
2025-03-18,06:00-06:10,5.243399999999497
2025-03-18,08:10-10:00,705.630499999998
2025-03-19,01:50-02:00,3.124039547617759
2025-03-19,02:40-03:40,33.36628492857248
2025-03-19,05:50-06:30,27.638923809523817
2025-03-19,08:50-09:40,184.6692404761883
2025-03-19,18:40-19:00,8.236111904762197
2025-03-20,01:10-01:20,26.05734761904762
2025-03-20,03:30-04:00,34.4070677857156
2025-03-20,05:10-05:20,14.240325928573133
2025-03-20,05:50-06:00,4.699761904761999
2025-03-20,15:20-17:20,264.5546071428588
2025-03-20,18:10-18:20,4.607854761904832
2025-03-20,18:40-19:10,78.76094047619051
2025-03-20,20:10-20:20,14.381690476187941
2025-03-21,无,0.0
2025-03-22,无,0.0
2025-03-23,00:00-00:10,7.614702380952394
2025-03-23,00:40-01:00,40.29351428571408
2025-03-23,06:00-06:50,137.63879523809578
2025-03-23,17:20-18:00,45.19729761904739
2025-03-23,18:30-18:40,10.79729523809533
2025-03-23,19:20-19:50,23.993076190477495
2025-03-24,06:10-06:50,39.3242190476177
2025-03-24,07:00-07:20,33.16902857142867
2025-03-24,14:20-15:10,401.63679761904643
2025-03-24,15:20-15:30,14.863392857142685
2025-03-24,17:20-17:40,12.555104761904659
2025-03-24,18:00-18:20,19.425676190475997
2025-03-25,06:20-07:40,175.90541666666599
2025-03-25,10:20-10:40,63.615316666666786
2025-03-25,14:30-15:10,367.07404899847927
2025-03-25,15:30-15:50,36.70659047619074
2025-03-25,16:00-16:50,106.96764523809486
2025-03-25,19:20-19:40,37.16523809523892
2025-03-25,21:10-21:20,5.779904761905822
2025-03-26,01:40-01:50,19.841033333333257
2025-03-27,01:10-01:20,26.332926190476428
2025-03-27,01:50-02:00,8.461428571428655
2025-03-27,02:20-02:50,64.10054523809538
2025-03-27,14:20-14:30,9.69416666666666
2025-03-27,15:30-17:10,278.0473357142855
2025-03-27,19:00-19:10,9.398107142857384
2025-03-28,无,0.0
2025-03-29,无,0.0
2025-03-30,00:00-00:10,17.079102380952577
2025-03-30,14:20-15:00,177.98448095237984
2025-03-30,17:30-17:40,6.450616666666747
2025-03-30,18:10-18:40,63.82279523809552
2025-03-31,01:40-01:50,1.2853000000000065
2025-03-31,05:50-06:00,11.16607142857174
2025-03-31,14:20-15:10,493.3980452380934
2025-03-31,15:30-15:50,84.81127857142837
2025-03-31,16:20-17:40,146.80097142857187
2025-04-01,01:10-01:20,1.8813166666666348
2025-04-01,02:20-03:00,89.50666904761886
2025-04-01,03:20-03:40,9.878728571428496
2025-04-01,04:50-05:30,42.94680195238216
2025-04-01,14:30-15:10,309.9790547619049
2025-04-01,15:20-15:30,29.97994047619045
2025-04-01,15:50-16:30,48.15791190476193
2025-04-01,17:00-17:20,30.145733333333283
2025-04-01,17:30-18:00,64.13337380952396
2025-04-01,18:50-19:10,1357.5608983095262
2025-04-01,19:30-19:40,15.945833333334917
2025-04-01,20:30-21:00,31.326888095238132
2025-04-02,05:50-06:10,13.705185714285903
2025-04-02,06:20-06:30,4.5169380952370375
2025-04-02,07:20-10:20,1705.1427119047632
2025-04-02,14:50-15:00,47.08749999999998
2025-04-02,17:50-18:10,8.638964285714223
2025-04-02,18:20-19:00,291.24382533332795
2025-04-03,06:40-07:10,72.4328285714285
2025-04-03,07:20-08:20,146.51817380952437
2025-04-03,08:30-08:50,40.21483571428553
2025-04-03,09:00-09:20,61.46683095238134
2025-04-03,14:30-14:40,1.328900000000452
2025-04-03,14:50-15:10,29.35886666666643
2025-04-03,15:20-15:50,25.66729047619083
2025-04-03,16:00-16:30,53.690540476190904
2025-04-03,18:20-18:30,11.19476190476189
2025-04-03,18:40-19:20,75.25987619047646
2025-04-04,无,0.0
2025-04-05,无,0.0
2025-04-06,07:30-08:00,107.45812380952572
2025-04-06,15:20-15:30,36.19380952380948
2025-04-06,17:20-17:30,18.93916666666655
2025-04-06,18:50-19:00,43.18952380952351
2025-04-07,01:10-01:20,16.035114285714144
2025-04-07,14:30-15:10,49.034559523810024
2025-04-07,18:10-18:20,5.3075857142854375
2025-04-08,01:50-02:00,1.4936345952373355
2025-04-08,06:10-07:40,328.2695404761895
2025-04-08,08:30-08:50,87.65444285714142
2025-04-08,15:40-16:10,47.317776190476025
2025-04-08,16:30-18:50,357.37927142857154
2025-04-09,06:50-07:30,65.8737619047613
2025-04-09,07:40-08:00,28.619340476189848
2025-04-09,14:10-15:10,421.07428809523776
2025-04-09,15:20-16:30,280.7397499999993
2025-04-09,18:00-18:20,17.967154761904567
2025-04-09,18:50-19:20,960.1123060952369
2025-04-10,06:00-06:10,3.915147619048412
2025-04-10,14:20-14:30,5.603333333333239
2025-04-10,15:50-17:20,302.76215238095324
2025-04-10,17:50-18:10,17.602176190475916
2025-04-10,18:30-18:40,8.727816666666513
2025-04-10,19:10-19:20,37.21813333333421
2025-04-11,无,0.0
2025-04-12,无,0.0
2025-04-13,00:50-01:00,0.2731950952383162
2025-04-13,05:50-06:20,30.100338095237248
2025-04-13,06:40-07:10,120.4657952380951
2025-04-13,16:30-17:50,151.60298571428655
2025-04-14,01:10-01:20,21.95328333333339
2025-04-14,02:40-03:00,57.663690476190254
2025-04-14,05:50-06:10,20.549707142856505
2025-04-14,18:30-18:50,56.948869047619155
2025-04-15,01:50-02:00,1.4391447857149842
2025-04-15,14:30-14:50,19.48990000000117
2025-04-15,15:00-15:10,11.916476190476192
2025-04-15,15:20-15:50,50.08434523809535
2025-04-15,18:20-18:30,0.8595238095238074
2025-04-15,19:20-19:50,53.896809523808884
2025-04-16,01:40-02:00,46.56100714285708
2025-04-16,04:00-04:10,4.765074238096008
2025-04-16,14:30-15:10,205.1336880952382
2025-04-16,15:20-15:40,40.6961500000001
2025-04-16,16:00-16:20,5.767764285713952
2025-04-16,18:30-19:00,37.93519999999967
2025-04-17,08:20-08:40,25.139885562725652
2025-04-17,14:20-14:50,9.42082857142875
2025-04-17,16:20-16:40,26.354788095237723
2025-04-17,17:00-17:30,35.537433333332956
2025-04-17,17:50-18:20,36.89327142857064
2025-04-17,18:50-19:00,3.4652380952378508
2025-04-17,20:00-20:30,30.8512166666643
2025-04-18,无,0.0
2025-04-19,无,0.0
2025-04-20,06:10-06:30,25.32997857142834
2025-04-20,08:40-09:30,211.2048000000001
2025-04-20,14:20-14:30,2.0062500000001364
2025-04-20,15:50-16:00,6.11196428571418
2025-04-20,16:20-16:40,82.24305238095246
2025-04-20,17:00-17:20,22.23369761904769
2025-04-20,17:40-18:00,25.274007142857272
2025-04-20,18:20-18:30,2.0797619047621083
2025-04-21,03:30-03:40,5.38622754762091
2025-04-21,05:20-05:30,18.33241352381149
2025-04-21,06:10-06:40,21.395607779760155
2025-04-21,18:00-18:10,11.800309523809688
2025-04-21,18:40-19:00,2.3177857142856055
2025-04-21,22:40-22:50,12.409813047617376
2025-04-22,01:40-01:50,7.005461666667292
2025-04-22,14:20-15:10,87.60235714285534
2025-04-22,15:20-15:30,64.35011904761905
2025-04-22,17:40-17:50,0.3972833333335757
2025-04-22,18:20-18:30,33.937142857143044
2025-04-23,01:40-02:00,28.122583333333296
2025-04-23,03:00-03:10,2.7930035714288124
2025-04-23,17:10-17:20,2.3048404761907477
2025-04-23,17:30-17:40,6.152514285714346
2025-04-23,18:20-18:40,31.88838809523827
2025-04-24,01:10-01:20,11.454219047618949
2025-04-24,01:50-02:00,11.382380952381027
2025-04-24,06:00-06:40,37.01961666666671
2025-04-24,17:00-17:20,11.728499999999144
2025-04-24,17:30-18:00,41.19284285714275
2025-04-24,18:10-18:30,29.96065238095241
2025-04-24,18:50-19:00,13.02190476190458
2025-04-25,无,0.0
2025-04-26,无,0.0
2025-04-27,00:30-00:40,14.024996905862167
2025-04-27,14:50-17:30,734.1071261904757
2025-04-27,17:50-18:10,50.05563571428581
2025-04-28,01:10-01:20,4.46669523809544
2025-04-28,01:40-02:00,77.00015714285723
2025-04-28,02:50-03:00,6.322400357142168
2025-04-28,08:50-09:50,600.9271224285745
2025-04-28,14:20-16:20,799.247854761906
2025-04-28,16:40-17:00,30.658585714285664
2025-04-28,17:20-18:00,49.388638095238434
2025-04-28,18:50-19:50,3657.1783944047634
2025-04-29,14:40-15:10,89.44460849999862
2025-04-29,15:20-16:50,557.0543309523813
2025-04-29,18:00-18:20,2.018459523809611
2025-04-29,20:10-20:30,33.481435714284316
2025-04-30,02:20-02:50,70.76920476190446
2025-04-30,20:50-21:20,49.34279761904504
2025-05-01,03:50-04:10,15.168198904763107
2025-05-01,04:20-04:40,45.50831488095207
2025-05-01,06:40-08:10,495.99576319047554
2025-05-01,08:20-09:10,185.60966190476165
2025-05-01,14:50-15:00,30.161309523809383
2025-05-01,15:50-23:40,2770.4950047619036
2025-05-02,无,0.0
2025-05-03,无,0.0
2025-05-04,00:00-00:10,10.938121428571435
2025-05-04,01:00-01:20,32.1599023809523
2025-05-04,01:50-02:00,2.3347619047617627
2025-05-04,03:10-03:20,3.701059690476402
2025-05-04,17:20-18:10,63.31324285714243
2025-05-04,18:30-20:20,383.9610761904755
2025-05-04,20:30-22:20,369.7262785714279
2025-05-04,22:30-22:50,49.8733047619045
2025-05-04,23:00-23:20,38.54320714285731
2025-05-04,23:30-23:50,12.741019047618556
2025-05-05,06:00-09:30,1386.7619047619019
2025-05-05,16:30-17:50,346.92913333333297
2025-05-05,18:00-19:00,207.12921904761896
2025-05-05,20:10-20:20,5.958283333335771
2025-05-05,23:10-23:40,60.192593547618024
2025-05-06,02:20-02:40,43.227011904761866
2025-05-06,03:00-03:30,44.44987857142871
2025-05-06,04:00-04:50,125.96173549999678
2025-05-06,05:10-05:20,1.8521745238109588
2025-05-06,06:00-06:20,33.00300714285788
2025-05-06,06:30-06:50,67.04818809523749
2025-05-06,07:20-08:40,499.41351904761643
2025-05-06,09:00-09:50,192.8644071428565
2025-05-06,15:40-15:50,2.620223809524191
2025-05-06,16:50-17:10,8.716226190475936
2025-05-06,17:30-17:50,39.323083333333216
2025-05-06,18:20-18:50,100.7942904761901
2025-05-06,19:10-19:30,48.98498571428502
2025-05-06,22:00-23:00,180.5941519523802
2025-05-07,01:40-01:50,6.588052380952263
2025-05-07,02:20-03:10,63.19141904761909
2025-05-07,05:50-06:00,6.47988095238054
2025-05-07,06:40-07:00,45.322207142857565
2025-05-07,07:10-07:20,2.3275119047617068
2025-05-07,14:30-15:10,190.05544999999915
2025-05-07,15:20-16:00,100.54560714285753
2025-05-07,16:10-16:40,55.31651190476225
2025-05-07,17:00-18:20,303.16299285714365
2025-05-07,20:20-20:40,53.125088095237516
2025-05-08,05:50-06:00,6.318452380952408
2025-05-08,14:30-15:10,321.8365976190484
2025-05-08,15:30-15:50,42.68814523809567
2025-05-08,17:40-18:00,54.51942380952346
2025-05-08,20:00-20:20,82.43748333333326
2025-05-09,无,0.0
2025-05-10,无,0.0
2025-05-11,02:10-02:20,5.38835502380898
2025-05-11,14:20-14:50,146.64344047619068
2025-05-11,15:40-16:00,0.7887880952378055
2025-05-11,18:20-19:30,174.67953571428563
2025-05-12,01:40-01:50,39.119535714285576
2025-05-12,03:00-03:10,9.767345404761885
2025-05-12,05:50-06:10,23.370111904762325
2025-05-12,16:00-16:30,19.430733333333364
2025-05-12,16:40-17:30,90.04089523809569
2025-05-12,18:10-18:30,29.869097619047466
2025-05-12,19:00-19:10,26.735645238095458
2025-05-13,05:50-06:00,35.5385714285714
2025-05-13,18:50-19:10,48.50883809523907
2025-05-14,05:50-06:00,9.6752380952383
2025-05-14,06:10-06:50,124.35810952380763
2025-05-14,17:00-17:20,38.097045238094665
2025-05-14,17:30-17:40,5.829480952380891
2025-05-15,02:00-02:10,10.678884952380532
2025-05-15,05:50-06:10,8.90426428571402
2025-05-15,07:20-08:00,237.52478333333246
2025-05-15,14:20-14:40,31.13082130952366
2025-05-15,15:20-15:30,15.317797619047838
2025-05-15,15:50-16:40,272.00107142857166
2025-05-15,17:20-17:30,2.623928571428678
2025-05-15,18:50-19:00,9.193333333333157
2025-05-16,无,0.0
2025-05-17,无,0.0
2025-05-18,00:00-00:10,7.04989761904767
2025-05-18,00:40-00:50,20.526069047619217
2025-05-18,01:30-01:50,26.820418095239596
2025-05-18,02:10-02:30,45.6930761904754
2025-05-18,03:40-04:30,48.98098854761945
2025-05-18,07:40-08:50,448.84256190475884
2025-05-19,15:50-16:00,0.9259523809522534
2025-05-19,17:50-18:10,27.852707142857184
2025-05-19,19:00-19:10,1.7594047619048752
2025-05-19,20:10-20:20,12.233166666666648
2025-05-20,01:10-01:20,3.966928571428639
2025-05-20,14:40-15:10,147.0311339761982
2025-05-20,15:20-15:50,274.86106666666683
2025-05-20,18:10-18:20,5.1068523809523185
2025-05-20,18:50-19:00,38.8814285714285
2025-05-20,19:20-19:40,35.391985714285056
2025-05-20,20:00-20:10,6.226516666666271
2025-05-21,02:50-03:00,37.25852126190462
2025-05-21,14:40-15:10,190.1014547619057
2025-05-21,15:20-16:20,517.9558214285719
2025-05-21,16:50-17:10,5.453421428571346
2025-05-21,18:20-18:30,26.92750000000001
2025-05-22,01:10-01:20,18.79093571428598
2025-05-22,15:50-16:30,132.15452857142895
2025-05-22,16:50-17:00,22.40238095238101
2025-05-22,17:50-18:30,101.8062571428577
2025-05-23,无,0.0
2025-05-24,无,0.0
2025-05-25,16:00-16:30,73.84299761904822
2025-05-25,16:50-17:00,43.673333333333176
2025-05-25,17:20-17:50,40.3487333333336
2025-05-25,18:30-18:40,9.840404761904892
2025-05-25,20:40-20:50,12.048766666666552
2025-05-26,01:20-01:30,15.005469571428694
2025-05-26,01:40-01:50,3.5596404761903386
2025-05-26,02:00-02:10,4.329326190476195
2025-05-26,07:10-08:40,501.3685531666638
2025-05-26,08:50-09:10,35.79170476190479
2025-05-26,14:50-15:00,47.94791666666674
2025-05-26,16:20-16:40,20.628380952381008
2025-05-26,17:00-17:20,14.241940476190507
2025-05-26,18:30-19:20,1167.052741785712
2025-05-27,03:30-04:00,48.4938341190453
2025-05-27,16:00-16:10,25.369342857143124
2025-05-27,19:00-19:20,18.02364047619119
2025-05-27,20:10-20:20,27.446652380953083
2025-05-28,01:10-01:20,5.056880952381107
2025-05-28,03:40-03:50,16.665671928571328
2025-05-28,06:50-08:10,419.1578158571393
2025-05-28,09:30-09:50,9.004733333333661
2025-05-28,16:40-17:10,101.838288095238
2025-05-28,17:20-17:50,64.76921428571416
2025-05-28,18:50-19:00,1.350238095238069
2025-05-29,02:40-03:00,14.518764714283293
2025-05-29,06:10-06:30,70.90552857142967
2025-05-29,07:00-08:40,779.9971452380946
2025-05-29,09:00-09:20,51.737242857142064
2025-05-29,15:40-16:00,59.8764380952382
2025-05-29,16:20-17:00,121.93500238095203
2025-05-29,17:10-17:50,92.00195952380932
2025-05-29,18:00-18:40,125.90065952380962
2025-05-29,19:10-19:30,91.49504285714352
2025-05-30,无,0.0
2025-05-31,无,0.0
2025-06-01,00:00-00:10,124.88357142857149
2025-06-01,00:40-03:30,1002.0878833333328
2025-06-01,03:50-04:20,31.90388333333317
2025-06-01,05:20-05:40,21.603157142857015
2025-06-01,05:50-06:20,206.05870657143237
2025-06-01,08:40-11:40,2369.9291714285728
2025-06-01,11:50-12:00,21.992083333333312
2025-06-01,12:50-13:10,58.696833333333075
2025-06-01,13:20-24:00,10922.373988453559
2025-06-02,01:10-01:20,63.55312380952364
2025-06-02,01:40-02:00,117.95266190476195
2025-06-02,02:20-02:50,73.50686666666672
2025-06-02,03:00-03:40,65.78541666666695
2025-06-02,04:00-04:50,86.87529523809542
2025-06-02,05:10-05:30,58.87440238095223
2025-06-02,05:50-07:20,753.2510762380939
2025-06-02,07:40-09:20,985.4498595238084
2025-06-02,13:50-24:00,7181.874622751325
2025-06-03,01:10-01:20,49.85946904761897
2025-06-03,01:40-02:00,97.09880714285714
2025-06-03,02:20-03:50,113.9461952380957
2025-06-03,04:00-04:20,48.544004761904716
2025-06-03,05:00-05:30,101.8368190476184
2025-06-03,05:50-06:10,394.36995871428394
2025-06-03,06:30-07:00,41.37086428571405
2025-06-03,07:10-07:50,58.648216666667764
2025-06-03,08:00-10:20,1288.6495309523802
2025-06-03,13:50-15:00,666.6631833333338
2025-06-03,15:20-19:50,2091.258697796067
2025-06-03,20:10-24:00,998.0609809523813
2025-06-04,01:10-01:20,96.74335476190481
2025-06-04,01:40-02:00,91.34235000000012
2025-06-04,02:20-02:30,29.06452380952362
2025-06-04,03:00-04:30,137.77713571428546
2025-06-04,04:40-05:30,201.21989285714267
2025-06-04,06:00-06:10,267.1911624047595
2025-06-04,13:10-15:10,926.5259804999946
2025-06-04,15:20-15:30,98.09375000000011
2025-06-04,15:50-16:10,4.491876190476091
2025-06-04,16:50-18:20,361.6966071428569
2025-06-04,18:30-18:50,32.59579523809532
2025-06-04,19:00-19:20,59.27116904762022
2025-06-04,19:30-19:50,46.030269047618845
2025-06-04,20:00-20:20,46.647399999999834
2025-06-04,20:30-20:50,86.62633095238084
2025-06-04,21:10-21:40,125.37825238095164
2025-06-04,22:30-24:00,426.34258802380987
2025-06-05,01:10-01:20,15.901695238095158
2025-06-05,01:40-02:00,26.621542857143254
2025-06-05,02:30-03:20,123.31498571428551
2025-06-05,03:50-04:10,31.22368809523823
2025-06-05,04:50-05:30,99.48454366666624
2025-06-05,06:10-07:30,322.0585889523823
2025-06-05,07:50-08:10,74.14134047619046
2025-06-05,08:50-09:20,117.23540238095256
2025-06-05,14:20-15:00,337.0411825418238
2025-06-05,15:20-16:00,260.70252142857146
2025-06-05,16:20-16:30,40.75595238095241
2025-06-05,17:40-18:00,36.68961190476182
2025-06-05,18:10-18:20,5.337447619047566
2025-06-05,18:30-19:20,203.08713921428398
2025-06-05,19:40-20:20,97.15320238095205
2025-06-05,20:30-20:50,23.51451428571397
2025-06-05,22:40-23:00,34.88560690476065
2025-06-05,23:30-23:40,53.775097928571356
2025-06-06,无,0.0
2025-06-07,无,0.0
2025-06-08,06:10-06:40,41.16407380952501
2025-06-09,06:00-06:20,19.45756666666705
2025-06-09,06:30-06:40,16.903814285714247
2025-06-09,13:10-13:30,32.668176190477084
2025-06-09,16:20-16:50,118.68050714285675
2025-06-09,17:00-17:40,96.54109761904749
2025-06-10,15:50-16:10,42.16420952380906
2025-06-10,16:30-16:50,13.907426190476599
2025-06-11,05:50-06:40,56.64409999999975
2025-06-11,09:20-10:40,1060.2895062857112
2025-06-11,13:00-14:20,266.54050714285734
2025-06-11,17:00-17:20,69.37749047619013
2025-06-12,05:50-06:00,27.346130952380918
2025-06-12,13:10-13:20,1.1365142857138153
2025-06-12,18:00-18:10,6.883666666666841
2025-06-13,无,0.0
2025-06-14,无,0.0
2025-06-15,13:10-13:20,25.148085714285912
2025-06-15,18:30-18:40,4.566859523809853
2025-06-16,05:50-06:10,54.6030571428571
2025-06-16,17:50-18:00,3.92226190476174
2025-06-16,19:50-20:00,2.804285714285811
2025-06-17,06:00-06:20,18.12164761904728
2025-06-17,13:00-13:50,704.7470261904762
2025-06-17,15:50-16:10,4.158661904762766
2025-06-17,18:20-18:30,2.897976190476129
2025-06-17,19:20-19:30,25.809285714285693
2025-06-18,16:10-16:20,1.9110476190477357
2025-06-19,06:00-06:20,46.78141428571439
2025-06-19,16:00-16:10,15.454428571428252
2025-06-19,18:10-18:20,7.567854761904641
2025-06-19,19:10-19:30,56.118642857143186
2025-06-20,无,0.0
2025-06-21,无,0.0
2025-06-22,13:10-13:20,1.597102380952606
2025-06-22,19:30-19:50,6.638938095237904
2025-06-23,13:50-14:00,59.6914285714293
2025-06-23,18:30-18:40,1.2908952380948904
2025-06-23,19:50-20:00,4.388809523809414
2025-06-23,20:40-20:50,0.021409523809438724
2025-06-24,01:10-01:20,0.9811619047618478
2025-06-24,01:40-02:10,116.86765476190442
2025-06-24,05:50-06:00,35.81178571428575
2025-06-24,07:30-11:00,2864.1393452380935
2025-06-24,13:10-13:40,53.47091904761851
2025-06-24,13:50-14:20,466.10346388469736
2025-06-24,15:30-15:50,50.615707142857104
2025-06-24,16:10-16:30,43.336809523809734
2025-06-24,17:10-17:30,42.67606428571435
2025-06-24,17:50-18:10,46.77103095238135
2025-06-24,18:50-19:00,7.422261904761967
2025-06-24,20:10-20:20,13.000723809523834
2025-06-24,20:30-20:50,36.225469047618844
2025-06-25,10:40-11:00,253.46991666666656
2025-06-25,18:30-19:00,63.713119047619216
2025-06-25,20:00-20:20,45.57298809523843
2025-06-26,01:40-01:50,13.463047166666593
2025-06-26,06:50-07:30,79.58329523809647
2025-06-26,09:40-09:50,1.3073288809511325
2025-06-26,10:00-10:30,59.63884285714248
2025-06-26,10:50-11:00,0.6074263571440959
2025-06-26,13:00-13:10,10.337009523809456
2025-06-26,16:40-17:10,114.26828095238102
2025-06-26,18:20-18:30,6.627261904762349
2025-06-26,19:00-19:20,85.06732857142958
2025-06-26,19:30-19:50,51.57761904761901
2025-06-27,无,0.0
2025-06-28,无,0.0
2025-06-29,00:00-00:10,20.184273809523802
2025-06-29,00:40-00:50,1.032004761904659
2025-06-29,01:50-02:10,59.69871866666606
2025-06-29,02:20-02:40,56.24245197618973
2025-06-29,07:40-07:50,24.21822142857286
2025-06-29,08:20-08:40,28.436699999999064
2025-06-29,15:30-15:50,37.113740476190856
2025-06-29,16:10-16:40,102.51719761904769
2025-06-29,18:10-19:00,116.51899761904792
2025-06-30,05:50-06:20,56.455797619047644
2025-06-30,06:50-07:40,369.584290476191
2025-06-30,15:30-16:10,184.6381571428567
2025-06-30,16:50-17:10,3.9762738095237182
2025-06-30,17:30-17:40,4.988421428571428
2025-06-30,18:00-18:10,13.410752380952204
2025-06-30,18:50-19:00,38.26928571428573
2025-06-30,19:20-19:40,65.57191428571423
2025-07-01,01:10-01:20,83.28299761904759
2025-07-01,01:40-02:00,219.39640952380955
2025-07-01,02:20-05:30,1860.935385714285
2025-07-01,05:50-06:20,1086.782741642857
2025-07-01,16:00-16:20,40.89895238095221
2025-07-01,16:30-24:00,4179.320840476191
2025-07-02,01:10-01:20,84.87857380952391
2025-07-02,01:40-02:00,233.88172857142843
2025-07-02,02:20-05:30,1545.2387738095235
2025-07-02,05:50-06:20,825.0598576190457
2025-07-02,15:50-24:00,3565.1978928571425
2025-07-03,01:10-01:20,75.2421476190475
2025-07-03,01:40-01:50,74.14935952380961
2025-07-03,02:20-04:30,888.252342857143
2025-07-03,04:40-05:30,193.36649761904755
2025-07-03,05:50-06:20,799.9985622857146
2025-07-03,07:50-08:20,131.4802523809534
2025-07-03,13:40-15:00,402.4570136518671
2025-07-03,15:20-16:10,97.60006666666743
2025-07-03,16:20-23:40,3090.6406665238114
2025-07-04,无,0.0
2025-07-05,无,0.0
2025-07-06,00:40-00:50,1.5995880952381185
2025-07-06,01:00-01:20,31.57581190476185
2025-07-06,02:40-02:50,42.26650633333065
2025-07-06,03:50-04:10,80.02077880952598
2025-07-06,04:30-04:40,23.95330204761933
2025-07-06,05:10-05:20,15.084830285715544
2025-07-06,05:30-05:40,17.891713095237925
2025-07-06,06:00-06:40,73.86218226190397
2025-07-06,13:00-15:00,1132.1973452380926
2025-07-06,15:20-16:10,434.66138571428587
2025-07-06,16:30-17:20,276.8484214285713
2025-07-06,17:30-18:00,141.03308333333314
2025-07-06,18:10-18:30,31.154080952380696
2025-07-06,18:40-19:10,152.1633191666648
2025-07-06,19:30-19:50,77.87878809523852
2025-07-06,20:00-20:20,79.78919047619081
2025-07-06,20:30-20:50,33.58905238095258
2025-07-06,22:30-22:50,33.08710309523951
2025-07-07,01:40-01:50,12.645249999999805
2025-07-07,02:50-03:40,136.96947142857175
2025-07-07,19:40-19:50,6.44660952380957
2025-07-08,01:10-01:20,1.6476547619047324
2025-07-08,06:00-06:20,5.232864285714186
2025-07-08,06:30-07:50,154.65588333333486
2025-07-08,08:20-08:40,35.774621428570754
2025-07-08,15:40-16:20,201.17038571428577
2025-07-08,17:30-17:50,120.1556214285713
2025-07-08,18:50-19:00,0.6195238095237983
2025-07-08,20:30-20:40,7.913530952381052
2025-07-09,01:10-01:20,1.89850952380948
2025-07-09,06:40-07:00,40.74199761904549
2025-07-09,14:00-14:20,35.915097619047074
2025-07-09,17:30-17:50,47.87941190476181
2025-07-09,18:00-18:20,67.72853095238099
2025-07-09,19:20-19:30,31.140476190476193
2025-07-10,15:30-15:50,97.79895476190518
2025-07-10,17:10-17:20,6.748059523809047
2025-07-11,无,0.0
2025-07-12,无,0.0
2025-07-13,00:00-00:10,9.493442857142895
2025-07-13,18:10-18:40,11.786097619047723
2025-07-13,19:10-19:20,12.17500952380965
2025-07-13,19:50-20:00,13.182142857142708
2025-07-14,05:50-06:00,2.988988095238028
2025-07-14,13:50-14:00,15.507499999999936
2025-07-14,17:50-18:10,89.69071666666673
2025-07-14,18:40-18:50,6.014126190476077
2025-07-15,06:00-06:20,73.22060714285578
2025-07-15,13:40-14:10,91.45085714285547
2025-07-16,05:50-06:10,122.61670952380871
2025-07-16,15:00-15:10,22.938771075838236
2025-07-16,15:20-15:40,154.80858571428575
2025-07-16,16:00-16:30,76.77983571428513
2025-07-16,18:20-18:30,4.338988095238051
2025-07-16,20:00-20:20,68.19137380952361
2025-07-17,01:20-01:30,0.8492304623742029
2025-07-17,09:20-09:40,66.26985000000018
2025-07-17,14:00-14:40,292.16622395238187
2025-07-17,15:30-15:40,2.2524761904755906
2025-07-17,16:10-17:00,325.39258333333316
2025-07-17,20:30-20:40,5.75782619047618
2025-07-18,无,0.0
2025-07-19,无,0.0
2025-07-20,06:30-06:50,69.43681190476099
2025-07-20,07:00-07:30,48.53426904761943
2025-07-20,20:30-20:50,30.173426190475993
2025-07-21,07:50-08:00,12.414947619046984
2025-07-21,08:20-08:30,19.257076190476198
2025-07-21,09:10-09:40,234.50549761904801
2025-07-21,15:40-16:10,110.89535714285728
2025-07-21,17:20-17:30,21.740416666666874
2025-07-21,17:50-18:00,17.451547619047687
2025-07-21,18:40-18:50,0.30439761904744955
2025-07-21,20:30-20:40,5.788428571428653
2025-07-22,05:50-06:10,18.3578071428567
2025-07-22,13:30-14:20,446.88355238095176
2025-07-22,14:30-14:50,111.98050000000168
2025-07-22,16:20-16:30,20.515238095238487
2025-07-22,19:50-20:00,27.00142857142862
2025-07-23,06:20-06:30,2.568985714286896
2025-07-23,06:50-07:30,222.10577857142715
2025-07-23,07:40-08:40,304.3930499999991
2025-07-23,08:50-09:00,28.955604761904652
2025-07-23,13:20-13:30,0.8929840952383525
2025-07-23,14:20-15:00,178.25940000000097
2025-07-23,15:30-16:00,161.05080000000066
2025-07-23,16:50-17:00,29.35255952380942
2025-07-23,18:00-18:20,19.899959523809343
2025-07-24,05:50-06:10,53.83154285714204
2025-07-24,13:00-14:10,543.779790476191
2025-07-24,15:20-15:30,1.597916666666265
2025-07-24,15:50-17:10,292.8157928571442
2025-07-24,17:50-18:10,31.42074285714307
2025-07-25,无,0.0
2025-07-26,无,0.0
2025-07-27,01:20-01:40,75.83023428571389
2025-07-27,06:00-06:40,112.15097142857155
2025-07-27,07:10-09:20,1290.7654857142861
2025-07-27,16:30-16:50,18.13902619047633
2025-07-27,18:40-18:50,18.874442857142753
2025-07-28,08:20-10:30,910.5816904761895
2025-07-28,13:10-13:30,7.800517459516777
2025-07-28,13:50-15:00,1058.6545833333334
2025-07-28,15:30-15:50,52.98963095238082
2025-07-28,16:00-17:20,347.30946904761925
2025-07-28,17:30-17:50,122.6645023809524
2025-07-28,18:10-18:20,0.7052166666663879
2025-07-28,19:00-19:10,50.004148564291654
2025-07-28,20:10-20:20,3.7681166666667423
2025-07-29,01:50-02:00,51.38874116666614
2025-07-29,10:00-11:00,251.46837895237834
2025-07-29,13:40-14:50,642.6222826826257
2025-07-29,16:30-17:00,107.94593095238099
2025-07-29,18:00-18:10,12.005528571428613
2025-07-29,18:40-19:30,142.47480952381113
2025-07-29,20:30-20:50,58.2039833333331
2025-07-30,01:40-01:50,3.7873547619045667
2025-07-30,04:20-04:30,10.743833738098306
2025-07-30,08:10-09:10,363.33046904761704
2025-07-30,09:40-10:00,45.3428918095241
2025-07-30,15:20-15:40,99.37761666666677
2025-07-30,16:00-16:20,88.90764999999953
2025-07-30,17:00-17:20,14.295040476190934
2025-07-30,17:30-17:40,5.980383333333521
2025-07-30,18:00-18:20,45.09586428571413
2025-07-30,18:30-18:50,67.84233571428581
2025-07-30,19:40-19:50,16.288197619047537
2025-07-30,20:10-20:20,6.8066642857145325
2025-07-31,02:20-02:30,52.01957195238108
2025-07-31,13:40-14:40,212.18954492444192
2025-07-31,15:20-15:50,95.1173642857143
2025-07-31,17:10-17:40,137.64627380952345
2025-07-31,18:30-18:40,34.622664285714336
2025-07-31,19:10-19:20,32.01629761904769
2025-07-31,19:40-20:20,56.42784047619057
2025-07-31,20:30-20:40,11.342859523809352
2025-08-01,无,0.0
2025-08-02,无,0.0
2025-08-03,00:00-00:10,0.8111857142857843
2025-08-03,00:40-00:50,35.530745238095506
2025-08-03,01:00-01:10,9.897273809523995
2025-08-03,05:50-06:00,32.92267857142815
2025-08-03,17:50-18:00,13.367440476190268
2025-08-03,18:50-20:00,232.5523500000014
2025-08-03,21:40-22:50,264.4981410476183
2025-08-04,05:50-06:00,18.052916666666647
2025-08-04,17:00-17:20,77.46793333333358
2025-08-04,18:40-18:50,6.4888166666667075
2025-08-05,01:10-01:20,17.97050476190475
2025-08-05,05:50-06:00,8.994226190476297
2025-08-05,17:50-18:00,21.62035714285696
2025-08-05,19:00-19:10,0.12980238095303775
2025-08-05,20:00-20:20,13.378352380952492
2025-08-06,01:10-01:20,9.821364285714367
2025-08-06,14:10-15:10,732.3568404761908
2025-08-06,15:20-16:30,434.14197619047616
2025-08-06,17:40-18:40,107.75657380952362
2025-08-07,01:50-02:00,35.69833333333327
2025-08-07,02:20-02:40,46.07004285714288
2025-08-07,07:30-08:00,73.86177142856889
2025-08-07,18:20-18:40,10.000369047618847
2025-08-07,19:20-19:40,41.67960238095213
2025-08-07,20:00-20:20,55.654340476190555
2025-08-08,无,0.0
2025-08-09,无,0.0
2025-08-10,15:50-16:00,29.305297619047337
2025-08-10,16:30-17:00,100.97737857142965
2025-08-10,17:10-17:40,83.3323833333335
2025-08-10,19:10-19:30,37.590607142856925
2025-08-10,20:10-20:20,3.9758738095238186
2025-08-10,20:30-20:50,84.4019119047615
2025-08-11,01:10-01:20,24.28593809523818
2025-08-11,01:40-01:50,18.136490476190374
2025-08-11,02:20-02:30,12.956428571428546
2025-08-11,09:10-09:30,101.34980528572028
2025-08-11,15:20-15:30,7.622023809523739
2025-08-11,17:40-18:00,24.657402380952476
2025-08-11,18:10-18:30,35.969433333333086
2025-08-11,18:50-19:40,130.72670952381122
2025-08-11,20:00-20:20,9.610804761904546
2025-08-11,20:30-20:40,0.6424071428571096
2025-08-12,03:30-03:50,9.65310814285733
2025-08-12,14:20-15:10,328.45317619047717
2025-08-12,15:20-16:50,380.74061428571474
2025-08-12,17:20-18:00,131.1730571428568
2025-08-12,18:20-20:00,206.66212380952572
2025-08-13,02:40-03:00,45.342781952380115
2025-08-13,05:50-06:10,58.08851428571427
2025-08-13,14:00-14:20,60.318016309520864
2025-08-13,17:30-17:50,101.40878571428584
2025-08-13,18:00-18:20,19.668707142856874
2025-08-13,18:30-18:50,28.153692857142573
2025-08-13,20:30-20:50,33.246699999999805
2025-08-14,05:50-07:10,293.6632309523812
2025-08-14,07:30-08:20,417.1545071428558
2025-08-14,08:30-09:00,265.4772714285706
2025-08-14,16:10-16:30,38.23909761904747
2025-08-14,16:50-18:00,205.6741500000004
2025-08-14,18:20-18:30,8.866547619047651
2025-08-14,19:00-19:20,23.684676190477717
2025-08-14,19:40-20:00,13.942461904762126
2025-08-14,20:30-20:50,82.32710714285713
2025-08-15,无,0.0
2025-08-16,无,0.0
2025-08-17,06:10-06:20,16.457585714286324
2025-08-17,06:50-07:30,212.75205238095162
2025-08-17,16:00-16:10,38.324404761904816
2025-08-17,17:00-17:20,31.328359523809922
2025-08-17,17:40-17:50,0.47366428571444885
2025-08-17,18:20-18:40,60.25789285714279
2025-08-17,19:00-19:50,128.87898571428718
2025-08-18,01:40-02:00,12.193561904761623
2025-08-18,02:50-03:00,6.36333333333323
2025-08-18,05:50-06:20,111.99089523809346
2025-08-18,08:40-08:50,28.591861904760947
2025-08-18,09:00-09:10,38.82809761904796
2025-08-18,14:20-14:30,8.03125
2025-08-18,14:50-15:00,5.606361904760561
2025-08-18,16:20-16:30,34.25428571428529
2025-08-18,16:50-17:00,50.19994047619025
2025-08-18,17:10-17:40,145.40770238095274
2025-08-18,18:00-18:10,6.652411904761834
2025-08-18,19:00-19:10,11.73729523809584
2025-08-18,19:50-20:00,56.90095238095262
2025-08-18,20:30-20:40,15.155578571428805
2025-08-19,01:50-02:00,82.27161233333516
2025-08-19,02:20-02:30,22.389523809523666
2025-08-19,14:40-15:10,171.38690238095361
2025-08-19,15:40-16:00,99.02591666666717
2025-08-19,18:20-18:30,25.47482142857143
2025-08-19,19:20-20:20,215.38844999999935
2025-08-20,06:10-09:30,2021.6723833333303
2025-08-20,14:10-15:00,498.8200166666669
2025-08-20,15:20-15:40,45.08388095238104
2025-08-20,16:20-16:40,106.65448809523798
2025-08-20,16:50-17:20,62.59604047619041
2025-08-20,17:50-18:10,114.39711428571434
2025-08-20,19:00-19:20,1513.289246333337
2025-08-20,19:50-20:20,59.63418571428565
2025-08-21,14:10-14:40,93.73538095238146
2025-08-21,15:20-15:30,58.80523809523788
2025-08-21,16:00-16:10,10.623566666666648
2025-08-21,18:00-18:20,151.23358571428548
2025-08-21,18:40-18:50,4.521433333333562
2025-08-21,20:30-20:40,0.6783952380953906
2025-08-22,无,0.0
2025-08-23,无,0.0
2025-08-24,01:00-01:20,52.16804492857195
2025-08-24,06:10-06:20,28.816283333334695
2025-08-24,06:30-07:10,59.29846190476155
2025-08-24,07:40-07:50,25.761402380951694
2025-08-24,08:10-08:20,4.101361904761461
2025-08-24,14:40-15:10,73.92739523809678
2025-08-24,15:20-15:40,95.26890000000026
2025-08-24,15:50-17:30,212.71820952380983
2025-08-24,17:50-18:50,106.4246642857147
2025-08-24,19:40-19:50,1.67875714285708
2025-08-24,20:40-20:50,3.997638095237903
2025-08-25,01:10-01:20,20.789404761904848
2025-08-25,06:10-06:50,137.82383333333365
2025-08-25,07:00-07:30,120.93835952380903
2025-08-25,07:50-08:10,27.91162142857155
2025-08-25,14:00-15:10,975.3600047619044
2025-08-25,15:20-17:10,817.7006809523801
2025-08-25,17:40-17:50,26.646500000000287
2025-08-26,01:10-01:20,15.35610952380955
2025-08-26,15:40-15:50,1.9416976190473179
2025-08-26,16:00-16:20,84.48573095238112
2025-08-26,16:30-17:20,197.69023571428465
2025-08-26,19:40-20:10,28.487285714285804
2025-08-27,01:10-01:20,11.867002380952272
2025-08-27,05:50-06:10,31.470192857142706
2025-08-27,15:30-16:00,137.4590166666668
2025-08-27,16:10-16:50,108.74459761904814
2025-08-27,17:10-17:50,28.327157142856663
2025-08-27,18:20-19:00,63.19370476190454
2025-08-27,20:00-20:10,0.7375285714285837
2025-08-28,02:00-02:10,1.7250662551418827
2025-08-28,02:40-02:50,13.089699999999766
2025-08-28,03:10-03:30,11.133386761906104
2025-08-28,05:50-06:00,34.963511904761845
2025-08-28,09:30-11:10,388.1419783095226
2025-08-28,14:20-15:00,392.98775
2025-08-28,17:00-17:30,113.82566190476189
2025-08-28,18:20-18:30,3.769047619047683
2025-08-28,18:40-19:00,19.218716666666637
2025-08-28,19:50-20:10,72.44134999999983
2025-08-29,无,0.0
2025-08-30,无,0.0
2025-08-31,05:50-06:00,10.570535714285597
2025-08-31,15:30-15:50,56.78467857142857
2025-08-31,18:00-18:20,47.6361071428571
2025-08-31,20:10-20:20,22.384357142857084
2025-08-31,20:30-20:50,27.050747619048025
2025-09-01,无,0.0
2025-09-02,无,0.0
2025-09-03,15:30-16:00,87.53993333333347
2025-09-04,15:50-16:10,83.43820952380975
2025-09-04,16:40-16:50,15.788921428571257
2025-09-05,无,0.0
2025-09-06,无,0.0
2025-09-07,17:30-17:50,30.947695238095093
2025-09-07,18:40-18:50,19.37241904761936
2025-09-08,01:10-01:20,18.17765476190482
2025-09-08,03:40-04:10,12.69028502380811
2025-09-08,04:30-05:20,160.76748811904878
2025-09-08,05:50-06:10,10.228128571426168
2025-09-08,14:10-17:00,1653.2872343915344
2025-09-08,17:30-18:00,107.942061904762
2025-09-08,18:20-18:40,42.86508095238105
2025-09-08,19:00-19:10,515.9273734761884
2025-09-09,01:40-02:00,21.063169047619
2025-09-09,02:20-03:20,68.27973095238133
2025-09-09,04:00-05:00,93.19941904761853
2025-09-09,14:30-15:10,176.34011428571398
2025-09-09,15:20-15:40,112.76928809523793
2025-09-09,16:00-16:50,181.1788785714284
2025-09-09,17:30-18:40,158.5860142857141
2025-09-09,19:10-19:40,56.89301428571457
2025-09-09,20:10-20:20,9.099616666666634
2025-09-10,01:10-01:20,6.568797619047473
2025-09-10,01:40-01:50,34.438257142857196
2025-09-10,02:20-02:30,6.30142857142846
2025-09-10,03:30-03:50,39.732614285714476
2025-09-10,04:40-04:50,5.953304761904747
2025-09-10,05:50-06:00,66.46902097619056
2025-09-10,06:10-06:40,93.67010238095133
2025-09-10,06:50-09:40,1281.6808142857121
2025-09-10,13:50-15:10,526.0605476190481
2025-09-10,15:50-16:00,2.1074404761905043
2025-09-10,17:10-17:30,56.379576190476314
2025-09-10,18:40-19:40,938.58450835715
2025-09-10,20:10-20:20,3.6414499999998498
2025-09-10,21:30-21:50,37.23939661904753
2025-09-11,01:50-02:00,27.54452380952364
2025-09-11,02:20-02:50,41.10606666666649
2025-09-11,03:10-03:30,12.872800000000439
2025-09-11,04:10-04:30,10.297423785718479
2025-09-11,05:00-05:10,1.3497270714291973
2025-09-11,16:40-17:00,40.4051738095236
2025-09-11,17:20-17:30,41.28761904761893
2025-09-11,18:00-18:30,101.20630238095214
2025-09-11,19:10-19:20,6.127469047618661
2025-09-11,19:50-20:00,6.071666666666715
2025-09-11,20:40-21:30,43.57701428571352
2025-09-11,22:30-22:40,10.178068166666591
2025-09-12,无,0.0
2025-09-13,无,0.0
2025-09-14,00:00-00:10,32.50575952380939
2025-09-14,00:40-00:50,8.204469047619
2025-09-14,09:10-09:20,9.621445238094921
2025-09-14,14:40-15:00,85.30489999999998
2025-09-14,15:50-16:00,8.537261904761976
2025-09-14,16:50-17:20,41.54220000000009
2025-09-14,18:00-18:40,58.98916428571431
2025-09-14,19:00-19:20,541.0184347380979
2025-09-14,19:50-20:10,44.0932595238105
2025-09-14,20:50-21:00,35.716807142856624
2025-09-14,23:10-23:40,102.83946828571396
2025-09-15,01:40-02:00,35.02227857142839
2025-09-15,03:20-04:00,13.437562761902154
2025-09-15,05:50-08:00,331.4086190476205
2025-09-15,15:00-15:10,45.51688571428758
2025-09-15,17:30-18:10,84.62970238095272
2025-09-15,18:40-19:10,88.47098809523754
2025-09-15,19:40-20:00,47.31872142857094
2025-09-16,01:50-02:00,20.214285714285666
2025-09-16,02:20-03:20,180.76362619047575
2025-09-16,03:40-04:50,150.10842857142814
2025-09-16,05:20-05:30,9.699047619047633
2025-09-16,05:50-06:00,42.20970888095262
2025-09-16,14:30-15:10,121.37730238095119
2025-09-16,15:20-15:40,65.37322380952344
2025-09-16,16:50-17:00,19.75934523809474
2025-09-16,17:20-18:00,40.167690476190955
2025-09-16,18:30-18:50,50.1054190476184
2025-09-16,19:00-19:50,160.49646190476108
2025-09-16,20:40-20:50,5.457802380951875
2025-09-16,22:30-22:40,9.58302257142859
2025-09-16,23:10-24:00,152.89031014285723
2025-09-17,01:10-01:20,12.583576190475924
2025-09-17,02:40-03:00,23.15600214285589
2025-09-17,03:20-03:30,13.62804838095194
2025-09-17,05:50-06:00,30.605059523809473
2025-09-17,09:20-09:40,68.88454761904606
2025-09-17,09:50-10:00,6.29416666666657
2025-09-17,14:40-15:00,37.07515000000001
2025-09-17,15:50-16:00,24.335833333333426
2025-09-17,16:20-16:40,63.587299999999686
2025-09-17,17:20-17:40,53.399840476190775
2025-09-17,18:40-19:30,82.95545714285777
2025-09-17,23:50-24:00,6.257626238094394
2025-09-18,06:00-06:20,29.70425714285659
2025-09-18,14:30-14:40,0.14251666666655183
2025-09-18,16:00-16:20,54.19252380952332
2025-09-18,16:50-17:00,18.830892857142885
2025-09-18,18:00-18:30,70.0712476190472
2025-09-18,18:50-19:10,49.16111666666745
2025-09-18,19:30-19:50,81.1941928571415
2025-09-18,20:30-21:00,55.26169285714343
2025-09-18,21:30-21:50,50.60557809523823
2025-09-18,22:20-22:30,8.905019047618975
2025-09-19,无,0.0
2025-09-20,无,0.0
2025-09-21,00:40-00:50,1.5625516428568282
2025-09-21,06:00-06:30,22.9537071428565
2025-09-21,16:00-16:20,31.489388095238155
2025-09-21,16:40-17:20,141.17195476190443
2025-09-21,18:00-18:10,6.584176190476001
2025-09-21,18:30-19:00,90.89310238095254
2025-09-22,01:40-02:00,19.075359523809652
2025-09-22,02:30-03:00,30.18720714285689
2025-09-22,03:20-03:40,29.006847619047903
2025-09-22,04:00-04:20,29.888907142857306
2025-09-22,05:10-05:20,9.055899119048126
2025-09-22,06:10-06:20,0.5586666666661131
2025-09-22,15:30-16:00,43.3890738095231
2025-09-22,16:10-16:40,204.14791904761842
2025-09-22,17:00-17:20,95.34361666666723
2025-09-22,17:50-18:00,0.1423809523807904
2025-09-22,19:40-20:00,19.555899999999838
2025-09-22,21:50-22:00,26.056195404763276
2025-09-22,23:20-23:30,19.168232547619116
2025-09-23,02:20-02:30,6.145714285714462
2025-09-23,06:20-06:30,6.930899999999042
2025-09-23,07:00-07:30,20.98624285714243
2025-09-23,07:40-07:50,14.573142857142898
2025-09-23,14:20-15:10,424.9618785714299
2025-09-23,15:20-15:30,5.445476190475915
2025-09-23,15:50-16:50,189.24001190476235
2025-09-23,17:00-17:20,21.632400000000416
2025-09-23,17:30-17:40,10.553190476190593
2025-09-23,18:10-18:50,88.1880857142861
2025-09-23,19:20-19:30,20.25563333333332
2025-09-23,20:10-20:30,22.27117619047567
2025-09-23,20:50-21:10,52.574250000000326
2025-09-24,01:10-01:20,0.8697595238094209
2025-09-24,02:20-02:30,18.49404761904748
2025-09-24,02:50-03:50,85.90168571428558
2025-09-24,04:30-05:00,37.73880716666524
2025-09-24,05:10-05:20,12.386887238095914
2025-09-24,06:30-08:00,240.1916499999994
2025-09-24,08:20-08:30,15.503447619047336
2025-09-25,01:10-01:20,24.004988095238105
2025-09-25,02:50-03:20,24.878985214283055
2025-09-25,07:20-07:30,0.6989809523800545
2025-09-25,15:30-16:00,83.4059261904764
2025-09-25,16:30-16:40,18.1574190476191
2025-09-25,17:50-18:00,12.087380952380954
2025-09-25,18:30-19:00,123.50377619047606
2025-09-26,无,0.0
2025-09-27,无,0.0
2025-09-28,05:50-06:00,8.59595238095244
2025-09-28,14:10-14:30,62.29791666666665
2025-09-28,17:20-17:50,106.84865238095313
2025-09-28,19:20-19:40,24.724209523810487
2025-09-29,05:50-06:20,80.02315238095218
2025-09-29,17:00-17:10,5.494849999999815
2025-09-29,17:50-18:00,1.4064285714287053
2025-09-29,18:30-19:00,50.33411904761897
2025-09-29,20:30-20:40,5.620383333333393
2025-09-30,01:10-01:20,11.64571190476181
2025-09-30,04:40-05:00,26.525006452378555
2025-09-30,09:10-09:30,98.63074285714164
2025-09-30,13:50-15:10,313.42320476190446
2025-09-30,15:20-16:20,181.51800238095257
2025-09-30,17:40-18:10,42.400559523809534
2025-09-30,18:20-18:30,3.699761904761772
2025-09-30,20:00-20:20,44.35595000000001
2025-09-30,20:40-20:50,12.134366666666665
2025-10-01,05:50-06:00,7.164523809523985
2025-10-02,01:20-01:30,28.860062642856427
2025-10-02,02:20-02:40,28.236554761904586
2025-10-02,05:50-06:00,15.405952380952499
2025-10-03,无,0.0
2025-10-04,无,0.0
2025-10-05,01:00-01:20,47.18580571428631
2025-10-06,06:30-06:40,2.190650000000346
2025-10-06,15:30-15:50,12.62702142857188
2025-10-06,16:00-16:30,61.319042857143245
2025-10-06,16:40-17:10,59.29474999999957
2025-10-06,17:20-17:30,3.1257738095237073
2025-10-06,17:50-18:00,1.4609523809523353
2025-10-07,01:10-01:20,15.047304761904797
2025-10-07,01:50-02:00,4.122142857142876
2025-10-07,02:40-03:00,3.7671276904764905
2025-10-07,08:30-09:30,284.70132142857034
2025-10-07,15:20-16:00,105.31253333333325
2025-10-07,16:50-17:00,3.773095238095266
2025-10-08,06:00-06:10,3.545564285714363
2025-10-08,06:20-08:20,385.85054047619155
2025-10-08,15:30-16:00,10.883711904761412
2025-10-08,17:00-17:20,8.463207142857414
2025-10-08,17:40-18:20,81.06550000000072
2025-10-08,19:00-19:10,0.7281738095248329
2025-10-08,20:00-20:30,18.13642380952274
2025-10-09,01:10-01:20,14.141985714285852
2025-10-09,06:10-06:20,0.989085714287171
2025-10-09,07:20-08:10,134.39439047618987
2025-10-09,08:20-08:40,33.56434285714363
2025-10-09,14:40-14:50,8.424923809523555
2025-10-09,15:00-15:10,13.621345238094772
2025-10-09,15:40-15:50,15.24366666666674
2025-10-09,16:20-16:50,69.18609761904781
2025-10-09,17:10-17:30,19.685892857142335
2025-10-09,17:40-18:10,67.59181428571401
2025-10-09,18:40-19:00,29.828966666666133
2025-10-09,19:20-19:30,16.7266976190474
2025-10-09,20:50-21:00,23.898983333333103
2025-10-10,无,0.0
2025-10-11,无,0.0
2025-10-12,06:00-06:20,53.76448571428682
2025-10-12,14:30-14:50,36.83936428571481
2025-10-12,16:00-16:20,8.906916666666916
2025-10-12,16:40-17:00,20.70948571428528
2025-10-12,17:20-17:30,6.79934523809527
2025-10-12,18:00-18:20,68.75612142857142
2025-10-12,18:50-19:20,46.84652857142828
2025-10-12,19:50-20:10,49.1573333333331
2025-10-13,05:50-06:00,16.925952380952367
2025-10-13,14:30-15:00,132.581754761904
2025-10-13,15:50-16:00,9.966845238095516
2025-10-13,16:30-17:00,45.31235476190466
2025-10-13,17:50-18:00,7.209761904761763
2025-10-13,18:30-18:40,3.291083333333404
2025-10-13,19:30-20:00,69.83864523809336
2025-10-13,20:20-20:30,10.218454761904354
2025-10-13,21:40-22:00,24.740796880952484
2025-10-14,01:10-01:20,0.6176857142858125
2025-10-14,07:30-09:40,489.69512857142763
2025-10-14,14:40-15:10,218.94507280804322
2025-10-14,15:20-17:00,349.9061142857141
2025-10-14,18:00-18:20,19.40628333333325
2025-10-14,18:30-18:40,5.588352380952301
2025-10-14,18:50-19:20,207.43062407291245
2025-10-15,01:10-01:20,1.903354761904552
2025-10-15,01:50-02:00,4.674523809523862
2025-10-15,02:20-03:10,55.15017988095271
2025-10-15,04:10-04:20,20.561286761903034
2025-10-15,14:00-15:10,552.9780466176544
2025-10-15,15:30-15:40,3.499578571428856
2025-10-15,16:20-16:30,34.664821428571486
2025-10-15,17:00-17:10,10.126054761904697
2025-10-15,17:30-17:50,32.73028571428608
2025-10-15,18:40-19:10,667.2837539537761
2025-10-16,01:10-01:20,3.5194333333333816
2025-10-16,02:20-02:50,41.71163095238103
2025-10-16,07:50-09:10,208.00200714285708
2025-10-16,14:10-15:10,965.339402785715
2025-10-16,15:20-17:00,580.702507142857
2025-10-16,17:20-17:30,22.34398809523816
2025-10-16,18:00-19:00,118.11710964285794
2025-10-16,20:00-20:10,1.057245238094879
2025-10-17,无,0.0
2025-10-18,无,0.0
2025-10-19,01:10-01:20,3.581867904762589
2025-10-19,05:50-06:10,17.306240476190396
2025-10-19,06:20-06:40,36.24623571428492
2025-10-19,14:10-15:10,486.2866996150099
2025-10-19,15:20-16:40,535.6419547619048
2025-10-19,17:00-17:40,50.662054761904756
2025-10-19,18:00-19:20,190.34575720649025
2025-10-20,06:00-06:20,13.251492857142807
2025-10-20,08:30-10:10,887.8110715714298
2025-10-20,17:20-17:30,6.7511904761905726
2025-10-20,18:20-18:40,28.614976190475886
2025-10-20,19:00-19:20,24.264016666665043
2025-10-20,19:30-19:50,0.9787452380951436
2025-10-20,20:10-20:40,17.20114761904688
2025-10-20,23:40-24:00,31.90267845238127
2025-10-21,05:50-06:00,39.29785714285708
2025-10-21,06:50-07:30,45.56806428571309
2025-10-21,09:10-10:10,289.97601545238024
2025-10-21,13:50-14:50,554.7774112857139
2025-10-21,16:50-17:00,2.013988095237778
2025-10-21,17:30-18:00,34.836302380952475
2025-10-22,01:40-01:50,16.581780952380882
2025-10-22,05:50-06:10,26.68837619047565
2025-10-22,08:40-10:20,1081.8089724047622
2025-10-22,15:40-15:50,7.335183333333362
2025-10-22,17:00-17:10,0.10117619047605331
2025-10-22,17:30-18:50,132.07581190476185
2025-10-23,06:00-06:20,4.806138095237543
2025-10-23,06:30-07:00,70.2503928571428
2025-10-23,17:00-17:20,45.15843809523767
2025-10-23,17:40-18:00,22.751211904762044
2025-10-24,无,0.0
2025-10-25,无,0.0
2025-10-26,00:00-00:10,21.176599999999894
2025-10-26,00:40-01:00,7.8974392142853045
2025-10-26,06:00-06:30,37.368819047618786
2025-10-26,17:00-18:00,89.97949523809541
2025-10-26,18:20-18:30,6.538809523809505
2025-10-27,01:50-02:00,6.788041785716405
2025-10-27,05:50-06:20,65.36384047618947
2025-10-27,15:20-16:30,320.9212714285712
2025-10-27,16:40-17:10,38.027511904761695
2025-10-27,18:30-18:50,32.80033571428578
2025-10-27,19:50-20:00,5.2174547619063105
2025-10-28,01:10-01:20,7.87131666666653
2025-10-28,02:50-03:10,22.235207976189166
2025-10-28,15:20-15:40,16.896242857143307
2025-10-28,16:00-16:20,35.36936190476183
2025-10-28,16:50-17:00,8.702261904762167
2025-10-28,18:40-18:50,9.503545238095398
2025-10-29,09:40-10:30,263.9881421428591
2025-10-29,13:40-15:00,924.7385949761897
2025-10-29,15:50-16:00,7.396071428571304
2025-10-29,17:20-17:40,15.110326190476144
2025-10-29,18:40-19:00,42.25974999999971
2025-10-30,06:00-06:10,15.59546428571366
2025-10-30,06:30-06:50,29.31070952380867
2025-10-30,15:40-16:00,21.3641404761903
2025-10-30,17:20-18:00,3.1006214285711167
2025-10-30,18:20-18:40,46.75713571428571
2025-10-31,无,0.0
2025-11-01,无,0.0
2025-11-02,00:40-01:10,26.80866909523818
2025-11-02,02:10-03:10,61.11918621428458
2025-11-02,07:20-07:30,0.5965800952400055
2025-11-02,13:20-13:50,46.661814285713945
2025-11-02,18:10-18:30,12.296021428571521
2025-11-02,18:50-19:50,90.465421428573
2025-11-02,20:20-20:40,12.188419047617003
2025-11-03,02:20-02:30,18.71512545238361
2025-11-03,17:00-17:10,3.340771428571202
2025-11-03,17:40-18:10,37.69743809523811
2025-11-04,05:50-06:40,98.8231023809517
2025-11-04,17:10-17:50,39.1806714285716
2025-11-04,18:00-18:20,6.582242857142887
2025-11-04,18:40-19:30,54.974311904761294
2025-11-04,20:00-20:30,28.75664285714231
2025-11-05,01:10-01:20,21.367152380952575
2025-11-05,06:30-07:10,54.757642857143196
2025-11-05,15:30-15:50,29.523911904761917
2025-11-05,16:30-16:50,54.59109523809548
2025-11-05,17:10-17:20,4.133042857142868
2025-11-05,17:50-18:10,28.226595238095115
2025-11-05,18:40-18:50,6.994085714285802
2025-11-06,01:40-02:00,32.461495238095154
2025-11-06,07:50-10:40,682.1221054761907
2025-11-06,13:50-14:10,7.844816666666702
2025-11-06,17:30-17:50,37.21757857142859
2025-11-06,18:50-19:00,10.405714285714112
2025-11-07,无,0.0
2025-11-08,无,0.0
2025-11-09,14:30-15:00,319.0951333333338
2025-11-09,15:20-15:50,64.02135238095298
2025-11-09,16:00-16:20,14.349088095237676
2025-11-09,16:50-17:00,4.721845238094943
2025-11-09,17:20-17:30,7.218571428571522
2025-11-09,18:30-18:50,3.649173809523859
2025-11-10,01:10-01:20,0.29491666666672245
2025-11-10,01:50-02:00,16.498571428571267
2025-11-10,08:20-09:00,116.25945973809735
2025-11-10,14:30-15:00,130.65908333333385
2025-11-10,15:20-16:50,289.7938119047617
2025-11-10,17:00-17:10,9.863550000000146
2025-11-10,18:00-18:20,44.79999047619026
2025-11-10,18:30-18:50,19.123635714286024
2025-11-10,19:20-19:30,9.869571428571021
2025-11-10,19:50-20:20,18.86343095238078
2025-11-11,01:40-02:00,20.292088095237887
2025-11-11,15:20-16:10,64.54414205821882
2025-11-11,16:20-16:50,22.41767142857168
2025-11-11,17:50-18:00,2.309285714286034
2025-11-12,06:10-06:30,34.01751904761932
2025-11-12,13:30-14:10,166.1137738095229
2025-11-12,14:20-14:30,3.7293333333334147
2025-11-12,16:40-17:00,34.91592857142882
2025-11-12,17:20-17:30,2.9457142857140752
2025-11-12,18:20-18:30,5.500714285714253
2025-11-13,01:50-02:00,1.0120061190481007
2025-11-13,02:20-02:30,4.372857142857242
2025-11-13,02:50-03:10,19.4028721666672
2025-11-13,06:00-06:10,10.675773809523548
2025-11-13,13:20-15:00,392.1391380952372
2025-11-13,16:30-17:00,19.694635714286164
2025-11-13,17:10-17:40,31.36314761904805
2025-11-13,18:50-19:10,37.885228571427774
2025-11-14,无,0.0
2025-11-15,无,0.0
2025-11-16,00:00-00:10,7.428219047618882
2025-11-16,00:40-01:00,33.64579642857236
2025-11-16,05:50-06:10,30.709478571428917
2025-11-16,06:30-06:40,2.74073333333331
2025-11-16,10:30-11:00,176.684801142856
2025-11-16,16:10-16:20,3.6921809523810225
2025-11-16,16:40-17:00,60.64767142857124
2025-11-16,17:40-18:00,40.4482738095237
2025-11-17,01:10-01:20,4.98375714285703
2025-11-17,01:40-02:00,25.7761880952379
2025-11-17,16:30-17:00,16.975880952380976
2025-11-17,19:00-19:20,2.960742857143032
2025-11-18,01:10-01:20,16.25513571428587
2025-11-18,06:00-06:10,4.460038095238247
2025-11-18,13:00-13:10,4.708873809523766
2025-11-18,13:50-15:00,238.92089761904666
2025-11-18,16:00-16:30,43.633742857142806
2025-11-18,19:00-19:10,2.3868095238092337
2025-11-19,01:40-01:50,10.137295238095135
2025-11-19,02:20-02:30,15.784523809523876
2025-11-19,03:20-03:30,1.890925190475036
2025-11-19,03:40-04:00,13.917789738095507
2025-11-19,05:50-06:00,34.99357142857184
2025-11-19,09:10-10:00,131.75852488095174
2025-11-19,10:10-10:30,64.85418095238046
2025-11-19,16:20-16:30,23.171726190476193
2025-11-19,18:00-18:20,16.906738095237984
2025-11-20,13:00-13:20,101.9107476190485
2025-11-20,13:30-14:40,157.60009523809444
2025-11-20,15:30-15:40,5.122507142856989
2025-11-20,16:50-17:00,34.271309523809464
2025-11-20,17:20-17:40,11.737233333333506
2025-11-20,18:00-18:20,34.68268809523806
2025-11-20,18:50-19:10,16.284130952380565
2025-11-21,无,0.0
2025-11-22,无,0.0
2025-11-23,00:40-00:50,21.511745238095045
2025-11-23,08:10-08:30,37.942109190475094
2025-11-23,09:50-11:00,255.67466666666672
2025-11-23,17:00-17:20,18.93785000000014
2025-11-23,18:00-18:30,70.42095476190491
2025-11-23,18:50-19:00,11.26476190476194
2025-11-24,01:10-01:20,10.059859523809678
2025-11-24,05:50-06:20,64.923085714286
2025-11-24,13:10-13:30,52.99099047619063
2025-11-24,15:40-16:10,33.66971904761908
2025-11-24,17:30-17:40,7.305407142857348
2025-11-24,18:20-19:00,42.273035714285584
2025-11-25,02:30-02:40,10.056479714286047
2025-11-25,04:10-04:20,1.5044840952379221
2025-11-25,13:20-13:30,45.378333333333444
2025-11-25,16:30-16:50,15.14552619047629
2025-11-25,19:20-19:30,17.971247619046267
2025-11-26,05:50-06:30,114.35430714285758
2025-11-26,13:00-13:30,80.05417142857095
2025-11-26,13:50-14:10,40.282564285714045
2025-11-26,15:50-16:10,36.302835714285834
2025-11-26,18:10-18:20,7.840340476190477
2025-11-26,18:30-18:50,9.765759523809265
2025-11-27,01:40-01:50,13.468626190476243
2025-11-27,05:50-06:00,3.660238095237901
2025-11-27,13:00-13:10,2.0054166666662923
2025-11-27,13:40-13:50,8.58131904761865
2025-11-27,15:40-15:50,15.997059523809526
2025-11-27,16:00-16:30,89.5169047619055
2025-11-27,17:30-18:00,29.069264285714553
2025-11-27,18:20-18:30,16.16857142857134
2025-11-28,无,0.0
2025-11-29,无,0.0
2025-11-30,00:00-00:10,2.4613333333333003
2025-11-30,06:00-06:20,10.029011904762342
2025-11-30,06:30-07:00,63.600347619046886
2025-11-30,13:00-13:20,76.74464285714396
2025-11-30,13:30-14:10,402.6555184047609
2025-11-30,14:20-15:00,114.9340857142862
2025-11-30,15:50-16:20,44.66093333333288
2025-11-30,16:50-17:10,12.143488095238013
2025-11-30,18:50-19:30,35.660554761904905
2025-12-01,01:10-01:20,16.139909523809592
2025-12-01,01:40-02:00,84.63797142857152
2025-12-01,02:20-05:30,1313.1777809523815
2025-12-01,05:50-07:40,1516.6638055714293
2025-12-01,07:50-10:50,1698.0722356428569
2025-12-01,13:00-15:00,787.2125416904776
2025-12-01,16:20-16:50,15.25968333333401
2025-12-01,17:40-18:10,31.55546190476207
2025-12-01,18:20-18:30,2.033095238095143
2025-12-02,01:10-01:20,36.45597857142877
2025-12-02,01:40-02:00,110.70959523809518
2025-12-02,02:20-05:30,982.9475023809523
2025-12-02,05:50-07:40,1057.4446609285724
2025-12-02,07:50-11:00,2093.62895245238
2025-12-02,13:00-13:20,53.08062619047598
2025-12-02,13:30-13:50,81.06768095238101
2025-12-02,14:00-15:00,697.0107977142864
2025-12-02,15:40-16:20,99.55883571428592
2025-12-02,16:40-16:50,3.64377380952385
2025-12-02,17:00-17:30,92.32383333333325
2025-12-02,17:50-18:20,40.529726190476254
2025-12-02,18:30-19:00,115.17620035714344
2025-12-02,22:20-22:40,34.03973850000018
2025-12-03,01:10-01:20,54.04640000000006
2025-12-03,01:40-01:50,33.44415714285731
2025-12-03,02:20-05:00,491.57920952380937
2025-12-03,05:20-05:30,53.95904761904751
2025-12-03,05:50-07:40,737.6014718571428
2025-12-03,07:50-09:30,262.1586913095257
2025-12-03,09:40-09:50,21.26260714285661
2025-12-03,13:20-13:50,155.89348333333328
2025-12-03,14:00-14:10,105.81908664285984
2025-12-03,14:20-15:00,123.60830476190523
2025-12-03,15:50-16:00,12.751309523809596
2025-12-03,16:20-16:40,75.02940000000035
2025-12-03,17:40-18:20,20.552771428571873
2025-12-04,02:30-04:50,561.6743642857142
2025-12-04,05:00-05:30,65.11103333333335
2025-12-04,05:50-07:30,551.3526098095242
2025-12-04,08:00-10:10,528.6009047380951
2025-12-04,15:50-16:20,21.92902380952387
2025-12-04,16:30-16:50,34.68048809523816
2025-12-04,17:00-17:20,61.79312380952365
2025-12-04,17:30-18:00,93.01656666666645
2025-12-04,18:30-18:40,2.051647619047799
2025-12-05,无,0.0
2025-12-06,无,0.0
2025-12-07,00:40-01:00,37.4452142857142
2025-12-07,05:50-06:00,4.97261904761865
2025-12-07,16:30-16:40,5.976090476190734
2025-12-07,17:10-17:40,54.26037857142853
2025-12-07,18:00-18:50,100.79136904761856
2025-12-08,16:50-17:10,3.3561952380955518
2025-12-09,06:10-06:30,7.938326190476232
2025-12-09,07:50-08:00,32.10279761904758
2025-12-09,16:20-16:30,1.787261904761749
2025-12-09,17:00-17:50,50.9559238095236
2025-12-09,18:10-18:50,34.17076428571431
2025-12-09,19:40-19:50,9.476952380950365
2025-12-10,01:10-01:20,17.837319047619303
2025-12-10,06:00-06:20,41.944869047619136
2025-12-10,15:50-16:00,9.303571428571558
2025-12-10,16:20-16:40,17.192190476190376
2025-12-10,19:00-19:20,24.412742857141666
2025-12-11,01:40-01:50,10.505023809523891
2025-12-11,17:20-17:30,13.71380952380946
2025-12-12,无,0.0
2025-12-13,无,0.0
2025-12-14,16:30-16:40,1.0610928571427394
2025-12-14,17:10-17:30,53.20578095238079
2025-12-14,19:50-20:20,35.51400000000115
2025-12-15,01:50-02:00,4.847299071428257
2025-12-15,17:10-17:50,57.43835000000013
2025-12-15,18:50-19:00,24.90333333333342
2025-12-16,17:00-17:20,13.306230952381384
2025-12-16,17:30-17:50,2.188616666666917
2025-12-16,18:10-18:40,7.8236214285713
2025-12-17,01:10-01:20,8.84945476190478
2025-12-17,17:40-17:50,2.4273595238096277
2025-12-17,18:20-18:40,43.8692047619046
2025-12-18,01:50-02:00,24.434179190477106
2025-12-18,16:50-17:00,6.1723809523809905
2025-12-19,无,0.0
2025-12-20,无,0.0
2025-12-21,18:00-19:10,50.809078571429836
2025-12-21,19:50-20:10,61.29896666666832
2025-12-22,01:10-01:20,17.154223809523614
2025-12-22,02:20-02:40,33.7161142142877
2025-12-22,17:00-17:20,16.797745238094876
2025-12-22,17:50-18:10,10.95940238095261
2025-12-22,19:00-19:10,0.574423809524319
2025-12-22,19:40-20:30,66.77264999999966
2025-12-22,21:20-21:30,3.027479333332371
2025-12-23,17:30-17:50,26.416078571428216
2025-12-23,18:20-18:30,10.271666666666533
2025-12-24,16:00-16:10,0.20986904761912228
2025-12-24,16:50-17:00,27.51785714285711
2025-12-24,17:50-18:00,5.471428571428646
2025-12-24,18:40-19:10,34.665071428571196
2025-12-25,01:10-01:20,38.64473333333319
2025-12-25,05:50-06:20,74.66573095238061
2025-12-25,15:50-16:00,12.919404761904843
2025-12-25,17:00-17:10,3.440611904762136
2025-12-25,17:40-18:10,50.74905000000024
2025-12-26,无,0.0
2025-12-27,无,0.0
2025-12-28,00:00-00:10,26.368421428571423
2025-12-28,00:40-00:50,1.188645238095205
2025-12-28,07:50-08:20,73.91630476190528
2025-12-28,17:30-18:00,58.87980714285743
2025-12-28,18:10-18:40,51.55298809523788
2025-12-29,01:40-02:00,64.94202380952356
2025-12-29,02:50-03:00,9.087646666665226
2025-12-29,16:20-16:30,39.40101190476173
2025-12-29,16:50-17:00,18.34333333333325
2025-12-29,19:50-20:10,48.95303809523864
2025-12-30,01:40-02:00,9.561869047619098
2025-12-30,08:00-08:10,13.76026666666769
2025-12-30,09:00-09:20,98.38283809523796
2025-12-30,15:50-16:00,5.0251785714283415
2025-12-30,16:30-16:40,10.017483333333871
2025-12-30,18:10-18:50,44.81827380952427
2025-12-31,01:40-02:00,36.13239828571382
2025-12-31,05:50-06:00,9.43428571428558
2025-12-31,09:50-11:00,347.3705452380966
2025-12-31,13:40-14:10,56.251370428570254
2025-12-31,14:40-14:50,37.72206666666659
2025-12-31,16:00-16:10,11.977764285714557
2025-12-31,18:10-18:30,25.005469047619158
2025-12-31,19:20-19:30,13.455033333333176
2025-12-31,22:10-22:20,3.2727166904764546
